stt,term,reading,romaji,han_viet,meaning,type,exam_ja,exam_vi,kanji_breakdown,pitch_accent,synonyms_antonyms,card_type
1,人生,じんせい,jinsei,Nhân Sinh,Đời người - cuộc đời,Danh từ,幸せな人生を送る。,Sống một cuộc đời hạnh phúc.,人 (Nhân: người) + 生 (Sinh: sống/sinh mệnh),[1],類: 生涯 (cuộc đời) / 対: 死 (cái chết),vocab
2,人間,にんげん,ningen,Nhân Gian,Con người - nhân loại,Danh từ,人間は皆平等である。,Con người ai cũng bình đẳng.,人 (Nhân: người) + 間 (Gian: khoảng giữa/thế gian),[0],類: 人類 (nhân loại) / 人 (người),vocab
3,祖先,そせん,sosen,Tổ Tiên,Tổ tiên - tổ tông,Danh từ,人類の祖先はアフリカで生まれた。,Tổ tiên loài người sinh ra ở châu Phi.,祖 (Tổ: ông bà tổ tiên) + 先 (Tiên: trước tiên),[1],類: 先祖 (tiên tổ) / 対: 子孫 (con cháu),vocab
4,親戚,しんせき,shinseki,Thân Thích,Họ hàng - thân thích,Danh từ,お正月に親戚が集まる。,Họ hàng tập trung lại vào dịp Tết.,親 (Thân: cha mẹ/thân thiết) + 戚 (Thích: họ hàng),[0],類: 親類 (thân quyến) / 親族 (thân tộc),vocab
5,夫婦,ふうふ,fuufu,Phu Phụ,Vợ chồng,Danh từ,仲のいい夫婦だ。,Họ là cặp vợ chồng rất hòa thuận.,夫 (Phu: chồng) + 婦 (Phụ: đàn bà/vợ),[1],類: 夫妻 (phu thê / vợ chồng),vocab
6,長男,ちょうなん,chounan,Trưởng Nam,Con trai cả - trưởng nam,Danh từ,長男は大学を卒業した。,Con trai cả đã tốt nghiệp đại học.,長 (Trưởng: lớn nhất) + 男 (Nam: con trai),[1],対: 長女 (trưởng nữ) / 次男 (con thứ),vocab
7,主人,しゅじん,shujin,Chủ Nhân,Chồng mình - chủ tiệm/người chủ,Danh từ,うちの主人は会社員です。,Chồng tôi là nhân viên công ty.,主 (Chủ: làm chủ) + 人 (Nhân: người),[1],類: 夫 (chồng) / マスター (chủ quán),vocab
8,双子,ふたご,futago,Song Tử,Sinh đôi - cặp song sinh,Danh từ,彼女は双子を出産した。,Cô ấy đã sinh đôi.,双 (Song: đôi/cặp) + 子 (Tử: đứa con),[0],類: 双生児 (trẻ sinh đôi),vocab
9,迷子,まいご,maigo,Mê Tử,Trẻ lạc - lạc đường,Danh từ,デパートで迷子になった。,Tôi bị lạc ở trung tâm thương mại.,迷 (Mê: lạc lối/phân vân) + 子 (Tử: con),[1],類: 迷い子 (đứa trẻ bị lạc),vocab
10,他人,たにん,tanin,Tha Nhân,Người ngoài - người dưng,Danh từ,他人の意見に耳を傾ける。,Lắng nghe ý kiến của người khác.,他 (Tha: khác/người khác) + 人 (Nhân: người),[0],対: 自分 (bản thân) / 家族 (gia đình),vocab
11,敵,てき,teki,Địch,Kẻ thù - đối thủ,Danh từ,敵と味方に分かれて戦う。,Chia thành phe ta và phe địch để chiến đấu.,敵 (Địch: kẻ thù/đối địch),[0],対: 味方 (đồng minh/bạn bè),vocab
12,味方,みかた,mikata,Vị Phương,Bạn bè - đồng minh - đứng về phía ai,Danh từ,私はいつでもあなたの味方です。,Tôi luôn luôn đứng về phía bạn.,味 (Vị: nếm/hương vị) + 方 (Phương: hướng/người),[0],対: 敵 (kẻ thù/đối thủ),vocab
13,筆者,ひっしゃ,hissha,Bút Giả,Tác giả - người viết,Danh từ,筆者の考えに賛成する。,Tôi đồng ý với suy nghĩ của tác giả.,筆 (Bút: cây bút) + 者 (Giả: người),[1],類: 著者 (tác giả) / 作者 (tác giả),vocab
14,寿命,じゅみょう,jumyou,Thọ Mệnh,Tuổi thọ - đời thọ của đồ vật,Danh từ,日本の平均寿命は延びている。,Tuổi thọ trung bình của Nhật Bản đang tăng lên.,寿 (Thọ: sống lâu) + 命 (Mệnh: tính mạng),[0],類: 命 (sinh mạng),vocab
15,将来,しょうらい,shourai,Tương Lai,Tương lai gần - triển vọng,Danh từ,将来の夢は医者になることです。,Ước mơ tương lai là trở thành bác sĩ.,将 (Tương: sắp sửa) + 来 (Lai: đến),[1],類: 未来 (tương lai xa / thế giới mai sau),vocab
16,才能,さいのう,sainou,Tài Năng,Tài năng - năng khiếu,Danh từ,彼女は音楽の才能がある。,Cô ấy có tài năng về âm nhạc.,採/才 (Tài: tài giỏi) + 能 (Năng: khả năng),[0],類: 天才 (thiên tài) / 素質 (tố chất),vocab
17,能力,のうりょく,nouryoku,Năng Lực,Năng lực - khả năng làm việc,Danh từ,彼の語学能力は素晴らしい。,Khả năng ngôn ngữ của anh ấy thật tuyệt vời.,能 (Năng: có thể) + 力 (Lực: sức lực),[1],類: 実力 (thực lực) / 才能 (tài năng),vocab
18,長所,ちょうしょ,chousho,Trường Sở,Sở trường - điểm mạnh,Danh từ,自分の長所をアピールする。,Quảng bá thế mạnh của bản thân.,長 (Trường: dài/tốt) + 所 (Sở: nơi/điểm),[1],対: 短所 (sở đoản / điểm yếu),vocab
19,個性,こせい,kosei,Cá Tính,Cá tính - nét độc đáo riêng,Danh từ,子供の個性を伸ばす。,Phát triển cá tính của trẻ nhỏ.,個 (Cá: từng cá thể) + 性 (Tính: bản tính),[1],類: 持ち味 (nét riêng) / 特徴 (đặc trưng),vocab
20,遺伝,いでん,iden,Di Truyền,Di truyền,Danh từ / Động từ Suru,私の目はお父さんの遺伝だ。,Mắt tôi là di truyền từ bố.,遺 (Di: để lại) + 伝 (Truyền: truyền lại),[0],類: 遺伝子 (gen di truyền),vocab
21,動作,どうさ,dousa,Động Tác,Động tác - cử chỉ - hoạt động máy móc,Danh từ / Động từ Suru,優雅な動作に見とれる。,Say đắm trước những động tác thanh lịch.,動 (Động: cử động) + 作 (Tác: tạo tác/hành vi),[1],類: 身振り (cử chỉ điệu bộ) / 挙動 (hành vi),vocab
22,真似,まね,mane,Chân Tự,Bắt chước - mô phỏng,Danh từ / Động từ Suru,人の真似をするのが得意だ。,Tôi giỏi bắt chước người khác.,真 (Chân: thật) + 似 (Tự: giống nhau),[0],類: 模倣 (mô phỏng) / コピー (copy),vocab
23,睡眠,すいみん,suimin,Thụy Miên,Giấc ngủ - việc ngủ nghỉ,Danh từ,毎日8時間の睡眠をとる。,Mỗi ngày ngủ đủ 8 tiếng.,睡 (Thụy: ngủ) + 眠 (Miên: nhắm mắt ngủ),[0],類: 眠り (giấc ngủ) / 睡眠不足 (thiếu ngủ),vocab
24,食欲,しょくよく,shokuyoku,Thực Dục,Sự thèm ăn - cảm giác ngon miệng,Danh từ,風邪で食欲がない。,Bị cảm nên tôi không có cảm giác thèm ăn.,食 (Thực: ăn) + 欲 (Dục: muốn/ham muốn),[2],類: 食欲不振 (chán ăn) / 食欲旺盛 (ăn khỏe),vocab
25,外食,がいしょく,gaishoku,Ngoại Thực,Đi ăn ngoài - ăn tiệm,Danh từ / Động từ Suru,休日は外食することが多い。,Ngày nghỉ tôi hay đi ăn ngoài.,外 (Ngoại: bên ngoài) + 食 (Thực: ăn uống),[0],対: 自炊 (tự nấu ăn ở nhà),vocab
26,家事,かじ,kaji,Gia Sự,Việc nhà - nội trợ,Danh từ,夫婦で家事を分担する。,Hai vợ chồng phân chia việc nhà.,家 (Gia: gia đình/nhà) + 事 (Sự: công việc),[1],類: 炊事 (nấu nướng) / 家政 (gia chánh),vocab
27,出産,しゅっさん,shussan,Xuất Sản,Sinh con - đẻ con,Danh từ / Động từ Suru,無事に男の子を出産した。,Đã hạ sinh mẹ tròn con vuông một bé trai.,出 (Xuất: ra đời) + 産 (Sản: sinh đẻ),[0],類: 産む (sinh đẻ) / 分娩 (phân vãn),vocab
28,介護,かいご,kaigo,Giới Hộ,Chăm sóc - điều dưỡng người cao tuổi,Danh từ / Động từ Suru,高齢者の介護を担当する。,Phụ trách chăm sóc người cao tuổi.,介 (Giới: xen vào/trợ giúp) + 護 (Hộ: bảo hộ),[1],類: 世話 (chăm sóc) / 看護 (y tá hộ lý),vocab
29,共働き,ともばたらき,tomobataraki,Cộng Động,Cả hai vợ chồng cùng đi làm kiếm tiền,Danh từ,共働きの家庭が増えている。,Các gia đình cả hai vợ chồng cùng đi làm ngày càng tăng.,共 (Cộng: cùng nhau) + 働 (Động: làm việc),[0],類: 共稼ぎ (cùng kiếm tiền),vocab
30,出勤,しゅっきん,shukkin,Xuất Cần,Đi làm - có mặt tại nơi làm việc,Danh từ / Động từ Suru,毎朝8時に出勤する。,Mỗi sáng tôi đi làm lúc 8 giờ.,出 (Xuất: ra ngoài) + 勤 (Cần: cần vụ/làm việc),[0],対: 欠勤 (nghỉ làm) / 退勤 (tan làm),vocab
31,出世,しゅっせ,shusse,Xuất Thế,Thăng tiến - thành đạt trong sự nghiệp,Danh từ / Động từ Suru,同期の中で一番早く出世した。,Anh ấy thăng tiến nhanh nhất trong số những người cùng đợt.,出 (Xuất: vươn ra) + 世 (Thế: xã hội/thế gian),[0],類: 昇進 (thăng chức) / 出世頭 (người thành đạt nhất),vocab
32,地位,ちい,chii,Địa Vị,Địa vị - vị thế xã hội,Danh từ,社会的な地位を築く。,Xây dựng địa vị trong xã hội.,地 (Địa: đất/vị trí) + 位 (Vị: ngôi vị),[1],類: 身分 (thân phận) / ポジション (vị trí),vocab
33,受験,じゅけん,juken,Thụ Nghiệm,Dự thi - đi thi,Danh từ / Động từ Suru,大学受験に向けて勉強する。,Học tập hướng tới kỳ thi đại học.,受 (Thụ: nhận/chịu) + 験 (Nghiệm: kiểm tra),[0],類: 受検 (dự thi sát hạch),vocab
34,専攻,せんこう,senkou,Chuyên Công,Chuyên ngành học tập,Danh từ / Động từ Suru,大学で日本文学を専攻する。,Chuyên ngành văn học Nhật Bản tại đại học.,専 (Chuyên: chuyên môn) + 攻 (Công: nghiên cứu sâu),[0],類: 専門 (chuyên môn),vocab
35,支度,したく,shitaku,Chi Độ,Chuẩn bị - sửa soạn trang phục hành lý,Danh từ / Động từ Suru,出かける支度をする。,Sửa soạn đồ đạc để ra ngoài.,支 (Chi: chi phối/nâng đỡ) + 度 (Độ: chừng mực),[0],類: 準備 (chuẩn bị) / 用意 (chuẩn bị sẵn),vocab
36,全身,ぜんしん,zenshin,Toàn Thân,Cả người - toàn thân,Danh từ,全身全霊で取り組む。,Cống hiến toàn tâm toàn ý toàn lực.,全 (Toàn: toàn bộ) + 身 (Thân: thân thể),[0],対: 一部分 (một bộ phận),vocab
37,しわ,しわ,shiwa,Thao,Nếp nhăn - vết nhăn trên áo quần,Danh từ,洗濯物のしわを伸ばす。,Ủi phẳng nếp nhăn trên quần áo giặt.,皺 (Thao/Trứu: vết gấp nếp),[0],類: 小じわ (vết chân chim) / ひだ (nếp gấp),vocab
38,服装,ふくそう,fukusou,Phục Trang,Trang phục - quần áo diện mạo,Danh từ,面接にふさわしい服装をする。,Mặc trang phục phù hợp với buổi phỏng vấn.,服 (Phục: y phục) + 装 (Trang: trang sức/diện mạo),[0],類: 身なり (diện mạo) / 衣服 (quần áo),vocab
39,礼,れい,rei,Lễ,Lễ nghĩa - cảm ơn - cúi chào,Danh từ,お世話になった人にお礼を言う。,Nói lời cảm ơn người đã giúp đỡ mình.,礼 (Lễ: lễ phép/lễ nghi),[1],類: お礼 (lời cảm ơn) / 礼儀 (lễ nghi),vocab
40,お世辞,おせじ,oseji,Thế Từ,Khen ngợi xã giao - nịnh hót,Danh từ,お世辞でも嬉しいです。,Dù là khen đãi bôi xã giao tôi cũng thấy vui.,世 (Thế: đời) + 辞 (Từ: lời nói),[0],類: おべっか (nịnh nọt) / 社交辞令 (lời nói xã giao),vocab
41,言い訳,いいわけ,iiwake,Ngôn Dịch,Biện bạch - phân bua - viện cớ,Danh từ / Động từ Suru,失敗の言い訳をするな。,Đừng có viện cớ cho sự thất bại.,言 (Ngôn: nói) + 訳 (Dịch: lý do/giải nghĩa),[0],類: 弁解 (biện giải) / 口実 (cớ),vocab
42,話題,わだい,wadai,Thoại Đề,Chủ đề câu chuyện - đề tài nóng,Danh từ,最近話題のニュースを見る。,Xem tin tức đang là chủ đề nóng gần đây.,話 (Thoại: nói chuyện) + 題 (Đề: chủ đề),[0],類: トピック (topic) / テーマ (theme),vocab
43,秘密,ひみつ,himitsu,Bí Mật,Bí mật - điều giấu kín,Danh từ,絶対に秘密を守る。,Tuyệt đối giữ bí mật.,秘 (Bí: giấu kín) + 密 (Mật: kín đáo),[0],対: 公開 (công khai) / 暴露 (vạch trần),vocab
44,尊敬,そんけい,sonkei,Tôn Kính,Kính trọng - tôn kính,Danh từ / Động từ Suru,先生を心から尊敬している。,Từ đáy lòng tôi rất tôn kính thầy giáo.,尊 (Tôn: quý trọng) + 敬 (Kính: kính nể),[0],対: 軽蔑 (khinh miệt) / 見下す (coi thường),vocab
45,謙遜,けんそん,kenson,Khiêm Tốn,Khiêm tốn - nhún nhường,Danh từ / Động từ Suru,褒められて謙遜する。,Được khen thì khiêm tốn nhún nhường.,謙 (Khiêm: nhún nhường) + 遜 (Tốn: khiêm nhường),[0],対: 自慢 (khoe khoang) / 傲慢 (ngạo mạn),vocab
46,期待,きたい,kitai,Kỳ Đãi,Kỳ vọng - mong đợi,Danh từ / Động từ Suru,親の期待に応える。,Đáp ứng kỳ vọng của cha mẹ.,期 (Kỳ: thời kỳ/mong mỏi) + 待 (Đãi: chờ đợi),[0],類: 望み (hy vọng) / 当てにする (trông cậy vào),vocab
47,苦労,くろう,kurou,Khổ Lao,Gian khổ - vất vả - nhọc nhằn,Danh từ / Động từ Suru,母は苦労して私を育ててくれた。,Mẹ đã vất vả nuôi tôi khôn lớn.,苦 (Khổ: cay đắng) + 労 (Lao: lao lực),[1],類: 苦心 (khổ tâm lao lực) / 骨折り (vất vả),vocab
48,意志,いし,ishi,Ý Chí,Ý chí - lòng quyết tâm,Danh từ,強い意志を持って挑戦する。,Mang ý chí mạnh mẽ để đương đầu thử thách.,意 (Ý: ý nghĩ) + 志 (Chí: chí hướng),[1],類: 意欲 (ý muốn) / 志 (chí hướng),vocab
49,感情,かんじょう,kanjou,Cảm Tình,Cảm xúc - tình cảm,Danh từ,感情をコントロールする。,Kiểm soát cảm xúc của bản thân.,感 (Cảm: cảm giác) + 情 (Tình: tình cảm),[0],対: 理性 (lý trí) / 感情的 (dễ xúc động),vocab
50,〜を契機に,〜をけいきに,wo keiki ni,Khế Cơ,Nhân cơ hội - lấy cớ từ sự kiện,Mẫu ngữ pháp,法改正を契機に社内ルールを見直した。,Nhân cơ hội luật sửa đổi công ty đã rà soát lại quy định nội bộ.,契 (Khế: gắn kết) + 機 (Cơ: cơ hội),[0],類: 〜をきっかけに (nhân dịp/từ sự kiện),[grammar]
51,材料,ざいりょう,zairyou,Tài Liệu,nguyên liệu -  vật liệu,Danh từ,美味しい料理を作るために新鮮な材料を買う。,Mua nguyên liệu tươi ngon để nấu món ăn ngon.,材 (Tài: vật liệu/tài liệu) + 料 (Liệu: nguyên liệu/phí tổn),[1],連: 材料に関する / 類: nguyên liệu,vocab
52,石,いし,ishi,Thạch,đá,Danh từ,道に大きな石が落ちている。,Có một hòn đá lớn rơi trên đường.,石 (Thạch: hòn đá),[0],連: 石に関する / 類: đá,vocab
53,ひも,ひも,himo,-,dây,Danh từ,荷物をひもでしっかり縛る。,Buộc chặt hành lý bằng sợi dây.,-,[0],連: ひもに関する / 類: dây,vocab
54,券,けん,ken,Khoán,vé,Danh từ,券について詳しく調査する。,Nghiên cứu kỹ lưỡng về vé.,券 (Khoán: vé/phiếu),[0],連: 券に関する / 類: vé,vocab
55,名簿,めいぼ,meibo,Danh Bộ,danh bạ -  danh sách,Danh từ,出席者の名前を名簿で確認する。,Kiểm tra tên người tham dự trong danh bạ.,名 (Danh: tên/danh tiếng) + 簿 (Bộ: sổ sách/danh bộ),[0],連: 名簿に関する / 類: danh bạ,vocab
56,表,ひょう,hyou,Biểu,bảng biểu -  mặt trước,Danh từ,データを分かりやすく表にまとめる。,Tổng hợp dữ liệu thành bảng biểu cho dễ hiểu.,表 (Biểu: biểu thị/mặt ngoài/bảng),[0],連: 表に関する / 類: bảng biểu,vocab
57,針,はり,hari,Châm,kim,Danh từ,時計の針が12時を指している。,Chiếc kim đồng hồ đang chỉ 12 giờ.,針 (Châm: cây kim/phương châm),[0],連: 針に関する / 類: kim,vocab
58,栓,せん,sen,Xuyên,nút -  nắp ( chai...),Danh từ,ワインのボトルの栓を抜く。,Mở chiếc nút của chai rượu vang.,栓 (Xuyên: cái nút/van khóa),[0],連: 栓に関する / 類: nút,vocab
59,湯気,ゆげ,yuge,Thang Khí,Hơi nước -  khí,Danh từ,温かいスープから湯気が立っている。,Hơi nước bốc lên từ bát súp nóng.,湯 (Thang: nước nóng/canh) + 気 (Khí: không khí/tâm trạng/khí chất),[0],連: 湯気に関する / 類: Hơi nước,vocab
60,日当たり,ひあたり,hiatari,Nhật Đương,nơi có ánh sáng chiếu vào,Danh từ,この部屋は南向きで日当たりがいい。,Căn phòng này hướng nam nên nơi có ánh sáng chiếu vào rất tốt.,日 (Nhật: mặt trời/ngày) + 当 (Đương: chính xác/đảm đương),[1],連: 日当たりに関する / 類: nơi có ánh sáng chiếu vào,vocab
61,空,から,kara,Không,trống rỗng -  bầu trời,Danh từ,空について詳しく調査する。,Nghiên cứu kỹ lưỡng về trống rỗng.,空 (Không: bầu trời/trống rỗng),[0],連: 空に関する / 類: trống rỗng,vocab
62,斜め,ななめ,naname,Tà,Nghiêng -  chéo -  khác thường,Danh từ,斜めについて詳しく調査する。,Nghiên cứu kỹ lưỡng về Nghiêng.,斜 (Tà: nghiêng/xiên),[0],連: 斜めに関する / 類: Nghiêng,vocab
63,履歴,りれき,rireki,Lý Lịch,lý lịch -  lịch sử,Danh từ,面接の前に自分の履歴書を作成する。,Viết bản lý lịch trước buổi phỏng vấn.,履 (Lý: mang giày/tiểu sử) + 歴 (Lịch: lịch sử/trải qua),[0],連: 履歴に関する / 類: lý lịch,vocab
64,娯楽,ごらく,goraku,Ngu Lạc,thú vui -  giải trí,Danh từ,週末は映画などの娯楽を楽しむ。,Cuối tuần tôi tận hưởng các hình thức thú vui như xem phim.,娯 (Ngu: giải trí/vui chơi) + 楽 (Lạc: vui vẻ/âm nhạc),[0],連: 娯楽に関する / 類: thú vui,vocab
65,司会,しかい,shikai,Ti Hội,chủ trì buổi tiệc -  MC,Danh từ,結婚式の司会を頼まれた。,Tôi được nhờ làm chủ trì buổi tiệc cho lễ cưới.,司 (Ti: chủ trì/quản lý) + 会 (Hội: gặp gỡ/hội họp),[0],連: 司会に関する / 類: chủ trì buổi tiệc,vocab
66,歓迎,かんげい,kangei,Hoan Nghênh,hoan nghênh,Danh từ,歓迎について詳しく調査する。,Nghiên cứu kỹ lưỡng về hoan nghênh.,歓 (Hoan: hoan nghênh/vui vẻ) + 迎 (Nghênh: đón tiếp/nghênh đón),[1],連: 歓迎に関する / 類: hoan nghênh,vocab
67,窓口,まどぐち,madoguchi,Song Khẩu,Quầy giao dịch -  quầy tiếp khách,Danh từ,市役所の窓口で手続きを行う。,Làm thủ tục tại Quầy giao dịch của tòa thị chính.,窓 (Song: cửa sổ) + 口 (Khẩu: miệng/cửa ngõ),[1],連: 窓口に関する / 類: Quầy giao dịch,vocab
68,手続き,てつづき,tetsuzuki,Thủ Tục,thủ tục -  quy trình,Danh từ,手続きについて詳しく調査する。,Nghiên cứu kỹ lưỡng về thủ tục.,手 (Thủ: bàn tay/người làm) + 続 (Tục: tiếp tục/liên tục),[1],連: 手続きに関する / 類: thủ tục,vocab
69,徒歩,とほ,toho,Đồ Bộ,đi bộ,Danh từ,徒歩について詳しく調査する。,Nghiên cứu kỹ lưỡng về đi bộ.,徒 (Đồ: học trò/người theo) + 歩 (Bộ: bước đi/đi bộ),[0],連: 徒歩に関する / 類: đi bộ,vocab
70,駐車,ちゅうしゃ,chuusha,Trú Xa,đỗ xe,Danh từ,駐車について詳しく調査する。,Nghiên cứu kỹ lưỡng về đỗ xe.,駐 (Trú: đỗ xe/trú lại) + 車 (Xa: xe cộ/bánh xe),[1],連: 駐車に関する / 類: đỗ xe,vocab
71,違反,いはん,ihan,Vi Phản,vi phạm,Danh từ,違反について詳しく調査する。,Nghiên cứu kỹ lưỡng về vi phạm.,違 (Vi: khác biệt/sai sót) + 反 (Phản: phản đối/ngược lại),[0],連: 違反に関する / 類: vi phạm,vocab
72,平日,へいじつ,heijitsu,Bình Nhật,ngày thường,Danh từ,平日について詳しく調査する。,Nghiên cứu kỹ lưỡng về ngày thường.,平 (Bình: bình đẳng/hòa bình) + 日 (Nhật: mặt trời/ngày),[1],連: 平日に関する / 類: ngày thường,vocab
73,日付,ひづけ,hizuke,Nhật Phó,ngày tháng,Danh từ,日付について詳しく調査する。,Nghiên cứu kỹ lưỡng về ngày tháng.,日 (Nhật: mặt trời/ngày) + 付 (Phó: gắn/dính/kèm),[0],連: 日付に関する / 類: ngày tháng,vocab
74,日中,にっちゅう,nitchuu,Nhật Trung,Trong ngày,Danh từ,日中について詳しく調査する。,Nghiên cứu kỹ lưỡng về Trong ngày.,日 (Nhật: mặt trời/ngày) + 中 (Trung: trong/ở giữa),[1],連: 日中に関する / 類: Trong ngày,vocab
75,日程,にってい,nittei,Nhật Trình,lịch trình -  hành trình,Danh từ,日程について詳しく調査する。,Nghiên cứu kỹ lưỡng về lịch trình.,日 (Nhật: mặt trời/ngày) + 程 (Trình: quá trình/mức độ),[1],連: 日程に関する / 類: lịch trình,vocab
76,日帰り,ひがえり,higaeri,Nhật Quy,đi về trong ngày,Danh từ,日帰りについて詳しく調査する。,Nghiên cứu kỹ lưỡng về đi về trong ngày.,日 (Nhật: mặt trời/ngày) + 帰 (Quy: trở về/quay về),[1],連: 日帰りに関する / 類: đi về trong ngày,vocab
77,順序,じゅんじょ,junjo,Thuận Tự,thứ tự,Danh từ,順序について詳しく調査する。,Nghiên cứu kỹ lưỡng về thứ tự.,順 (Thuận: thuận tiện/thứ tự) + 序 (Tự: thứ tự/lời mở đầu),[1],連: 順序に関する / 類: thứ tự,vocab
78,時期,じき,jiki,Thời Kỳ,thời kì -  thời điểm,Danh từ,時期について詳しく調査する。,Nghiên cứu kỹ lưỡng về thời kì.,時 (Thời: thời gian/giờ) + 期 (Kỳ: thời kỳ/kỳ hạn),[0],連: 時期に関する / 類: thời kì,vocab
79,現在,げんざい,genzai,Hiện Tại,hiện tại,Danh từ,現在について詳しく調査する。,Nghiên cứu kỹ lưỡng về hiện tại.,現 (Hiện: hiện tại/xuất hiện) + 在 (Tại: tồn tại/ở tại),[1],連: 現在に関する / 類: hiện tại,vocab
80,臨時,りんじ,rinji,Lâm Thời,tạm thời,Phó từ,臨時物事が進んでいる。,Mọi việc đang tiến triển (tạm thời).,臨 (Lâm: đến gần/đối mặt) + 時 (Thời: thời gian/giờ),[0],連: 臨時に関する / 類: tạm thời,vocab
81,費用,ひよう,hiyou,Phí Dụng,chi phí -  lệ phí,Danh từ,費用について詳しく調査する。,Nghiên cứu kỹ lưỡng về chi phí.,費 (Phí: chi phí/tiêu phí) + 用 (Dụng: sử dụng/công dụng),[0],連: 費用に関する / 類: chi phí,vocab
82,定価,ていか,teika,Định Giá,giá niêm yết,Danh từ,定価について詳しく調査する。,Nghiên cứu kỹ lưỡng về giá niêm yết.,定 (Định: cố định/quy định) + 価 (Giá: giá cả/giá trị),[0],連: 定価に関する / 類: giá niêm yết,vocab
83,割引,わりびき,waribiki,Cát Dẫn,giảm giá,Danh từ,割引について詳しく調査する。,Nghiên cứu kỹ lưỡng về giảm giá.,割 (Cát: chia/vỡ/tỷ lệ) + 引 (Dẫn: kéo/dẫn dắt),[1],連: 割引に関する / 類: giảm giá,vocab
84,おまけ,おまけ,omake,-,quà khuyến mại -  quà kèm theo,Danh từ,おまけについて詳しく調査する。,Nghiên cứu kỹ lưỡng về quà khuyến mại.,-,[0],連: おまけに関する / 類: quà khuyến mại,vocab
85,無料,むりょう,muryou,Vô Liệu,miễn phí,Danh từ,無料について詳しく調査する。,Nghiên cứu kỹ lưỡng về miễn phí.,無 (Vô: không có/vô hiệu) + 料 (Liệu: nguyên liệu/phí tổn),[1],連: 無料に関する / 類: miễn phí,vocab
86,現金,げんきん,genkin,Hiện Kim,tiền mặt,Danh từ,現金について詳しく調査する。,Nghiên cứu kỹ lưỡng về tiền mặt.,現 (Hiện: hiện tại/xuất hiện) + 金 (Kim: tiền bạc/vàng),[1],連: 現金に関する / 類: tiền mặt,vocab
87,合計,ごうけい,goukei,Hợp Kế,tổng cộng,Danh từ,合計について詳しく調査する。,Nghiên cứu kỹ lưỡng về tổng cộng.,合 (Hợp: thích hợp/gặp gỡ) + 計 (Kế: kế hoạch/đo đếm),[1],連: 合計に関する / 類: tổng cộng,vocab
88,収入,しゅうにゅう,shuunyuu,Thu Nhập,thu nhập,Danh từ,収入について詳しく調査する。,Nghiên cứu kỹ lưỡng về thu nhập.,収 (Thu: thu hoạch/thu nhận) + 入 (Nhập: vào/nhập vào),[1],連: 収入に関する / 類: thu nhập,vocab
89,支出,ししゅつ,shishutsu,Chi Xuất,chi tiêu,Danh từ,支出について詳しく調査する。,Nghiên cứu kỹ lưỡng về chi tiêu.,支 (Chi: chống đỡ/chi trả) + 出 (Xuất: ra ngoài/xuất hiện),[1],連: 支出に関する / 類: chi tiêu,vocab
90,予算,よさん,yosan,Dự Toán,ngân sách,Danh từ,予算について詳しく調査する。,Nghiên cứu kỹ lưỡng về ngân sách.,予 (Dự: dự báo/trước) + 算 (Toán: tính toán/dự toán),[0],連: 予算に関する / 類: ngân sách,vocab
91,利益,りえき,rieki,Lợi Ích,lợi nhuận -  lợi ích,Danh từ,利益について詳しく調査する。,Nghiên cứu kỹ lưỡng về lợi nhuận.,利 (Lợi: lợi ích/tiện lợi) + 益 (Ích: lợi ích/hữu ích),[0],連: 利益に関する / 類: lợi nhuận,vocab
92,赤字,あかじ,akaji,Xích Tự,lỗ -  thâm hụt,Danh từ,赤字について詳しく調査する。,Nghiên cứu kỹ lưỡng về lỗ.,赤 (Xích: màu đỏ) + 字 (Tự: chữ viết/ký tự),[0],連: 赤字に関する / 類: lỗ,vocab
93,経費,けいひ,keihi,Kinh Phí,kinh phí,Danh từ,経費について詳しく調査する。,Nghiên cứu kỹ lưỡng về kinh phí.,経 (Kinh: trải qua/kinh tế) + 費 (Phí: chi phí/tiêu phí),[0],連: 経費に関する / 類: kinh phí,vocab
94,勘定,かんじょう,kanjou,Khám Định,thanh toán -  tính tiền,Tính từ -na,勘定な態度で対応する。,Ứng phó bằng một thái độ thanh toán.,勘 (Khám: trực giác/linh cảm) + 定 (Định: cố định/quy định),[1],連: 勘定に関する / 類: thanh toán,vocab
95,弁償,べんしょう,benshou,Biện Thường,bồi thường,Danh từ,弁償について詳しく調査する。,Nghiên cứu kỹ lưỡng về bồi thường.,弁 (Biện: hùng biện/biện hộ/tiếng địa phương) + 償 (Thường: bồi thường/đền bù),[1],連: 弁償に関する / 類: bồi thường,vocab
96,請求,せいきゅう,seikyuu,Thỉnh Cầu,yêu cầu,Động từ nhóm 1,状況に合わせて適切に請求。,Yêu cầu một cách phù hợp theo tình huống.,請 (Thỉnh: yêu cầu/thỉnh cầu) + 求 (Cầu: yêu cầu/tìm kiếm),[1],連: 請求に関する / 類: yêu cầu,vocab
97,景気,けいき,keiki,Cảnh Khí,tình hình ( thường nói về kinh tế ),Danh từ,景気について詳しく調査する。,Nghiên cứu kỹ lưỡng về tình hình ( thường nói về kinh tế ).,景 (Cảnh: phong cảnh/quang cảnh) + 気 (Khí: không khí/tâm trạng/khí chất),[0],連: 景気に関する / 類: tình hình ( thường nói về kinh tế ),vocab
98,募金,ぼきん,bokin,Mộ Kim,quyên góp -  gây quỹ,Danh từ,募金について詳しく調査する。,Nghiên cứu kỹ lưỡng về quyên góp.,募 (Mộ: chiêu mộ/tuyển dụng) + 金 (Kim: tiền bạc/vàng),[0],連: 募金に関する / 類: quyên góp,vocab
99,募集,ぼしゅう,boshuu,Mộ Tập,tuyển dụng,Danh từ,募集について詳しく調査する。,Nghiên cứu kỹ lưỡng về tuyển dụng.,募 (Mộ: chiêu mộ/tuyển dụng) + 集 (Tập: tập hợp/thu thập),[1],連: 募集に関する / 類: tuyển dụng,vocab
100,価値,かち,kachi,Giá Trị,giá trị,Danh từ,価値について詳しく調査する。,Nghiên cứu kỹ lưỡng về giá trị.,価 (Giá: giá cả/giá trị) + 値 (Trị: giá trị/trị số),[0],連: 価値に関する / 類: giá trị,vocab
101,好む,このむ,konomu,Hảo,thích,Động từ nhóm 1,状況に合わせて適切に好む。,Thích một cách phù hợp theo tình huống.,好 (Hảo: thích/tốt),[0],連: 好むに関する / 類: thích,vocab
102,嫌う,きらう,kirau,Hiềm,ghét,Động từ nhóm 1,状況に合わせて適切に嫌う。,Ghét một cách phù hợp theo tình huống.,嫌 (Hiềm: ghét/hiềm khích),[0],連: 嫌うに関する / 類: ghét,vocab
103,願う,ねがう,negau,Nguyện,ước -  yêu cầu,Động từ nhóm 1,状況に合わせて適切に願う。,Ước một cách phù hợp theo tình huống.,願 (Nguyện: nguyện ước/mong cầu),[0],連: 願うに関する / 類: ước,vocab
104,甘える,あまえる,amaeru,Cam,nũng nịu,Động từ nhóm 2,状況に合わせて適切に甘える。,Nũng nịu một cách phù hợp theo tình huống.,甘 (Cam: ngọt ngào/chiều chuộng),[1],連: 甘えるに関する / 類: nũng nịu,vocab
105,かわいがる,かわいがる,kawaigaru,-,yêu chiều -  cưng chiều,Động từ nhóm 1,祖母は孫をとてもかわいがる。,Bà rất yêu chiều đứa cháu.,-,[1],連: かわいがるに関する / 類: yêu chiều,vocab
106,気付く,きづく,kizuku,Khí Phó,nhận ra -  chú ý đến,Động từ nhóm 1,状況に合わせて適切に気付く。,Nhận ra một cách phù hợp theo tình huống.,気 (Khí: không khí/tâm trạng/khí chất) + 付 (Phó: gắn/dính/kèm),[0],連: 気付くに関する / 類: nhận ra,vocab
107,疑う,うたがう,utagau,Nghi,nghi ngờ,Động từ nhóm 1,状況に合わせて適切に疑う。,Nghi ngờ một cách phù hợp theo tình huống.,疑 (Nghi: nghi ngờ/thắc mắc),[1],連: 疑うに関する / 類: nghi ngờ,vocab
108,苦しむ,くるしむ,kurushimu,Khổ,khổ sở,Động từ nhóm 1,状況に合わせて適切に苦しむ。,Khổ sở một cách phù hợp theo tình huống.,苦 (Khổ: đau khổ/cay đắng),[1],連: 苦しむに関する / 類: khổ sở,vocab
109,悲しむ,かなしむ,kanashimu,Bi,buồn,Động từ nhóm 1,状況に合わせて適切に悲しむ。,Buồn một cách phù hợp theo tình huống.,悲 (Bi: đau buồn/bi thương),[1],連: 悲しむに関する / 類: buồn,vocab
110,がっかりする,がっかりする,gakkarisuru,-,thất vọng -  chán nản,Động từ する,計画を慎重にがっかりする。,Thực hiện thất vọng kế hoạch một cách thận trọng.,-,[1],連: がっかりするに関する / 類: thất vọng,vocab
111,励ます,はげます,hagemasu,Lệ,động viên -  khích lệ,Động từ nhóm 1,状況に合わせて適切に励ます。,Động viên một cách phù hợp theo tình huống.,励 (Lệ: khích lệ/động viên),[1],連: 励ますに関する / 類: động viên,vocab
112,うなずく,うなずく,unazuku,-,gật đầu -  đồng ý,Động từ nhóm 1,彼の意見に深くうなずく。,Gật đầu sâu sắc với ý kiến của anh ấy.,-,[1],連: うなずくに関する / 類: gật đầu,vocab
113,張り切る,はりきる,harikiru,Trương Thiết,hăng hái -  làm việc chăm chỉ -  cố gắng,Động từ nhóm 2,状況に合わせて適切に張り切る。,Hăng hái một cách phù hợp theo tình huống.,張 (Trương: căng ra/kéo dài) + 切 (Thiết: cắt/sát sườn),[1],連: 張り切るに関する / 類: hăng hái,vocab
114,威張る,いばる,ibaru,Uy Trương,kiêu ngạo -  ba hoa khoác lác,Động từ nhóm 1,状況に合わせて適切に威張る。,Kiêu ngạo một cách phù hợp theo tình huống.,威 (Uy: uy quyền/uy phong) + 張 (Trương: căng ra/kéo dài),[0],連: 威張るに関する / 類: kiêu ngạo,vocab
115,怒鳴る,どなる,donaru,Nộ Minh,quát mắng -  phát cáu,Động từ nhóm 1,状況に合わせて適切に怒鳴る。,Quát mắng một cách phù hợp theo tình huống.,怒 (Nộ: tức giận/phẫn nộ) + 鳴 (Minh: tiếng kêu/hót/kêu vang),[0],連: 怒鳴るに関する / 類: quát mắng,vocab
116,暴れる,あばれる,abareru,Bạo,nổi giận -  quậy phá -  làm ẩm ĩ -  nổi khùng,Động từ nhóm 2,状況に合わせて適切に暴れる。,Nổi giận một cách phù hợp theo tình huống.,暴 (Bạo: bạo lực/hung bạo),[1],連: 暴れるに関する / 類: nổi giận,vocab
117,しゃがむ,しゃがむ,shagamu,-,ngồi xổm,Động từ nhóm 1,道端にしゃがむ靴紐を結んだ。,Tôi ngồi xổm bên lề đường để buộc dây giày.,-,[1],連: しゃがむに関する / 類: ngồi xổm,vocab
118,どく,どく,doku,-,ra,Danh từ,どくについて詳しく調査する。,Nghiên cứu kỹ lưỡng về ra.,-,[0],連: どくに関する / 類: ra,vocab
119,どける,どける,dokeru,-,dịch chuyển -  tránh ra,Động từ nhóm 2,状況に合わせて適切にどける。,Dịch chuyển một cách phù hợp theo tình huống.,-,[0],連: どけるに関する / 類: dịch chuyển,vocab
120,かぶる,かぶる,kaburu,-,phủ lên -  trùm lên -  đậy,Động từ nhóm 1,状況に合わせて適切にかぶる。,Phủ lên một cách phù hợp theo tình huống.,-,[0],連: かぶるに関する / 類: phủ lên,vocab
121,かぶせる,かぶせる,kabuseru,-,tránh đội,Động từ nhóm 2,状況に合わせて適切にかぶせる。,Tránh đội một cách phù hợp theo tình huống.,-,[1],連: かぶせるに関する / 類: tránh đội,vocab
122,かじる,かじる,kajiru,-,nhai -  cắn -  gặm -  xé,Động từ nhóm 1,りんごを丸ごとかじる。,Nhai cả quả táo.,-,[0],連: かじるに関する / 類: nhai,vocab
123,撃つ,うつ,utsu,Kích,bắn,Động từ nhóm 1,状況に合わせて適切に撃つ。,Bắn một cách phù hợp theo tình huống.,撃 (Kích: tấn công/bắn phá),[0],連: 撃つに関する / 類: bắn,vocab
124,漕ぐ,こぐ,kogu,Tào,đạp xe -  chèo -  lái,Động từ nhóm 1,状況に合わせて適切に漕ぐ。,Đạp xe một cách phù hợp theo tình huống.,漕 (Tào: chèo thuyền),[0],連: 漕ぐに関する / 類: đạp xe,vocab
125,敷く,しく,shiku,Phu,trải thảm -  lát,Động từ nhóm 1,状況に合わせて適切に敷く。,Trải thảm một cách phù hợp theo tình huống.,敷 (Phu: trải ra/lát nền),[0],連: 敷くに関する / 類: trải thảm,vocab
126,つぐ,つぐ,tsugu,-,rót -  dội -  tưới,Động từ nhóm 1,コップにお茶をつぐ。,Rót trà vào cốc.,-,[0],連: つぐに関する / 類: rót,vocab
127,配る,くばる,kubaru,Phối,phân phát,Động từ nhóm 1,状況に合わせて適切に配る。,Phân phát một cách phù hợp theo tình huống.,配 (Phối: phân phát/phối hợp/lo lắng),[0],連: 配るに関する / 類: phân phát,vocab
128,放る,ほうる,houru,Phóng,ném -  bỏ mặc,Động từ nhóm 1,状況に合わせて適切に放る。,Ném một cách phù hợp theo tình huống.,放 (Phóng: thả ra/phát sóng),[0],連: 放るに関する / 類: ném,vocab
129,掘る,ほる,horu,Quật,đào -  khai quật -  ngoáy mũi,Động từ nhóm 1,状況に合わせて適切に掘る。,Đào một cách phù hợp theo tình huống.,掘 (Quật: đào bới/khai quật),[0],連: 掘るに関する / 類: đào,vocab
130,まく,まく,maku,-,rắc -  rải -  gieo,Động từ nhóm 1,庭に花の種をまく。,Rắc hạt giống hoa trong vườn.,-,[0],連: まくに関する / 類: rắc,vocab
131,計る,はかる,hakaru,Kế,đếm thời gian -  đo đạc,Động từ nhóm 1,状況に合わせて適切に計る。,Đếm thời gian một cách phù hợp theo tình huống.,計 (Kế: kế hoạch/đo đếm),[0],連: 計るに関する / 類: đếm thời gian,vocab
132,占う,うらなう,uranau,Chiếm,dự đoán -  bói,Động từ nhóm 1,状況に合わせて適切に占う。,Dự đoán một cách phù hợp theo tình huống.,占 (Chiếm: chiếm cứ/bói toán),[1],連: 占うに関する / 類: dự đoán,vocab
133,引っ張る,ひっぱる,hipparu,Dẫn Trương,kéo -  lôi kéo -  gây trở ngại,Động từ nhóm 1,状況に合わせて適切に引っ張る。,Kéo một cách phù hợp theo tình huống.,引 (Dẫn: kéo/dẫn dắt) + 張 (Trương: căng ra/kéo dài),[1],連: 引っ張るに関する / 類: kéo,vocab
134,突く,つく,tsuku,Đột,chọc -  đâm -  chống ( cằm -  tay...),Động từ nhóm 1,状況に合わせて適切に突く。,Chọc một cách phù hợp theo tình huống.,突 (Đột: đột ngột/đâm thẳng),[0],連: 突くに関する / 類: chọc,vocab
135,突き当たる,つきあたる,tsukiataru,Đột Đương,cuối đường -  đối mặt với,Động từ nhóm 1,状況に合わせて適切に突き当たる。,Cuối đường một cách phù hợp theo tình huống.,突 (Đột: đột ngột/đâm thẳng) + 当 (Đương: chính xác/đảm đương),[1],連: 突き当たるに関する / 類: cuối đường,vocab
136,立ち止まる,たちどまる,tachidomaru,Lập Chỉ,dừng lại,Động từ nhóm 1,状況に合わせて適切に立ち止まる。,Dừng lại một cách phù hợp theo tình huống.,立 (Lập: đứng/thành lập) + 止 (Chỉ: dừng lại/đình chỉ),[1],連: 立ち止まるに関する / 類: dừng lại,vocab
137,近寄る,ちかよる,chikayoru,Cận Ký,tiếp cận -  tới gần,Động từ nhóm 1,状況に合わせて適切に近寄る。,Tiếp cận một cách phù hợp theo tình huống.,近 (Cận: gần gũi/tiếp cận) + 寄 (Ký: gửi/ghé qua),[1],連: 近寄るに関する / 類: tiếp cận,vocab
138,横切る,よこぎる,yokogiru,Hoành Thiết,xuyên qua -  băng ngang qua,Động từ nhóm 1,状況に合わせて適切に横切る。,Xuyên qua một cách phù hợp theo tình huống.,横 (Hoành: nằm ngang/bên cạnh) + 切 (Thiết: cắt/sát sườn),[1],連: 横切るに関する / 類: xuyên qua,vocab
139,転ぶ,ころぶ,korobu,Chuyển,ngã,Động từ nhóm 1,状況に合わせて適切に転ぶ。,Ngã một cách phù hợp theo tình huống.,転 (Chuyển: chuyển dịch/ngã lăn),[0],連: 転ぶに関する / 類: ngã,vocab
140,つまずく,つまずく,tsumazuku,-,vấp -  sẩy chân -  vướng,Động từ nhóm 1,石につまずく転んでしまった。,Tôi bị vấp hòn đá và ngã.,-,[1],連: つまずくに関する / 類: vấp,vocab
141,ひく,ひく,hiku,-,chèn -  cán qua -  tông phải,Động từ nhóm 1,状況に合わせて適切にひく。,Chèn một cách phù hợp theo tình huống.,-,[0],連: ひくに関する / 類: chèn,vocab
142,おぼれる,おぼれる,oboreru,-,chìm -  đắm -  chết đuổi,Động từ nhóm 2,海でおぼれるそうになった。,Tôi suýt bị chìm ở biển.,-,[1],連: おぼれるに関する / 類: chìm,vocab
143,痛む,いたむ,itamu,Thống,đau,Động từ nhóm 1,状況に合わせて適切に痛む。,Đau một cách phù hợp theo tình huống.,痛 (Thống: đau đớn/thống khổ),[0],連: 痛むに関する / 類: đau,vocab
144,かかる,かかる,kakaru,-,mắc bệnh -  lây bệnh,Động từ nhóm 1,状況に合わせて適切にかかる。,Mắc bệnh một cách phù hợp theo tình huống.,-,[0],連: かかるに関する / 類: mắc bệnh,vocab
145,酔う,よう,you,Túy,say,Động từ nhóm 1,状況に合わせて適切に酔う。,Say một cách phù hợp theo tình huống.,酔 (Túy: say xỉn/say mê),[0],連: 酔うに関する / 類: say,vocab
146,吐く,はく,haku,Thổ,nôn -  ói,Động từ nhóm 1,状況に合わせて適切に吐く。,Nôn một cách phù hợp theo tình huống.,吐 (Thổ: nôn/nhổ ra),[0],連: 吐くに関する / 類: nôn,vocab
147,診る,みる,miru,Chẩn,chuẩn đoán -  khám,Động từ nhóm 2,状況に合わせて適切に診る。,Chuẩn đoán một cách phù hợp theo tình huống.,診 (Chẩn: khám bệnh/chẩn đoán),[0],連: 診るに関する / 類: chuẩn đoán,vocab
148,見舞う,みまう,mimau,Kiến Vũ,đi thăm bệnh -  hứng chịu -  ập đến,Động từ nhóm 1,状況に合わせて適切に見舞う。,Đi thăm bệnh một cách phù hợp theo tình huống.,見 (Kiến: nhìn/quan sát/gặp) + 舞 (Vũ: nhảy múa/vũ đài),[0],連: 見舞うに関する / 類: đi thăm bệnh,vocab
149,勤める,つとめる,tsutomeru,Cần,làm việc,Động từ nhóm 2,状況に合わせて適切に勤める。,Làm việc một cách phù hợp theo tình huống.,勤 (Cần: cần cù/đi làm),[1],連: 勤めるに関する / 類: làm việc,vocab
150,稼ぐ,かせぐ,kasegu,Giá,kiếm tiền -  câu giờ,Động từ nhóm 1,状況に合わせて適切に稼ぐ。,Kiếm tiền một cách phù hợp theo tình huống.,稼 (Giá: kiếm tiền/làm việc),[0],連: 稼ぐに関する / 類: kiếm tiền,vocab
151,支払う,しはらう,shiharau,Chi Phất,trả tiền -  thanh toán,Động từ nhóm 1,状況に合わせて適切に支払う。,Trả tiền một cách phù hợp theo tình huống.,支 (Chi: chống đỡ/chi trả) + 払 (Phất: trả tiền/quét sạch),[1],連: 支払うに関する / 類: trả tiền,vocab
152,受け取る,うけとる,uketoru,Thụ Thủ,nhận,Động từ nhóm 1,状況に合わせて適切に受け取る。,Nhận một cách phù hợp theo tình huống.,受 (Thụ: nhận/tiếp nhận) + 取 (Thủ: lấy/cầm lấy),[1],連: 受け取るに関する / 類: nhận,vocab
153,払い込む,はらいこむ,haraikomu,Phất Nhập,đóng -  nộp -  thanh toán,Động từ nhóm 1,状況に合わせて適切に払い込む。,Đóng một cách phù hợp theo tình huống.,払 (Phất: trả tiền/quét sạch) + 込 (Nhập: dồn vào/nạp vào),[1],連: 払い込むに関する / 類: đóng,vocab
154,払い戻す,はらいもどす,haraimodosu,Phất Lệ,trả lại -  hoàn trả,Động từ nhóm 1,状況に合わせて適切に払い戻す。,Trả lại một cách phù hợp theo tình huống.,払 (Phất: trả tiền/quét sạch) + 戻 (Lệ: quay lại/hoàn trả),[1],連: 払い戻すに関する / 類: trả lại,vocab
155,引き出す,ひきだす,hikidasu,Dẫn Xuất,rút ra -  tìm ra -  kéo dài,Động từ nhóm 1,状況に合わせて適切に引き出す。,Rút ra một cách phù hợp theo tình huống.,引 (Dẫn: kéo/dẫn dắt) + 出 (Xuất: ra ngoài/xuất hiện),[1],連: 引き出すに関する / 類: rút ra,vocab
156,もうかる,もうかる,moukaru,-,có lợi nhuận -  sinh lời,Động từ nhóm 1,商売が順調でかなりもうかる。,Kinh doanh thuận lợi nên có lợi nhuận khá nhiều.,-,[1],連: もうかるに関する / 類: có lợi nhuận,vocab
157,もうける,もうける,moukeru,-,kiếm lợi -  có con,Động từ nhóm 2,状況に合わせて適切にもうける。,Kiếm lợi một cách phù hợp theo tình huống.,-,[1],連: もうけるに関する / 類: kiếm lợi,vocab
158,落ち込む,おちこむ,ochikomu,Lạc Nhập,thất vọng -  suy sụp,Động từ nhóm 1,状況に合わせて適切に落ち込む。,Thất vọng một cách phù hợp theo tình huống.,落 (Lạc: rơi xuống/rụng) + 込 (Nhập: dồn vào/nạp vào),[1],連: 落ち込むに関する / 類: thất vọng,vocab
159,売れる,うれる,ureru,Mại,bán chạy,Động từ nhóm 2,状況に合わせて適切に売れる。,Bán chạy một cách phù hợp theo tình huống.,売 (Mại: bán hàng),[0],連: 売れるに関する / 類: bán chạy,vocab
160,売り切れる,うりきれる,urikireru,Mại Thiết,bán sạch,Động từ nhóm 2,状況に合わせて適切に売り切れる。,Bán sạch một cách phù hợp theo tình huống.,売 (Mại: bán hàng) + 切 (Thiết: cắt/sát sườn),[1],連: 売り切れるに関する / 類: bán sạch,vocab
161,くっ付く,くっつく,kuttsuku,Phó,bám chặt -  dính chặt -  quân quýt,Động từ nhóm 1,状況に合わせて適切にくっ付く。,Bám chặt một cách phù hợp theo tình huống.,付 (Phó: gắn/dính/kèm),[1],連: くっ付くに関する / 類: bám chặt,vocab
162,くっ付ける,くっつける,kuttsukeru,Phó,dính vào -  gắn lại,Động từ nhóm 2,状況に合わせて適切にくっ付ける。,Dính vào một cách phù hợp theo tình huống.,付 (Phó: gắn/dính/kèm),[1],連: くっ付けるに関する / 類: dính vào,vocab
163,固まる,かたまる,katamaru,Cố,cứng lại -  nắm vững -  đông lai,Động từ nhóm 1,状況に合わせて適切に固まる。,Cứng lại một cách phù hợp theo tình huống.,固 (Cố: cố định/kiên cố),[1],連: 固まるに関する / 類: cứng lại,vocab
164,固める,かためる,katameru,Cố,làm đông cứng -  củng cố,Động từ nhóm 2,状況に合わせて適切に固める。,Làm đông cứng một cách phù hợp theo tình huống.,固 (Cố: cố định/kiên cố),[1],連: 固めるに関する / 類: làm đông cứng,vocab
165,縮む,ちぢむ,chijimu,Súc,ngắn lại -  co lại,Động từ nhóm 1,状況に合わせて適切に縮む。,Ngắn lại một cách phù hợp theo tình huống.,縮 (Súc: co lại/rút ngắn),[0],連: 縮むに関する / 類: ngắn lại,vocab
166,縮まる,ちぢまる,chijimaru,Súc,rút ngắn -  giảm bớt -  thu gọn,Động từ nhóm 1,状況に合わせて適切に縮まる。,Rút ngắn một cách phù hợp theo tình huống.,縮 (Súc: co lại/rút ngắn),[1],連: 縮まるに関する / 類: rút ngắn,vocab
167,縮める,ちぢめる,chijimeru,Súc,thu gọn -  nén lại -  rút ngắn,Động từ nhóm 2,状況に合わせて適切に縮める。,Thu gọn một cách phù hợp theo tình huống.,縮 (Súc: co lại/rút ngắn),[1],連: 縮めるに関する / 類: thu gọn,vocab
168,沈む,しずむ,shizumu,Trầm,chìm -  lặn -  bị nhấn xuống,Động từ nhóm 1,状況に合わせて適切に沈む。,Chìm một cách phù hợp theo tình huống.,沈 (Trầm: chìm xuống/trầm lặng),[0],連: 沈むに関する / 類: chìm,vocab
169,沈める,しずめる,shizumeru,Trầm,chìm -  lặn,Động từ nhóm 2,状況に合わせて適切に沈める。,Chìm một cách phù hợp theo tình huống.,沈 (Trầm: chìm xuống/trầm lặng),[1],連: 沈めるに関する / 類: chìm,vocab
170,下がる,さがる,sagaru,Hạ,hạ xuống -  lùi về -  giảm,Động từ nhóm 1,状況に合わせて適切に下がる。,Hạ xuống một cách phù hợp theo tình huống.,下 (Hạ: dưới/xuống),[0],連: 下がるに関する / 類: hạ xuống,vocab
171,下げる,さげる,sageru,Hạ,giảm đi -  cúi đầu -  thu dọn bát đĩa,Động từ nhóm 1,状況に合わせて適切に下げる。,Giảm đi một cách phù hợp theo tình huống.,下 (Hạ: dưới/xuống),[0],連: 下げるに関する / 類: giảm đi,vocab
172,転がる,ころがる,korogaru,Chuyển,(tự) lăn -  bị đổ ngã -  nằm xuống -  rải rác bừa bộn...,Động từ nhóm 1,状況に合わせて適切に転がる。,(tự) lăn một cách phù hợp theo tình huống.,転 (Chuyển: chuyển dịch/ngã lăn),[1],連: 転がるに関する / 類: (tự) lăn,vocab
173,転がす,ころがす,korogasu,Chuyển,dắt -  lắc -  lăn,Động từ nhóm 1,状況に合わせて適切に転がす。,Dắt một cách phù hợp theo tình huống.,転 (Chuyển: chuyển dịch/ngã lăn),[1],連: 転がすに関する / 類: dắt,vocab
174,傾く,かたむく,katamuku,Khuynh,nghiêng -  ngả -  hướng về -  đổ,Động từ nhóm 1,状況に合わせて適切に傾く。,Nghiêng một cách phù hợp theo tình huống.,傾 (Khuynh: nghiêng/nghiêng ngả),[1],連: 傾くに関する / 類: nghiêng,vocab
175,傾ける,かたむける,katamukeru,Khuynh,nghiêng -  làn suy yếu -  phê bình -  chê bai...,Động từ nhóm 2,状況に合わせて適切に傾ける。,Nghiêng một cách phù hợp theo tình huống.,傾 (Khuynh: nghiêng/nghiêng ngả),[1],連: 傾けるに関する / 類: nghiêng,vocab
176,裏返す,うらがえす,uragaesu,Lý Phản,lật úp -  lộn ngược,Động từ nhóm 1,状況に合わせて適切に裏返す。,Lật úp một cách phù hợp theo tình huống.,裏 (Lý: mặt trái/phía sau) + 返 (Phản: trả lại/đáp lại),[1],連: 裏返すに関する / 類: lật úp,vocab
177,散らかる,ちらかる,chirakaru,Tán,bừa bộn -  lôi thôi,Động từ nhóm 1,状況に合わせて適切に散らかる。,Bừa bộn một cách phù hợp theo tình huống.,散 (Tán: phân tán/rải rác),[1],連: 散らかるに関する / 類: bừa bộn,vocab
178,散らかす,ちらかす,chirakasu,Tán,vứt lung tung -  bừa bãi,Động từ nhóm 1,状況に合わせて適切に散らかす。,Vứt lung tung một cách phù hợp theo tình huống.,散 (Tán: phân tán/rải rác),[1],連: 散らかすに関する / 類: vứt lung tung,vocab
179,散らばる,ちらばる,chirabaru,Tán,văng tứ tung -  rải rác,Động từ nhóm 1,状況に合わせて適切に散らばる。,Văng tứ tung một cách phù hợp theo tình huống.,散 (Tán: phân tán/rải rác),[1],連: 散らばるに関する / 類: văng tứ tung,vocab
180,刻む,きざむ,kizamu,Khắc,cắt -  chạm khắc -  ghi lại,Động từ nhóm 1,状況に合わせて適切に刻む。,Cắt một cách phù hợp theo tình huống.,刻 (Khắc: khắc/thời khắc),[0],連: 刻むに関する / 類: cắt,vocab
181,挟まる,はさまる,hasamaru,Hiệp,bị kẹp,Động từ nhóm 1,状況に合わせて適切に挟まる。,Bị kẹp một cách phù hợp theo tình huống.,挟 (Hiệp: kẹp vào/xen vào),[1],連: 挟まるに関する / 類: bị kẹp,vocab
182,挟む,はさむ,hasamu,Hiệp,kẹp -  nói chen vào,Động từ nhóm 1,状況に合わせて適切に挟む。,Kẹp một cách phù hợp theo tình huống.,挟 (Hiệp: kẹp vào/xen vào),[0],連: 挟むに関する / 類: kẹp,vocab
183,つぶれる,つぶれる,tsubureru,-,sụp đổ -  xẹp lép -  phá sản,Động từ nhóm 2,不景気で会社がつぶれる。,Do kinh tế suy thoái nên công ty bị sụp đổ.,-,[1],連: つぶれるに関する / 類: sụp đổ,vocab
184,つぶす,つぶす,tsubusu,-,hạ,Động từ nhóm 1,状況に合わせて適切につぶす。,Hạ một cách phù hợp theo tình huống.,-,[0],連: つぶすに関する / 類: hạ,vocab
185,へこむ,へこむ,hekomu,-,lõm -  chán nản,Động từ nhóm 1,車がぶつかってドアがへこむ。,Xe va chạm nên cửa bị lõm.,-,[0],連: へこむに関する / 類: lõm,vocab
186,ほどける,ほどける,hodokeru,-,cởi ra -  giải quyết,Động từ nhóm 2,靴のひもがほどける。,Dây giày đã bị cởi ra.,-,[1],連: ほどけるに関する / 類: cởi ra,vocab
187,ほどく,ほどく,hodoku,-,cởi,Động từ nhóm 1,状況に合わせて適切にほどく。,Cởi một cách phù hợp theo tình huống.,-,[0],連: ほどくに関する / 類: cởi,vocab
188,枯れる,かれる,kareru,Khô,bị héo -  cạn khô -  khàn giọng,Động từ nhóm 2,状況に合わせて適切に枯れる。,Bị héo một cách phù hợp theo tình huống.,枯 (Khô: héo tàn/khô cằn),[0],連: 枯れるに関する / 類: bị héo,vocab
189,枯らす,からす,karasu,Khô,làm cho héo,Động từ nhóm 1,状況に合わせて適切に枯らす。,Làm cho héo một cách phù hợp theo tình huống.,枯 (Khô: héo tàn/khô cằn),[0],連: 枯らすに関する / 類: làm cho héo,vocab
190,傷む,いたむ,itamu,Thương,hông -  ôi thiu -  tổn thương,Động từ nhóm 1,状況に合わせて適切に傷む。,Hông một cách phù hợp theo tình huống.,傷 (Thương: vết thương/tổn thương),[0],連: 傷むに関する / 類: hông,vocab
191,湿る,しめる,shimeru,Thấp,bị ẩm -  iu ( đồ ăn ),Động từ nhóm 2,状況に合わせて適切に湿る。,Bị ẩm một cách phù hợp theo tình huống.,湿 (Thấp: ẩm ướt/độ ẩm),[0],連: 湿るに関する / 類: bị ẩm,vocab
192,凍る,こおる,kooru,Đống,đông băng -  lạnh cóng,Động từ nhóm 1,状況に合わせて適切に凍る。,Đông băng một cách phù hợp theo tình huống.,凍 (Đống: đông đá/đóng băng),[0],連: 凍るに関する / 類: đông băng,vocab
193,震える,ふるえる,furueru,Chấn,run rẩy,Động từ nhóm 2,状況に合わせて適切に震える。,Run rẩy một cách phù hợp theo tình huống.,震 (Chấn: rung chấn/động đất),[1],連: 震えるに関する / 類: run rẩy,vocab
194,輝く,かがやく,kagayaku,Huy,tỏa sáng -  huy hoàng,Động từ nhóm 1,状況に合わせて適切に輝く。,Tỏa sáng một cách phù hợp theo tình huống.,輝 (Huy: tỏa sáng/huy hoàng),[1],連: 輝くに関する / 類: tỏa sáng,vocab
195,あふれる,あふれる,afureru,-,tràn -  đầy -  giàn giụa,Động từ nhóm 2,喜びの涙が目からあふれる。,Nước mắt vui sướng tràn ra khỏi khóe mắt.,-,[1],連: あふれるに関する / 類: tràn,vocab
196,余る,あまる,amaru,Dư,còn sót lại -  dư thừa,Động từ nhóm 1,状況に合わせて適切に余る。,Còn sót lại một cách phù hợp theo tình huống.,余 (Dư: thừa/dư thừa),[0],連: 余るに関する / 類: còn sót lại,vocab
197,目立つ,めだつ,medatsu,Mục Lập,nổi bật -  đập vào mắt,Động từ nhóm 1,状況に合わせて適切に目立つ。,Nổi bật một cách phù hợp theo tình huống.,目 (Mục: mắt/mục tiêu) + 立 (Lập: đứng/thành lập),[0],連: 目立つに関する / 類: nổi bật,vocab
198,見下ろす,みおろす,miorosu,Kiến Hạ,nhìn xuống -  coi khinh,Động từ nhóm 1,状況に合わせて適切に見下ろす。,Nhìn xuống một cách phù hợp theo tình huống.,見 (Kiến: nhìn/quan sát/gặp) + 下 (Hạ: dưới/xuống),[1],連: 見下ろすに関する / 類: nhìn xuống,vocab
199,戦う/闘う,たたかう,tatakau,Chiến Đấu,đánh nhau -  tranh chấp,Động từ nhóm 1,状況に合わせて適切に戦う/闘う。,Đánh nhau một cách phù hợp theo tình huống.,戦 (Chiến: chiến đấu/chiến tranh) + 闘 (Đấu: chiến đấu/đấu tranh),[1],連: 戦う/闘うに関する / 類: đánh nhau,vocab
200,敗れる,やぶれる,yabureru,Bại,bị đánh bại -  thua,Động từ nhóm 2,状況に合わせて適切に敗れる。,Bị đánh bại một cách phù hợp theo tình huống.,敗 (Bại: thất bại/thua cuộc),[1],連: 敗れるに関する / 類: bị đánh bại,vocab
201,逃げる,にげる,nigeru,Đào,chạy trốn -  tránh nạn,Động từ nhóm 1,状況に合わせて適切に逃げる。,Chạy trốn một cách phù hợp theo tình huống.,逃 (Đào: chạy trốn/trốn tránh),[0],連: 逃げるに関する / 類: chạy trốn,vocab
202,逃がす,にがす,nigasu,Đào,để mất; phóng sinh -  thả,Động từ nhóm 1,状況に合わせて適切に逃がす。,Để mất một cách phù hợp theo tình huống.,逃 (Đào: chạy trốn/trốn tránh),[0],連: 逃がすに関する / 類: để mất; phóng sinh,vocab
203,戻る,もどる,modoru,Lệ,quay lại,Động từ nhóm 1,状況に合わせて適切に戻る。,Quay lại một cách phù hợp theo tình huống.,戻 (Lệ: quay lại/hoàn trả),[0],連: 戻るに関する / 類: quay lại,vocab
204,戻す,もどす,modosu,Lệ,để trả lại,Động từ nhóm 1,状況に合わせて適切に戻す。,Để trả lại một cách phù hợp theo tình huống.,戻 (Lệ: quay lại/hoàn trả),[0],連: 戻すに関する / 類: để trả lại,vocab
205,はまる,はまる,hamaru,-,khớp -  bị kẹt -  nghiện -  bị cuốn theo -  khít -  vừa,Động từ nhóm 1,最近日本のドラマにはまる。,Gần đây tôi rất khớp phim truyền hình Nhật Bản.,-,[0],連: はまるに関する / 類: khớp,vocab
206,はめる,はめる,hameru,-,đeo ( nhẫn -  găng tay),Động từ nhóm 2,状況に合わせて適切にはめる。,Đeo ( nhẫn một cách phù hợp theo tình huống.,-,[0],連: はめるに関する / 類: đeo ( nhẫn,vocab
207,扱う,あつかう,atsukau,Tráp,đối xử -  xử lý -  bán -  sử dụng,Động từ nhóm 1,状況に合わせて適切に扱う。,Đối xử một cách phù hợp theo tình huống.,扱 (Tráp: đối xử/xử lý),[1],連: 扱うに関する / 類: đối xử,vocab
208,関わる,かかわる,kakawaru,Quan,liên quan -  dính dáng,Động từ nhóm 1,状況に合わせて適切に関わる。,Liên quan một cách phù hợp theo tình huống.,関 (Quan: liên quan/quan hệ/cửa ải),[1],連: 関わるに関する / 類: liên quan,vocab
209,目指す,めざす,mezasu,Mục Chỉ,hướng đến mục tiêu -  nhắm đến,Động từ nhóm 1,状況に合わせて適切に目指す。,Hướng đến mục tiêu một cách phù hợp theo tình huống.,目 (Mục: mắt/mục tiêu) + 指 (Chỉ: ngón tay/chỉ ra),[0],連: 目指すに関する / 類: hướng đến mục tiêu,vocab
210,立つ・発つ,たつ,tatsu,Lập Phát,khởi hành -  rời khỏi -  xuất phát,Động từ nhóm 1,状況に合わせて適切に立つ・発つ。,Khởi hành một cách phù hợp theo tình huống.,立 (Lập: đứng/thành lập) + 発 (Phát: phát triển/xuất phát),[0],連: 立つ・発つに関する / 類: khởi hành,vocab
211,迎える,むかえる,mukaeru,Nghênh,đón,Động từ nhóm 2,状況に合わせて適切に迎える。,Đón một cách phù hợp theo tình huống.,迎 (Nghênh: đón tiếp/nghênh đón),[1],連: 迎えるに関する / 類: đón,vocab
212,持てる,もてる,moteru,Trì,thu hút -  đào hoa -  có duyên,Động từ nhóm 2,状況に合わせて適切に持てる。,Thu hút một cách phù hợp theo tình huống.,持 (Trì: cầm/nắm giữ/duy trì),[0],連: 持てるに関する / 類: thu hút,vocab
213,たとえる,たとえる,tatoeru,-,ví như -  so với,Động từ nhóm 2,人生を旅にたとえる。,Ví như cuộc đời như một chuyến đi.,-,[1],連: たとえるに関する / 類: ví như,vocab
214,努める,つとめる,tsutomeru,Nỗ,nỗ lực -  cố gắng,Động từ nhóm 2,状況に合わせて適切に努める。,Nỗ lực một cách phù hợp theo tình huống.,努 (Nỗ: nỗ lực/cố gắng),[1],連: 努めるに関する / 類: nỗ lực,vocab
215,務まる,つとまる,tsutomaru,Vụ,nghĩa vụ -  nhiệm vụ -  có thê đảm đương -  phù hợp với,Động từ nhóm 1,状況に合わせて適切に務まる。,Nghĩa vụ một cách phù hợp theo tình huống.,務 (Vụ: nhiệm vụ/công vụ),[1],連: 務まるに関する / 類: nghĩa vụ,vocab
216,務める,つとめる,tsutomeru,Vụ,đảm nhiệm -  đảm đương,Động từ nhóm 2,状況に合わせて適切に務める。,Đảm nhiệm một cách phù hợp theo tình huống.,務 (Vụ: nhiệm vụ/công vụ),[1],連: 務めるに関する / 類: đảm nhiệm,vocab
217,取り消す,とりけす,torikesu,Thủ Tiêu,hủy bỏ -  xóa bỏ,Động từ nhóm 1,状況に合わせて適切に取り消す。,Hủy bỏ một cách phù hợp theo tình huống.,取 (Thủ: lấy/cầm lấy) + 消 (Tiêu: tiêu biến/tắt/xóa),[1],連: 取り消すに関する / 類: hủy bỏ,vocab
218,終える,おえる,oeru,Chung,kết thúc,Động từ nhóm 2,状況に合わせて適切に終える。,Kết thúc một cách phù hợp theo tình huống.,終 (Chung: kết thúc/hoàn tất),[0],連: 終えるに関する / 類: kết thúc,vocab
219,呼びかける,よびかける,yobikakeru,Hô,kêu gọi,Động từ nhóm 2,状況に合わせて適切に呼びかける。,Kêu gọi một cách phù hợp theo tình huống.,呼 (Hô: gọi/kêu lên),[1],連: 呼びかけるに関する / 類: kêu gọi,vocab
220,呼び出す,よびだす,yobidasu,Hô Xuất,triệu hồi -  triệu tập,Động từ nhóm 1,状況に合わせて適切に呼び出す。,Triệu hồi một cách phù hợp theo tình huống.,呼 (Hô: gọi/kêu lên) + 出 (Xuất: ra ngoài/xuất hiện),[1],連: 呼び出すに関する / 類: triệu hồi,vocab
221,有難い,ありがたい,arigatai,Hữu Nan,điều đáng quý -  đáng trân trọng -  may quá -  tốt quá,Tính từ -i,この問題は非常に有難い。,Vấn đề này rất điều đáng quý.,有 (Hữu: có/sở hữu) + 難 (Nan: khó khăn/gian nan),[1],連: 有難いに関する / 類: điều đáng quý,vocab
222,申し訳ない,もうしわけない,moushiwakenai,Thân Dịch,thành thật xin lỗi,Tính từ -i,この問題は非常に申し訳ない。,Vấn đề này rất thành thật xin lỗi.,申 (Thân: báo cáo/trình bày) + 訳 (Dịch: dịch thuật/lý do),[1],連: 申し訳ないに関する / 類: thành thật xin lỗi,vocab
223,めでたい,めでたい,medetai,-,mừng -  hoan hỉ,Tính từ -i,新年を迎えるのはとてもめでたいことだ。,Đón năm mới là một điều rất đáng mừng.,-,[1],連: めでたいに関する / 類: mừng,vocab
224,幸いな,さいわいな,saiwaina,Hạnh,cảm kích -  trân trọng -  biết ơn,Tính từ -na,幸いな態度で対応する。,Ứng phó bằng một thái độ cảm kích.,幸 (Hạnh: hạnh phúc/may mắn),[1],連: 幸いなに関する / 類: cảm kích,vocab
225,恋しい,こいしい,koishii,Luyến,thương nhớ -  nhớ nhung,Tính từ -i,この問題は非常に恋しい。,Vấn đề này rất thương nhớ.,恋 (Luyến: tình yêu/yêu đương),[1],連: 恋しいに関する / 類: thương nhớ,vocab
226,懐かしい,なつかしい,natsukashii,Hoài,thân thương -  hoài niệm,Tính từ -i,この問題は非常に懐かしい。,Vấn đề này rất thân thương.,懐 (Hoài: hoài niệm/nhớ nhung),[1],連: 懐かしいに関する / 類: thân thương,vocab
227,幼い,おさない,osanai,Ấu,non nớt -  bé bỏng,Tính từ -i,この問題は非常に幼い。,Vấn đề này rất non nớt.,幼 (Ấu: nhỏ tuổi/thơ ấu),[1],連: 幼いに関する / 類: non nớt,vocab
228,心細い,こころぼそい,kokorobosoi,Tâm Tế,cô đơn -  tủi thân -  bất an,Tính từ -i,この問題は非常に心細い。,Vấn đề này rất cô đơn.,心 (Tâm: trái tim/tâm hồn) + 細 (Tế: nhỏ bé/chi tiết),[1],連: 心細いに関する / 類: cô đơn,vocab
229,かわいそうな,かわいそうな,kawaisouna,-,tội nghiệp -  đáng thương,Tính từ -na,かわいそうな態度で対応する。,Ứng phó bằng một thái độ tội nghiệp.,-,[1],連: かわいそうなに関する / 類: tội nghiệp,vocab
230,気の毒な,きのどくな,kinodokuna,Khí Độc,đáng tiếc -  đáng thương,Tính từ -na,気の毒な態度で対応する。,Ứng phó bằng một thái độ đáng tiếc.,気 (Khí: không khí/tâm trạng/khí chất) + 毒 (Độc: chất độc/độc hại),[1],連: 気の毒なに関する / 類: đáng tiếc,vocab
231,貧しい,まずしい,mazushii,Bần,nghèo -  thiếu thốn,Tính từ -i,この問題は非常に貧しい。,Vấn đề này rất nghèo.,貧 (Bần: nghèo khó/bần cùng),[1],連: 貧しいに関する / 類: nghèo,vocab
232,惜しい,おしい,oshii,Tích,đáng tiếc -  lãng phí,Tính từ -i,この問題は非常に惜しい。,Vấn đề này rất đáng tiếc.,惜 (Tích: tiếc nuối/quý tiếc),[0],連: 惜しいに関する / 類: đáng tiếc,vocab
233,仕方(が)ない,しかた(が)ない,shikata(ga)nai,Sĩ Phương,bó tay -  không còn cách nào khác -  đành chấp nhận,Tính từ -i,この問題は非常に仕方(が)ない。,Vấn đề này rất bó tay.,仕 (Sĩ: phục vụ/công việc) + 方 (Phương: hướng/cách thức/vị),[1],連: 仕方(が)ないに関する / 類: bó tay,vocab
234,やむを得ない,やむをえない,yamuwoenai,Đắc,bất đắc dĩ -  bất khả kháng,Tính từ -i,この問題は非常にやむを得ない。,Vấn đề này rất bất đắc dĩ.,得 (Đắc: đạt được/đắc lợi),[1],連: やむを得ないに関する / 類: bất đắc dĩ,vocab
235,面倒臭い,めんどうくさい,mendoukusai,Diện Đảo Khứu,phiền hà -  rắc rối,Tính từ -i,この問題は非常に面倒臭い。,Vấn đề này rất phiền hà.,面 (Diện: mặt/bề mặt/phương diện) + 倒 (Đảo: ngã/đổ/đảo lộn) + 臭 (Khứu: mùi hôi/mùi xú),[1],連: 面倒臭いに関する / 類: phiền hà,vocab
236,しつこい,しつこい,shitsukoi,-,lằng nhằng -  nói hoài -  cảm ràm,Tính từ -i,この問題は非常にしつこい。,Vấn đề này rất lằng nhằng.,-,[1],連: しつこいに関する / 類: lằng nhằng,vocab
237,くどい,くどい,kudoi,-,dài dòng -  lắm lời,Tính từ -i,この問題は非常にくどい。,Vấn đề này rất dài dòng.,-,[0],連: くどいに関する / 類: dài dòng,vocab
238,煙い,けむい,kemui,Yên,khói mù mịt,Tính từ -i,この問題は非常に煙い。,Vấn đề này rất khói mù mịt.,煙 (Yên: khói thuốc/khói bụi),[0],連: 煙いに関する / 類: khói mù mịt,vocab
239,邪魔な,じゃまな,jamana,Tà Ma,vướng víu -  cản trở,Tính từ -na,邪魔な態度で対応する。,Ứng phó bằng một thái độ vướng víu.,邪 (Tà: tai hại/cảm cúm/tà ma) + 魔 (Ma: ma quỷ/ma thuật),[1],連: 邪魔なに関する / 類: vướng víu,vocab
240,うるさい,うるさい,urusai,-,dài dòng -  phiền phức -  ồn ào,Tính từ -i,この問題は非常にうるさい。,Vấn đề này rất dài dòng.,-,[1],連: うるさいに関する / 類: dài dòng,vocab
241,騒々しい,そうぞうしい,souzoushii,Tào,ồn ào -  hỗn loạn -  inh ỏi,Tính từ -i,この問題は非常に騒々しい。,Vấn đề này rất ồn ào.,騒 (Tào: ồn ào/náo loạn),[1],連: 騒々しいに関する / 類: ồn ào,vocab
242,慌ただしい,あわただしい,awatadashii,Hoảng,bận túi bụi -  không yên ổn,Tính từ -i,この問題は非常に慌ただしい。,Vấn đề này rất bận túi bụi.,慌 (Hoảng: hoảng loạn/bối rối),[1],連: 慌ただしいに関する / 類: bận túi bụi,vocab
243,そそっかしい,そそっかしい,sosokkashii,-,hấp tấp -  nôn nóng -  cẩu thả,Tính từ -i,この問題は非常にそそっかしい。,Vấn đề này rất hấp tấp.,-,[1],連: そそっかしいに関する / 類: hấp tấp,vocab
244,思いがけない,おもいがけない,omoigakenai,Tư,không ngờ -  vô tình,Tính từ -i,この問題は非常に思いがけない。,Vấn đề này rất không ngờ.,思 (Tư: suy nghĩ/tư tưởng),[1],連: 思いがけないに関する / 類: không ngờ,vocab
245,何気ない,なにげない,nanigenai,Hà Khí,ngẫu nhiên -  tình cờ -  không cô ý,Tính từ -i,この問題は非常に何気ない。,Vấn đề này rất ngẫu nhiên.,何 (Hà: cái gì) + 気 (Khí: không khí/tâm trạng/khí chất),[1],連: 何気ないに関する / 類: ngẫu nhiên,vocab
246,とんでもない,とんでもない,tondemonai,-,ngoài sức tưởng tượng,Tính từ -i,この問題は非常にとんでもない。,Vấn đề này rất ngoài sức tưởng tượng.,-,[1],連: とんでもないに関する / 類: ngoài sức tưởng tượng,vocab
247,くだらない,くだらない,kudaranai,-,chán phèo -  xàm -  vô tích sự,Tính từ -i,この問題は非常にくだらない。,Vấn đề này rất chán phèo.,-,[1],連: くだらないに関する / 類: chán phèo,vocab
248,ばかばかしい,ばかばかしい,bakabakashii,-,vớ vẫn -  ngu ngốc,Tính từ -i,この問題は非常にばかばかしい。,Vấn đề này rất vớ vẫn.,-,[1],連: ばかばかしいに関する / 類: vớ vẫn,vocab
249,でたらめな,でたらめな,detaramena,-,bừa bãi -  không căn cứ,Tính từ -na,でたらめな態度で対応する。,Ứng phó bằng một thái độ bừa bãi.,-,[1],連: でたらめなに関する / 類: bừa bãi,vocab
250,だらしない,だらしない,darashinai,-,câu thả -  lỏng lẻo -  luộm thuộm -  bất cần,Tính từ -i,この問題は非常にだらしない。,Vấn đề này rất câu thả.,-,[1],連: だらしないに関する / 類: câu thả,vocab
251,ずうずうしい,ずうずうしい,zuuzuushii,-,vô liêm sỉ -  trơ trẽn,Tính từ -i,この問題は非常にずうずうしい。,Vấn đề này rất vô liêm sỉ.,-,[1],連: ずうずうしいに関する / 類: vô liêm sỉ,vocab
252,ずるい,ずるい,zurui,-,ranh mãnh -  láu cá -  gian xảo,Tính từ -i,この問題は非常にずるい。,Vấn đề này rất ranh mãnh.,-,[0],連: ずるいに関する / 類: ranh mãnh,vocab
253,憎らしい,にくらしい,nikurashii,Tăng,đáng ghét -  ghen tị,Tính từ -i,この問題は非常に憎らしい。,Vấn đề này rất đáng ghét.,憎 (Tăng: căm ghét/hận thù),[1],連: 憎らしいに関する / 類: đáng ghét,vocab
254,憎い,にくい,nikui,Tăng,căm ghét,Tính từ -i,この問題は非常に憎い。,Vấn đề này rất căm ghét.,憎 (Tăng: căm ghét/hận thù),[0],連: 憎いに関する / 類: căm ghét,vocab
255,険しい,けわしい,kewashii,Hiểm,hiểm trở -  cộc cằn -  nghiêm khắc -  hung dữ,Tính từ -i,この問題は非常に険しい。,Vấn đề này rất hiểm trở.,険 (Hiểm: hiểm trở/nguy hiểm),[1],連: 険しいに関する / 類: hiểm trở,vocab
256,辛い,つらい,tsurai,Tân,đau đớn -  khổ sở,Tính từ -i,この問題は非常に辛い。,Vấn đề này rất đau đớn.,辛 (Tân: cay đắng/khổ cực),[0],連: 辛いに関する / 類: đau đớn,vocab
257,きつい,きつい,kitsui,-,chật -  gay go -  khó khăn,Tính từ -i,この問題は非常にきつい。,Vấn đề này rất chật.,-,[0],連: きついに関する / 類: chật,vocab
258,緩い,ゆるい,yurui,Hoãn,lỏng lẻo -  thoải -  nhẹ nhàng,Tính từ -i,この問題は非常に緩い。,Vấn đề này rất lỏng lẻo.,緩 (Hoãn: nới lỏng/chậm trễ),[0],連: 緩いに関する / 類: lỏng lẻo,vocab
259,鈍い,にぶい,nibui,Độn,Cùn ( dao ) -  đần độn -  yếu -  chậm -  lờ mờ,Tính từ -i,この問題は非常に鈍い。,Vấn đề này rất Cùn ( dao ).,鈍 (Độn: chậm chạp/cùn),[0],連: 鈍いに関する / 類: Cùn ( dao ),vocab
260,鋭い,するどい,surudoi,Nhuệ,sắc bén -  sắc sảo -  nhạy bén,Tính từ -i,この問題は非常に鋭い。,Vấn đề này rất sắc bén.,鋭 (Nhuệ: sắc bén/nhanh nhạy),[1],連: 鋭いに関する / 類: sắc bén,vocab
261,荒い・粗い,あらい,arai,Hoang Thô,thô bạo -  cục súc -  cộc cằn,Danh từ,荒い・粗いについて詳しく調査する。,Nghiên cứu kỹ lưỡng về thô bạo.,荒 (Hoang: hoang vu/hung dữ/bão táp) + 粗 (Thô: thô ráp/sơ sài),[0],連: 荒い・粗いに関する / 類: thô bạo,vocab
262,強引な,ごういんな,gouinna,Cường Dẫn,cưỡng bức -  miễn cưỡng,Tính từ -na,強引な態度で対応する。,Ứng phó bằng một thái độ cưỡng bức.,強 (Cường: mạnh mẽ/cường tráng) + 引 (Dẫn: kéo/dẫn dắt),[1],連: 強引なに関する / 類: cưỡng bức,vocab
263,勝手な,かってな,kattena,Thắng Thủ,tự ý -  tự tiện -  ích ki,Tính từ -na,勝手な態度で対応する。,Ứng phó bằng một thái độ tự ý.,勝 (Thắng: thắng lợi/vượt trội) + 手 (Thủ: bàn tay/người làm),[1],連: 勝手なに関する / 類: tự ý,vocab
264,強気な,つよきな,tsuyokina,Cường Khí,táo bạo -  mạnh mẽ,Tính từ -na,強気な態度で対応する。,Ứng phó bằng một thái độ táo bạo.,強 (Cường: mạnh mẽ/cường tráng) + 気 (Khí: không khí/tâm trạng/khí chất),[1],連: 強気なに関する / 類: táo bạo,vocab
265,頑固な,がんこな,gankona,Ngoan Cố,bảo thủ -  cố chấp,Tính từ -na,頑固な態度で対応する。,Ứng phó bằng một thái độ bảo thủ.,頑 (Ngoan: ngoan cố/bướng bỉnh/chăm chỉ) + 固 (Cố: cố định/kiên cố),[1],連: 頑固なに関する / 類: bảo thủ,vocab
266,過剰な,かじょうな,kajouna,Quá Thặng,quá độ -  thái quá,Tính từ -na,過剰な態度で対応する。,Ứng phó bằng một thái độ quá độ.,過 (Quá: vượt qua/quá độ/lỗi lầm) + 剰 (Thặng: dư thừa/thặng dư),[1],連: 過剰なに関する / 類: quá độ,vocab
267,重大な,じゅうたいな,juutaina,Trọng Đại,trọng đại -  quan trọng,Tính từ -na,重大な態度で対応する。,Ứng phó bằng một thái độ trọng đại.,重 (Trọng: nặng nề/quan trọng/chồng chất) + 大 (Đại: to lớn/vĩ đại),[1],連: 重大なに関する / 類: trọng đại,vocab
268,深刻な,しんこくな,shinkokuna,Thâm Khắc,nghiêm trọng,Tính từ -na,深刻な態度で対応する。,Ứng phó bằng một thái độ nghiêm trọng.,深 (Thâm: sâu sắc/sâu thẳm) + 刻 (Khắc: khắc/thời khắc),[1],連: 深刻なに関する / 類: nghiêm trọng,vocab
269,気楽な,きらくな,kirakuna,Khí Lạc,thoải mái -  thong thả,Tính từ -na,気楽な態度で対応する。,Ứng phó bằng một thái độ thoải mái.,気 (Khí: không khí/tâm trạng/khí chất) + 楽 (Lạc: vui vẻ/âm nhạc),[1],連: 気楽なに関する / 類: thoải mái,vocab
270,安易な,あんいな,an'ina,An Dịch,dễ dàng -  đơn giản -  bất cần,Tính từ -na,安易な態度で対応する。,Ứng phó bằng một thái độ dễ dàng.,安 (An: an toàn/yên ổn/rẻ) + 易 (Dịch: dễ dàng/thay đổi),[1],連: 安易なに関する / 類: dễ dàng,vocab
271,運,うん,un,Vận,số -  vận mệnh,Danh từ,運について詳しく調査する。,Nghiên cứu kỹ lưỡng về số.,運 (Vận: vận may/vận chuyển/vận động),[0],連: 運に関する / 類: số,vocab
272,勘,かん,kan,Khám,trực giác -  linh cảm,Danh từ,勘について詳しく調査する。,Nghiên cứu kỹ lưỡng về trực giác.,勘 (Khám: trực giác/linh cảm),[0],連: 勘に関する / 類: trực giác,vocab
273,感覚,かんかく,kankaku,Cảm Giác,cảm giác -  giác quan,Danh từ,感覚について詳しく調査する。,Nghiên cứu kỹ lưỡng về cảm giác.,感 (Cảm: cảm giác/cảm xúc) + 覚 (Giác: ghi nhớ/tỉnh giấc/cảm giác),[1],連: 感覚に関する / 類: cảm giác,vocab
274,神経,しんけい,shinkei,Thần Kinh,thần kinh -  tinh thần,Danh từ,神経について詳しく調査する。,Nghiên cứu kỹ lưỡng về thần kinh.,神 (Thần: thần thánh/tinh thần) + 経 (Kinh: trải qua/kinh tế),[1],連: 神経に関する / 類: thần kinh,vocab
275,記憶,きおく,kioku,Ký Ức,ký ức -  trí nhớ,Động từ nhóm 1,状況に合わせて適切に記憶。,Ký ức một cách phù hợp theo tình huống.,記 (Ký: ghi nhớ/ký lục/ghi chép) + 憶 (Ức: ký ức/nhớ lại),[0],連: 記憶に関する / 類: ký ức,vocab
276,様子,ようす,yousu,Dạng Tử,bộ dạng -  tình trạng -  tình hình,Danh từ,様子について詳しく調査する。,Nghiên cứu kỹ lưỡng về bộ dạng.,様 (Dạng: hình dáng/ngài) + 子 (Tử: con cái/đứa trẻ),[0],連: 様子に関する / 類: bộ dạng,vocab
277,雰囲気,ふんいき,fun'iki,Phân Vi Khí,bầu không khí -  phong thái,Danh từ,雰囲気について詳しく調査する。,Nghiên cứu kỹ lưỡng về bầu không khí.,雰 (Phân: bầu không khí) + 囲 (Vi: bao quanh/phạm vi) + 気 (Khí: không khí/tâm trạng/khí chất),[1],連: 雰囲気に関する / 類: bầu không khí,vocab
278,魅力,みりょく,miryoku,Mị Lực,sức hút -  sức hấp dẫn -  quyến rũ -  ma lực,Động từ nhóm 1,状況に合わせて適切に魅力。,Sức hút một cách phù hợp theo tình huống.,魅 (Mị: mê hoặc/quyến rũ) + 力 (Lực: sức lực/khả năng),[1],連: 魅力に関する / 類: sức hút,vocab
279,機嫌,きげん,kigen,Cơ Hiềm,tâm trạng -  thần thái -  sắc mặt,Danh từ,機嫌について詳しく調査する。,Nghiên cứu kỹ lưỡng về tâm trạng.,機 (Cơ: máy móc/cơ hội) + 嫌 (Hiềm: ghét/hiềm khích),[0],連: 機嫌に関する / 類: tâm trạng,vocab
280,関心,かんしん,kanshin,Quan Tâm,quan tâm,Danh từ,関心について詳しく調査する。,Nghiên cứu kỹ lưỡng về quan tâm.,関 (Quan: liên quan/quan hệ/cửa ải) + 心 (Tâm: trái tim/tâm hồn),[1],連: 関心に関する / 類: quan tâm,vocab
281,意欲,いよく,iyoku,Ý Dục,mong muốn -  hứng thú,Danh từ,意欲について詳しく調査する。,Nghiên cứu kỹ lưỡng về mong muốn.,意 (Ý: ý chí/ý nghĩa) + 欲 (Dục: ham muốn/khao khát),[0],連: 意欲に関する / 類: mong muốn,vocab
282,全力,ぜんりょく,zenryoku,Toàn Lực,sung sức -  toàn lực,Danh từ,全力について詳しく調査する。,Nghiên cứu kỹ lưỡng về sung sức.,全 (Toàn: toàn bộ/toàn vẹn) + 力 (Lực: sức lực/khả năng),[1],連: 全力に関する / 類: sung sức,vocab
283,本気,ほんき,honki,Bản Khí,nghiêm túc -  hết sức -  hết minh,Danh từ,本気について詳しく調査する。,Nghiên cứu kỹ lưỡng về nghiêm túc.,本 (Bản: sách/nguồn gốc/gốc rễ) + 気 (Khí: không khí/tâm trạng/khí chất),[0],連: 本気に関する / 類: nghiêm túc,vocab
284,意識,いしき,ishiki,Ý Thức,nhận thức -  để ý đến,Danh từ,意識について詳しく調査する。,Nghiên cứu kỹ lưỡng về nhận thức.,意 (Ý: ý chí/ý nghĩa) + 識 (Thức: tri thức/nhận thức),[0],連: 意識に関する / 類: nhận thức,vocab
285,感激,かんげき,kangeki,Cảm Kích,cảm kích -  xúc động,Danh từ,感激について詳しく調査する。,Nghiên cứu kỹ lưỡng về cảm kích.,感 (Cảm: cảm giác/cảm xúc) + 激 (Kích: kịch liệt/mãnh liệt),[1],連: 感激に関する / 類: cảm kích,vocab
286,同情,どうじょう,doujou,Đồng Tình,đồng cảm -  cảm thương,Danh từ,同情について詳しく調査する。,Nghiên cứu kỹ lưỡng về đồng cảm.,同 (Đồng: cùng nhau/giống nhau) + 情 (Tình: tình cảm/hoàn cảnh),[1],連: 同情に関する / 類: đồng cảm,vocab
287,同意,どうい,doui,Đồng Ý,đồng ý,Tính từ -i,この問題は非常に同意。,Vấn đề này rất đồng ý.,同 (Đồng: cùng nhau/giống nhau) + 意 (Ý: ý chí/ý nghĩa),[0],連: 同意に関する / 類: đồng ý,vocab
288,同感,どうかん,doukan,Đồng Cảm,đồng tình -  cùng ý kiến,Danh từ,同感について詳しく調査する。,Nghiên cứu kỹ lưỡng về đồng tình.,同 (Đồng: cùng nhau/giống nhau) + 感 (Cảm: cảm giác/cảm xúc),[1],連: 同感に関する / 類: đồng tình,vocab
289,対立,たいりつ,tairitsu,Đối Lập,xung đột -  phản đối,Danh từ,対立について詳しく調査する。,Nghiên cứu kỹ lưỡng về xung đột.,対 (Đối: đối diện/đối lập) + 立 (Lập: đứng/thành lập),[1],連: 対立に関する / 類: xung đột,vocab
290,主張,しゅちょう,shuchou,Chủ Trương,chủ trương -  quan điểm,Động từ nhóm 1,状況に合わせて適切に主張。,Chủ trương một cách phù hợp theo tình huống.,主 (Chủ: làm chủ/chủ nhân) + 張 (Trương: căng ra/kéo dài),[1],連: 主張に関する / 類: chủ trương,vocab
291,要求,ようきゅう,youkyuu,Yếu Cầu,yêu cầu,Động từ nhóm 1,状況に合わせて適切に要求。,Yêu cầu một cách phù hợp theo tình huống.,要 (Yếu: quan trọng/cần thiết) + 求 (Cầu: yêu cầu/tìm kiếm),[1],連: 要求に関する / 類: yêu cầu,vocab
292,得,とく,toku,Đắc,lợi ích -  lãi,Danh từ,得について詳しく調査する。,Nghiên cứu kỹ lưỡng về lợi ích.,得 (Đắc: đạt được/đắc lợi),[0],連: 得に関する / 類: lợi ích,vocab
293,損,そん,son,Tổn,lỗ -  tổn thất -  thiệt hại,Danh từ,損について詳しく調査する。,Nghiên cứu kỹ lưỡng về lỗ.,損 (Tổn: tổn thất/thiệt hại),[0],連: 損に関する / 類: lỗ,vocab
294,勝負,しょうぶ,shoubu,Thắng Phụ,cạnh tranh -  trận đầu -  hơn thua,Danh từ,勝負について詳しく調査する。,Nghiên cứu kỹ lưỡng về cạnh tranh.,勝 (Thắng: thắng lợi/vượt trội) + 負 (Phụ: thua cuộc/gánh chịu),[1],連: 勝負に関する / 類: cạnh tranh,vocab
295,勢い,いきおい,ikioi,Thế,mạnh mẽ -  tràn trề -  khí thế,Tính từ -i,この問題は非常に勢い。,Vấn đề này rất mạnh mẽ.,勢 (Thế: thế lực/khí thế),[1],連: 勢いに関する / 類: mạnh mẽ,vocab
296,爆発,ばくはつ,bakuhatsu,Bộc Phát,phát nổ -  bùng nổ,Danh từ,爆発について詳しく調査する。,Nghiên cứu kỹ lưỡng về phát nổ.,爆 (Bộc: bộc phát/nổ tung) + 発 (Phát: phát triển/xuất phát),[1],連: 爆発に関する / 類: phát nổ,vocab
297,災害,さいがい,saigai,Tai Hại,tai họa -  thảm họa,Danh từ,災害について詳しく調査する。,Nghiên cứu kỹ lưỡng về tai họa.,災 (Tai: tai họa/tai nạn) + 害 (Hại: tác hại/thiệt hại),[1],連: 災害に関する / 類: tai họa,vocab
298,天候,てんこう,tenkou,Thiên Hậu,thời tiết -  khí hậu,Danh từ,天候について詳しく調査する。,Nghiên cứu kỹ lưỡng về thời tiết.,天 (Thiên: trời/thiên nhiên) + 候 (Hậu: khí hậu/thời tiết),[1],連: 天候に関する / 類: thời tiết,vocab
299,乾燥,かんそう,kansou,Càn Táo,sự khô khan -  khô hạn,Động từ nhóm 1,状況に合わせて適切に乾燥。,Sự khô khan một cách phù hợp theo tình huống.,乾 (Càn: khô/ráo) + 燥 (Táo: khô ráo/hanh khô),[1],連: 乾燥に関する / 類: sự khô khan,vocab
300,観測,かんそく,kansoku,Quan Trắc,quan sát -  dự đoán -  đo đạc,Động từ nhóm 1,状況に合わせて適切に観測。,Quan sát một cách phù hợp theo tình huống.,観 (Quan: quan sát/quan điểm) + 測 (Trắc: đo lường/trắc lượng),[1],連: 観測に関する / 類: quan sát,vocab
301,遭難,そうなん,sounan,Tao Nan,gặp nạn -  mất phương hướng,Danh từ,遭難について詳しく調査する。,Nghiên cứu kỹ lưỡng về gặp nạn.,遭 (Tao: gặp phải/tao ngộ) + 難 (Nan: khó khăn/gian nan),[1],連: 遭難に関する / 類: gặp nạn,vocab
302,発生,はっせい,hassei,Phát Sinh,phát sinh,Danh từ,発生について詳しく調査する。,Nghiên cứu kỹ lưỡng về phát sinh.,発 (Phát: phát triển/xuất phát) + 生 (Sinh: sinh sống/sinh đẻ/sống),[1],連: 発生に関する / 類: phát sinh,vocab
303,登場,とうじょう,toujou,Đăng Trường,phát hành -  xuất hiện,Danh từ,登場について詳しく調査する。,Nghiên cứu kỹ lưỡng về phát hành.,登 (Đăng: leo lên/đăng nhập) + 場 (Trường: nơi chốn/hội trường),[1],連: 登場に関する / 類: phát hành,vocab
304,回復,かいふく,kaifuku,Hồi Phục,hồi phục,Danh từ,回復について詳しく調査する。,Nghiên cứu kỹ lưỡng về hồi phục.,回 (Hồi: quay lại/vòng quanh) + 復 (Phục: phục hồi/lặp lại),[1],連: 回復に関する / 類: hồi phục,vocab
305,援助,えんじょ,enjo,Viện Trợ,hỗ trợ -  chỉ viện,Danh từ,援助について詳しく調査する。,Nghiên cứu kỹ lưỡng về hỗ trợ.,援 (Viện: giúp đỡ/viện trợ) + 助 (Trợ: giúp đỡ/cứu trợ),[1],連: 援助に関する / 類: hỗ trợ,vocab
306,保険,ほけん,hoken,Bảo Hiểm,bảo hiểm,Danh từ,保険について詳しく調査する。,Nghiên cứu kỹ lưỡng về bảo hiểm.,保 (Bảo: bảo vệ/duy trì) + 険 (Hiểm: hiểm trở/nguy hiểm),[0],連: 保険に関する / 類: bảo hiểm,vocab
307,追加,ついか,tsuika,Truy Gia,bổ sung -  trả thêm,Danh từ,追加について詳しく調査する。,Nghiên cứu kỹ lưỡng về bổ sung.,追 (Truy: đuổi theo/truy lùng) + 加 (Gia: thêm vào/tham gia),[0],連: 追加に関する / 類: bổ sung,vocab
308,応用,おうよう,ouyou,Ứng Dụng,ứng dụng -  áp dụng,Danh từ,応用について詳しく調査する。,Nghiên cứu kỹ lưỡng về ứng dụng.,応 (Ứng: đáp ứng/phản ứng) + 用 (Dụng: sử dụng/công dụng),[1],連: 応用に関する / 類: ứng dụng,vocab
309,解答・回答,かいとう,kaitou,Giải Đáp Hồi Đáp,đáp án -  hồi đáp -  trả lời,Động từ nhóm 1,状況に合わせて適切に解答・回答。,Đáp án một cách phù hợp theo tình huống.,解 (Giải: giải thích/giải tỏa/hiểu) + 答 (Đáp: trả lời/đáp án) + 回 (Hồi: quay lại/vòng quanh) + 答 (Đáp: trả lời/đáp án),[1],連: 解答・回答に関する / 類: đáp án,vocab
310,結論,けつろん,ketsuron,Kết Luận,kết luận,Danh từ,結論について詳しく調査する。,Nghiên cứu kỹ lưỡng về kết luận.,結 (Kết: kết nối/kết quả) + 論 (Luận: bàn luận/lý luận),[1],連: 結論に関する / 類: kết luận,vocab
311,案,あん,an,Án,phương án -  ý tưởng -  đề xuất,Danh từ,案について詳しく調査する。,Nghiên cứu kỹ lưỡng về phương án.,案 (Án: đề案/kế hoạch),[0],連: 案に関する / 類: phương án,vocab
312,集中,しゅうちゅう,shuuchuu,Tập Trung,tập trung,Danh từ,集中について詳しく調査する。,Nghiên cứu kỹ lưỡng về tập trung.,集 (Tập: tập hợp/thu thập) + 中 (Trung: trong/ở giữa),[1],連: 集中に関する / 類: tập trung,vocab
313,区別,くべつ,kubetsu,Khu Biệt,phân biệt,Danh từ,区別について詳しく調査する。,Nghiên cứu kỹ lưỡng về phân biệt.,区 (Khu: khu vực/phân khu) + 別 (Biệt: phân biệt/khác biệt),[0],連: 区別に関する / 類: phân biệt,vocab
314,差別,さべつ,sabetsu,Sai Biệt,khác biệt,Danh từ,差別について詳しく調査する。,Nghiên cứu kỹ lưỡng về khác biệt.,差 (Sai: sai khác/khoảng cách) + 別 (Biệt: phân biệt/khác biệt),[0],連: 差別に関する / 類: khác biệt,vocab
315,中間,ちゅうかん,chuukan,Trung Gian,ở giữa -  trung gian,Danh từ,中間について詳しく調査する。,Nghiên cứu kỹ lưỡng về ở giữa.,中 (Trung: trong/ở giữa) + 間 (Gian: khoảng cách/thế gian/thời gian),[1],連: 中間に関する / 類: ở giữa,vocab
316,逆,ぎゃく,gyaku,Nghịch,ngược lại -  tương phản,Phó từ,逆物事が進んでいる。,Mọi việc đang tiến triển (ngược lại).,逆 (Nghịch: ngược lại/nghịch cảnh),[0],連: 逆に関する / 類: ngược lại,vocab
317,よそ,よそ,yoso,-,nơi khác,Danh từ,よそについて詳しく調査する。,Nghiên cứu kỹ lưỡng về nơi khác.,-,[0],連: よそに関する / 類: nơi khác,vocab
318,外,ほか,hoka,Ngoại,khác -  ngoài ra,Danh từ,外について詳しく調査する。,Nghiên cứu kỹ lưỡng về khác.,外 (Ngoại: bên ngoài/ngoại trừ),[0],連: 外に関する / 類: khác,vocab
319,境,さかい,sakai,Cảnh,biên giới -  ngăn cách,Tính từ -i,この問題は非常に境。,Vấn đề này rất biên giới.,境 (Cảnh: ranh giới/hoàn cảnh),[0],連: 境に関する / 類: biên giới,vocab
320,半ば,なかば,nakaba,Bán,một nửa -  1 phần -  lưng chừng,Danh từ,半ばについて詳しく調査する。,Nghiên cứu kỹ lưỡng về một nửa.,半 (Bán: một nửa/nửa chừng),[0],連: 半ばに関する / 類: một nửa,vocab
321,普段,ふだん,fudan,Phổ Đoạn,thường ngày -  thường xuyên,Phó từ,普段物事が進んでいる。,Mọi việc đang tiến triển (thường ngày).,普 (Phổ: phổ biến/rộng khắp) + 段 (Đoạn: bậc thang/giai đoạn),[0],連: 普段に関する / 類: thường ngày,vocab
322,日常,にちじょう,nichijou,Nhật Thường,ngày thường -  thường nhật,Danh từ,日常について詳しく調査する。,Nghiên cứu kỹ lưỡng về ngày thường.,日 (Nhật: mặt trời/ngày) + 常 (Thường: thường ngày/bình thường),[1],連: 日常に関する / 類: ngày thường,vocab
323,一般,いっぱん,ippan,Nhất Bát,phổ biến -  thông thường,Danh từ,一般について詳しく調査する。,Nghiên cứu kỹ lưỡng về phổ biến.,一 (Nhất: một/nhất thể) + 般 (Bát: chung quy/toàn thể/bình thường),[1],連: 一般に関する / 類: phổ biến,vocab
324,常識,じょうしき,joushiki,Thường Thức,dĩ nhiên -  đương nhiên -  thông thường,Danh từ,常識について詳しく調査する。,Nghiên cứu kỹ lưỡng về dĩ nhiên.,常 (Thường: thường ngày/bình thường) + 識 (Thức: tri thức/nhận thức),[1],連: 常識に関する / 類: dĩ nhiên,vocab
325,ことわざ,ことわざ,kotowaza,-,ca dao tục ngữ,Danh từ,ことわざについて詳しく調査する。,Nghiên cứu kỹ lưỡng về ca dao tục ngữ.,-,[1],連: ことわざに関する / 類: ca dao tục ngữ,vocab
326,権利,けんり,kenri,Quyền Lợi,quyền lợi,Danh từ,権利について詳しく調査する。,Nghiên cứu kỹ lưỡng về quyền lợi.,権 (Quyền: quyền lực/quyền hạn) + 利 (Lợi: lợi ích/tiện lợi),[0],連: 権利に関する / 類: quyền lợi,vocab
327,義務,ぎむ,gimu,Nghĩa Vụ,nghĩa vụ,Động từ nhóm 1,状況に合わせて適切に義務。,Nghĩa vụ một cách phù hợp theo tình huống.,義 (Nghĩa: ý nghĩa/chính nghĩa) + 務 (Vụ: nhiệm vụ/công vụ),[0],連: 義務に関する / 類: nghĩa vụ,vocab
328,きっかけ,きっかけ,kikkake,-,động cơ,Danh từ,きっかけについて詳しく調査する。,Nghiên cứu kỹ lưỡng về động cơ.,-,[1],連: きっかけに関する / 類: động cơ,vocab
329,行動,こうどう,koudou,Hành Động,hành động -  tác phong,Danh từ,行動について詳しく調査する。,Nghiên cứu kỹ lưỡng về hành động.,行 (Hành: đi/tiến hành/hàng lối) + 動 (Động: hoạt động/chuyển động),[1],連: 行動に関する / 類: hành động,vocab
330,使用,しよう,shiyou,Sử Dụng,sử dụng,Danh từ,使用について詳しく調査する。,Nghiên cứu kỹ lưỡng về sử dụng.,使 (Sử: dùng/sử dụng) + 用 (Dụng: sử dụng/công dụng),[0],連: 使用に関する / 類: sử dụng,vocab
331,提出,ていしゅつ,teishutsu,Đề Xuất,nộp lại -  giao nộp,Danh từ,提出について詳しく調査する。,Nghiên cứu kỹ lưỡng về nộp lại.,提 (Đề: đề xuất/nâng lên) + 出 (Xuất: ra ngoài/xuất hiện),[1],連: 提出に関する / 類: nộp lại,vocab
332,期限,きげん,kigen,Kỳ Hạn,thời hạn -  kỳ hạn,Danh từ,期限について詳しく調査する。,Nghiên cứu kỹ lưỡng về thời hạn.,期 (Kỳ: thời kỳ/kỳ hạn) + 限 (Hạn: giới hạn/hạn độ),[0],連: 期限に関する / 類: thời hạn,vocab
333,延期,えんき,enki,Duyên Kỳ,trì hoãn,Danh từ,延期について詳しく調査する。,Nghiên cứu kỹ lưỡng về trì hoãn.,延 (Duyên: kéo dài/trì hoãn) + 期 (Kỳ: thời kỳ/kỳ hạn),[0],連: 延期に関する / 類: trì hoãn,vocab
334,延長,えんちょう,enchou,Duyên Trường,kéo dài -  gia hạn,Động từ nhóm 1,状況に合わせて適切に延長。,Kéo dài một cách phù hợp theo tình huống.,延 (Duyên: kéo dài/trì hoãn) + 長 (Trường: dài/lớn nhất/thủ trưởng),[1],連: 延長に関する / 類: kéo dài,vocab
335,短縮,たんしゅく,tanshuku,Đoản Súc,rút ngắn -  co lại,Động từ nhóm 1,状況に合わせて適切に短縮。,Rút ngắn một cách phù hợp theo tình huống.,短 (Đoản: ngắn/ngắn ngủi) + 縮 (Súc: co lại/rút ngắn),[1],連: 短縮に関する / 類: rút ngắn,vocab
336,映像,えいぞう,eizou,Ánh Tượng,hình ảnh,Danh từ,映像について詳しく調査する。,Nghiên cứu kỹ lưỡng về hình ảnh.,映 (Ánh: phản chiếu/chiếu phim) + 像 (Tượng: hình ảnh/bức tượng),[1],連: 映像に関する / 類: hình ảnh,vocab
337,撮影,さつえい,satsuei,Toát Ảnh,chụp ảnh -  quay phim,Danh từ,撮影について詳しく調査する。,Nghiên cứu kỹ lưỡng về chụp ảnh.,撮 (Toát: chụp ảnh/quay phim) + 影 (Ảnh: cái bóng/ảnh hưởng),[1],連: 撮影に関する / 類: chụp ảnh,vocab
338,背景,はいけい,haikei,Bối Cảnh,bối cảnh -  phông nền -  hậu thuẫn,Danh từ,背景について詳しく調査する。,Nghiên cứu kỹ lưỡng về bối cảnh.,背 (Bối: lưng/phía sau/quay lưng) + 景 (Cảnh: phong cảnh/quang cảnh),[1],連: 背景に関する / 類: bối cảnh,vocab
339,独立,どくりつ,dokuritsu,Độc Lập,độc lập,Danh từ,独立について詳しく調査する。,Nghiên cứu kỹ lưỡng về độc lập.,独 (Độc: độc nhất/cô độc) + 立 (Lập: đứng/thành lập),[1],連: 独立に関する / 類: độc lập,vocab
340,候補,こうほ,kouho,Hậu Bổ,ứng cử -  ứng viên,Danh từ,候補について詳しく調査する。,Nghiên cứu kỹ lưỡng về ứng cử.,候 (Hậu: khí hậu/thời tiết) + 補 (Bổ: bổ sung/bù đắp),[0],連: 候補に関する / 類: ứng cử,vocab
341,支持,しじ,shiji,Chi Trì,chống đỡ -  ủng hộ -  viện trợ,Danh từ,支持について詳しく調査する。,Nghiên cứu kỹ lưỡng về chống đỡ.,支 (Chi: chống đỡ/chi trả) + 持 (Trì: cầm/nắm giữ/duy trì),[0],連: 支持に関する / 類: chống đỡ,vocab
342,投票,とうひょう,touhyou,Đầu Phiếu,bầu cử -  bầu chọn,Động từ nhóm 1,状況に合わせて適切に投票。,Bầu cử một cách phù hợp theo tình huống.,投 (Đầu: ném/đầu tư) + 票 (Phiếu: lá phiếu/vé),[1],連: 投票に関する / 類: bầu cử,vocab
343,当選,とうせん,tousen,Đương Tuyển,trúng cử -  giành được -  đắc cử,Danh từ,当選について詳しく調査する。,Nghiên cứu kỹ lưỡng về trúng cử.,当 (Đương: chính xác/đảm đương) + 選 (Tuyển: lựa chọn/tuyển chọn),[1],連: 当選に関する / 類: trúng cử,vocab
344,抽選,ちゅうせん,chuusen,Trừu Tuyển,rút thăm,Danh từ,抽選について詳しく調査する。,Nghiên cứu kỹ lưỡng về rút thăm.,抽 (Trừu: rút ra/trừu xuất) + 選 (Tuyển: lựa chọn/tuyển chọn),[1],連: 抽選に関する / 類: rút thăm,vocab
345,配布,はいふ,haifu,Phối Bố,phân phát -  cung cấp,Danh từ,配布について詳しく調査する。,Nghiên cứu kỹ lưỡng về phân phát.,配 (Phối: phân phát/phối hợp/lo lắng) + 布 (Bố: vải vóc/phân bố),[0],連: 配布に関する / 類: phân phát,vocab
346,失格,しっかく,shikkaku,Thất Cách,mất tư cách -  mất quyền -  bị loại -  bị đuổi,Động từ nhóm 1,状況に合わせて適切に失格。,Mất tư cách một cách phù hợp theo tình huống.,失 (Thất: mất/thất bại) + 格 (Cách: tư cách/quy chuẩn),[1],連: 失格に関する / 類: mất tư cách,vocab
347,余暇,よか,yoka,Dư Hạ,thời gian rỗi -  giải trí,Danh từ,余暇について詳しく調査する。,Nghiên cứu kỹ lưỡng về thời gian rỗi.,余 (Dư: thừa/dư thừa) + 暇 (Hạ: rảnh rỗi/nhàn rỗi),[0],連: 余暇に関する / 類: thời gian rỗi,vocab
348,行事,ぎょうじ,gyouji,Hành Sự,sự kiện -  lễ hội,Danh từ,行事について詳しく調査する。,Nghiên cứu kỹ lưỡng về sự kiện.,行 (Hành: đi/tiến hành/hàng lối) + 事 (Sự: sự việc/công việc),[1],連: 行事に関する / 類: sự kiện,vocab
349,理想,りそう,risou,Lý Tưởng,lý tưởng,Danh từ,理想について詳しく調査する。,Nghiên cứu kỹ lưỡng về lý tưởng.,理 (Lý: lý do/chân lý/xử lý) + 想 (Tưởng: tưởng tượng/suy tưởng),[0],連: 理想に関する / 類: lý tưởng,vocab
350,現実,げんじつ,genjitsu,Hiện Thực,hiện thực -  thực tế,Danh từ,現実について詳しく調査する。,Nghiên cứu kỹ lưỡng về hiện thực.,現 (Hiện: hiện tại/xuất hiện) + 実 (Thực: sự thật/thực tế/quả),[1],連: 現実に関する / 類: hiện thực,vocab
351,体験,たいけん,taiken,Thể Nghiệm,trải nghiệm,Danh từ,体験について詳しく調査する。,Nghiên cứu kỹ lưỡng về trải nghiệm.,体 (Thể: cơ thể/thân thể) + 験 (Nghiệm: thử nghiệm/kinh nghiệm),[1],連: 体験に関する / 類: trải nghiệm,vocab
352,空想,くうそう,kuusou,Không Tưởng,mơ mộng -  ảo tưởng -  viễn tưởng,Danh từ,空想について詳しく調査する。,Nghiên cứu kỹ lưỡng về mơ mộng.,空 (Không: bầu trời/trống rỗng) + 想 (Tưởng: tưởng tượng/suy tưởng),[1],連: 空想に関する / 類: mơ mộng,vocab
353,実物,じつぶつ,jitsubutsu,Thực Vật,hiện vật -  vật thật,Danh từ,実物について詳しく調査する。,Nghiên cứu kỹ lưỡng về hiện vật.,実 (Thực: sự thật/thực tế/quả) + 物 (Vật: đồ vật/sự vật),[1],連: 実物に関する / 類: hiện vật,vocab
354,実現,じつげん,jitsugen,Thực Hiện,thực hiện,Danh từ,実現について詳しく調査する。,Nghiên cứu kỹ lưỡng về thực hiện.,実 (Thực: sự thật/thực tế/quả) + 現 (Hiện: hiện tại/xuất hiện),[1],連: 実現に関する / 類: thực hiện,vocab
355,実施,じっし,jisshi,Thực Thi,thực thi,Danh từ,実施について詳しく調査する。,Nghiên cứu kỹ lưỡng về thực thi.,実 (Thực: sự thật/thực tế/quả) + 施 (Thi: thực thi/thi hành),[0],連: 実施に関する / 類: thực thi,vocab
356,許可,きょか,kyoka,Hứa Khả,cho phép -  chấp nhận,Danh từ,許可について詳しく調査する。,Nghiên cứu kỹ lưỡng về cho phép.,許 (Hứa: cho phép/tha thứ) + 可 (Khả: khả năng/có thể),[0],連: 許可に関する / 類: cho phép,vocab
357,全体,ぜんたい,zentai,Toàn Thể,toàn thể -  toàn bộ,Tính từ -i,この問題は非常に全体。,Vấn đề này rất toàn thể.,全 (Toàn: toàn bộ/toàn vẹn) + 体 (Thể: cơ thể/thân thể),[1],連: 全体に関する / 類: toàn thể,vocab
358,部分,ぶぶん,bubun,Bộ Phân,bộ phận -  1 phần,Danh từ,部分について詳しく調査する。,Nghiên cứu kỹ lưỡng về bộ phận.,部 (Bộ: bộ phận/phần/câu lạc bộ) + 分 (Phân: chia/phần/hiểu),[0],連: 部分に関する / 類: bộ phận,vocab
359,統一,とういつ,touitsu,Thống Nhất,thống nhất,Danh từ,統一について詳しく調査する。,Nghiên cứu kỹ lưỡng về thống nhất.,統 (Thống: thống nhất/hệ thống) + 一 (Nhất: một/nhất thể),[1],連: 統一に関する / 類: thống nhất,vocab
360,拡大,かくだい,kakudai,Khuếch Đại,mở rộng -  phóng to,Tính từ -i,この問題は非常に拡大。,Vấn đề này rất mở rộng.,拡 (Khuếch: mở rộng/khuếch trương) + 大 (Đại: to lớn/vĩ đại),[1],連: 拡大に関する / 類: mở rộng,vocab
361,縮小,しゅくしょう,shukushou,Súc Tiểu,thu nhỏ -  làm ngắn,Động từ nhóm 1,状況に合わせて適切に縮小。,Thu nhỏ một cách phù hợp theo tình huống.,縮 (Súc: co lại/rút ngắn) + 小 (Tiểu: nhỏ bé/ít),[1],連: 縮小に関する / 類: thu nhỏ,vocab
362,集合,しゅうごう,shuugou,Tập Hợp,tập hợp -  tập kết,Danh từ,集合について詳しく調査する。,Nghiên cứu kỹ lưỡng về tập hợp.,集 (Tập: tập hợp/thu thập) + 合 (Hợp: thích hợp/gặp gỡ),[1],連: 集合に関する / 類: tập hợp,vocab
363,方向,ほうこう,houkou,Phương Hướng,phương hướng,Danh từ,方向について詳しく調査する。,Nghiên cứu kỹ lưỡng về phương hướng.,方 (Phương: hướng/cách thức/vị) + 向 (Hướng: hướng về/phía),[1],連: 方向に関する / 類: phương hướng,vocab
364,間隔,かんかく,kankaku,Gian Cách,khoảng cách -  giãn cách,Danh từ,間隔について詳しく調査する。,Nghiên cứu kỹ lưỡng về khoảng cách.,間 (Gian: khoảng cách/thế gian/thời gian) + 隔 (Cách: ngăn cách/khoảng cách),[1],連: 間隔に関する / 類: khoảng cách,vocab
365,脇,わき,waki,Hiệp,phía bên -  nách,Danh từ,脇について詳しく調査する。,Nghiên cứu kỹ lưỡng về phía bên.,脇 (Hiệp: nách/bên hông/bên lề),[0],連: 脇に関する / 類: phía bên,vocab
366,通過,つうか,tsuuka,Thông Quá,thông qua,Danh từ,通過について詳しく調査する。,Nghiên cứu kỹ lưỡng về thông qua.,通 (Thông: thông suốt/đi lại/hiểu biết) + 過 (Quá: vượt qua/quá độ/lỗi lầm),[0],連: 通過に関する / 類: thông qua,vocab
367,移動,いどう,idou,Di Động,di chuyển -  đi lại,Động từ nhóm 1,状況に合わせて適切に移動。,Di chuyển một cách phù hợp theo tình huống.,移 (Di: di chuyển/thay đổi) + 動 (Động: hoạt động/chuyển động),[0],連: 移動に関する / 類: di chuyển,vocab
368,停止,ていし,teishi,Đình Chỉ,dừng lại -  tạm dừng,Danh từ,停止について詳しく調査する。,Nghiên cứu kỹ lưỡng về dừng lại.,停 (Đình: dừng lại/đình chỉ) + 止 (Chỉ: dừng lại/đình chỉ),[0],連: 停止に関する / 類: dừng lại,vocab
369,低下,ていか,teika,Đê Hạ,giảm sút -  giảm đi,Danh từ,低下について詳しく調査する。,Nghiên cứu kỹ lưỡng về giảm sút.,低 (Đê: thấp/kém) + 下 (Hạ: dưới/xuống),[0],連: 低下に関する / 類: giảm sút,vocab
370,超過,ちょうか,chouka,Siêu Quá,vượt quá đếm được (tiền -  thời gian -  bệnh),Danh từ,超過について詳しく調査する。,Nghiên cứu kỹ lưỡng về vượt quá đếm được (tiền.,超 (Siêu: vượt qua/siêu phàm) + 過 (Quá: vượt qua/quá độ/lỗi lầm),[1],連: 超過に関する / 類: vượt quá đếm được (tiền,vocab
371,立ち上がる,たちあがる,tachiagaru,Lập Thượng,đứng lên -  nổi dậy,Động từ nhóm 1,状況に合わせて適切に立ち上がる。,Đứng lên một cách phù hợp theo tình huống.,立 (Lập: đứng/thành lập) + 上 (Thượng: trên/lên),[1],連: 立ち上がるに関する / 類: đứng lên,vocab
372,飛び上がる,とびあがる,tobiagaru,Phi Thượng,nhảy cẫng lên -  đứng phắt dậy,Động từ nhóm 1,状況に合わせて適切に飛び上がる。,Nhảy cẫng lên một cách phù hợp theo tình huống.,飛 (Phi: bay lượn/phi hành) + 上 (Thượng: trên/lên),[1],連: 飛び上がるに関する / 類: nhảy cẫng lên,vocab
373,浮かび上がる,うかびあがる,ukabiagaru,Phù Thượng,nổi lên -  in bóng -  hiện ra,Động từ nhóm 1,状況に合わせて適切に浮かび上がる。,Nổi lên một cách phù hợp theo tình huống.,浮 (Phù: nổi lên/lơ lửng) + 上 (Thượng: trên/lên),[1],連: 浮かび上がるに関する / 類: nổi lên,vocab
374,舞い上がる,まいあがる,maiagaru,Vũ Thượng,bay vút lên -  cuộn lên -  bay bông -  nhào lộn,Động từ nhóm 1,状況に合わせて適切に舞い上がる。,Bay vút lên một cách phù hợp theo tình huống.,舞 (Vũ: nhảy múa/vũ đài) + 上 (Thượng: trên/lên),[1],連: 舞い上がるに関する / 類: bay vút lên,vocab
375,燃え上がる,もえあがる,moeagaru,Nhiên Thượng,bốc cháy lên,Động từ nhóm 1,状況に合わせて適切に燃え上がる。,Bốc cháy lên một cách phù hợp theo tình huống.,燃 (Nhiên: cháy/bốc cháy) + 上 (Thượng: trên/lên),[1],連: 燃え上がるに関する / 類: bốc cháy lên,vocab
376,盛り上がる,もりあがる,moriagaru,Thịnh Thượng,Hăng máu lên -  tăng lên -  phấn khích,Động từ nhóm 1,状況に合わせて適切に盛り上がる。,Hăng máu lên một cách phù hợp theo tình huống.,盛 (Thịnh: thịnh vượng/đầy đặn) + 上 (Thượng: trên/lên),[1],連: 盛り上がるに関する / 類: Hăng máu lên,vocab
377,沸き上がる,わきあがる,wakiagaru,Phí Thượng,sôi lên -  dâng trào cảm xúc,Động từ nhóm 1,状況に合わせて適切に沸き上がる。,Sôi lên một cách phù hợp theo tình huống.,沸 (Phí: sôi/nấu sôi) + 上 (Thượng: trên/lên),[1],連: 沸き上がるに関する / 類: sôi lên,vocab
378,晴れ上がる,はれあがる,hareagaru,Tình Thượng,sáng sủa lên -  trở nên sạch,Động từ nhóm 1,状況に合わせて適切に晴れ上がる。,Sáng sủa lên một cách phù hợp theo tình huống.,晴 (Tình: trời nắng/quang đãng) + 上 (Thượng: trên/lên),[1],連: 晴れ上がるに関する / 類: sáng sủa lên,vocab
379,震え上がる,ふるえあがる,furueagaru,Chấn Thượng,run bắn lên,Động từ nhóm 1,状況に合わせて適切に震え上がる。,Run bắn lên một cách phù hợp theo tình huống.,震 (Chấn: rung chấn/động đất) + 上 (Thượng: trên/lên),[1],連: 震え上がるに関する / 類: run bắn lên,vocab
380,縮み上がる,ちぢみあがる,chijimiagaru,Súc Thượng,Co rúm lại; sợ hãi; khúm núm,Động từ nhóm 1,状況に合わせて適切に縮み上がる。,Co rúm lại một cách phù hợp theo tình huống.,縮 (Súc: co lại/rút ngắn) + 上 (Thượng: trên/lên),[1],連: 縮み上がるに関する / 類: Co rúm lại; sợ hãi; khúm núm,vocab
381,干上がる,ひあがる,hiagaru,Can Thượng,khô nẻ -  khô cằn,Động từ nhóm 1,状況に合わせて適切に干上がる。,Khô nẻ một cách phù hợp theo tình huống.,干 (Can: khô/phơi khô) + 上 (Thượng: trên/lên),[1],連: 干上がるに関する / 類: khô nẻ,vocab
382,でき上がる,できあがる,dekiagaru,Thượng,Hoàn tất -  nấu xong,Động từ nhóm 1,状況に合わせて適切にでき上がる。,Hoàn tất một cách phù hợp theo tình huống.,上 (Thượng: trên/lên),[1],連: でき上がるに関する / 類: Hoàn tất,vocab
383,持ち上げる,もちあげる,mochiageru,Trì Thượng,nhấc lên -  nâng -  dựng đứng - ,Động từ nhóm 1,状況に合わせて適切に持ち上げる。,Nhấc lên một cách phù hợp theo tình huống.,持 (Trì: cầm/nắm giữ/duy trì) + 上 (Thượng: trên/lên),[1],連: 持ち上げるに関する / 類: nhấc lên,vocab
384,見上げる,みあげる,miageru,Kiến Thượng,ngước lên -  ngưỡng mộ,Động từ nhóm 1,状況に合わせて適切に見上げる。,Ngước lên một cách phù hợp theo tình huống.,見 (Kiến: nhìn/quan sát/gặp) + 上 (Thượng: trên/lên),[1],連: 見上げるに関する / 類: ngước lên,vocab
385,積み上げる,つみあげる,tsumiageru,Tích Thượng,vun lên -  chất lên -  tích lũy,Động từ nhóm 1,状況に合わせて適切に積み上げる。,Vun lên một cách phù hợp theo tình huống.,積 (Tích: tích lũy/chất đống) + 上 (Thượng: trên/lên),[1],連: 積み上げるに関する / 類: vun lên,vocab
386,打ち上げる,うちあげる,uchiageru,Đả Thượng,báo cáo; phóng; bắn lên,Động từ nhóm 1,状況に合わせて適切に打ち上げる。,Báo cáo một cách phù hợp theo tình huống.,打 (Đả: đánh/đập) + 上 (Thượng: trên/lên),[1],連: 打ち上げるに関する / 類: báo cáo; phóng; bắn lên,vocab
387,立ち上げる,たちあげる,tachiageru,Lập Thượng,khởi động -  thành lập -  bắt đầu,Động từ nhóm 1,状況に合わせて適切に立ち上げる。,Khởi động một cách phù hợp theo tình huống.,立 (Lập: đứng/thành lập) + 上 (Thượng: trên/lên),[1],連: 立ち上げるに関する / 類: khởi động,vocab
388,切り上げる,きりあげる,kiriageru,Thiết Thượng,làm tròn lên -  kết thúc -  cắt,Động từ nhóm 1,状況に合わせて適切に切り上げる。,Làm tròn lên một cách phù hợp theo tình huống.,切 (Thiết: cắt/sát sườn) + 上 (Thượng: trên/lên),[1],連: 切り上げるに関する / 類: làm tròn lên,vocab
389,繰り上げる,くりあげる,kuriageru,Sào Thượng,sớm hơn (lịch trình) -  thăng tiến,Động từ nhóm 1,状況に合わせて適切に繰り上げる。,Sớm hơn (lịch trình) một cách phù hợp theo tình huống.,繰 (Sào: kéo sợi/lặp lại) + 上 (Thượng: trên/lên),[1],連: 繰り上げるに関する / 類: sớm hơn (lịch trình),vocab
390,磨き上げる,みがきあげる,migakiageru,Ma Thượng,đánh bóng -  mài giũa,Động từ nhóm 1,状況に合わせて適切に磨き上げる。,Đánh bóng một cách phù hợp theo tình huống.,磨 (Ma: mài giũa/đánh răng) + 上 (Thượng: trên/lên),[1],連: 磨き上げるに関する / 類: đánh bóng,vocab
391,鍛え上げる,きたえあげる,kitaeageru,Đoán Thượng,dạy dỗ -  rèn luyện,Động từ nhóm 1,状況に合わせて適切に鍛え上げる。,Dạy dỗ một cách phù hợp theo tình huống.,鍛 (Đoán: rèn luyện/rèn sắt) + 上 (Thượng: trên/lên),[1],連: 鍛え上げるに関する / 類: dạy dỗ,vocab
392,書き上げる,かきあげる,kakiageru,Thư Thượng,Viết xong -  hoàn thành,Động từ nhóm 1,状況に合わせて適切に書き上げる。,Viết xong một cách phù hợp theo tình huống.,書 (Thư: viết/sách vở) + 上 (Thượng: trên/lên),[1],連: 書き上げるに関する / 類: Viết xong,vocab
393,育て上げる,そだてあげる,sodateageru,Dục Thượng,Nuôi lớn,Động từ nhóm 1,状況に合わせて適切に育て上げる。,Nuôi lớn một cách phù hợp theo tình huống.,育 (Dục: nuôi dưỡng/giáo dục) + 上 (Thượng: trên/lên),[1],連: 育て上げるに関する / 類: Nuôi lớn,vocab
394,読み上げる,よみあげる,yomiageru,Độc Thượng,Đọc to -  đọc ra,Động từ nhóm 1,状況に合わせて適切に読み上げる。,Đọc to một cách phù hợp theo tình huống.,読 (Độc: đọc sách) + 上 (Thượng: trên/lên),[1],連: 読み上げるに関する / 類: Đọc to,vocab
395,数え上げる,かぞえあげる,kazoeageru,Số Thượng,Nêu lên -  liệt kê -  đếm,Động từ nhóm 1,状況に合わせて適切に数え上げる。,Nêu lên một cách phù hợp theo tình huống.,数 (Số: con số/đếm) + 上 (Thượng: trên/lên),[1],連: 数え上げるに関する / 類: Nêu lên,vocab
396,投げ出す,なげだす,nagedasu,Đầu Xuất,ngồi vắt chéo chân -  từ bỏ,Động từ nhóm 1,状況に合わせて適切に投げ出す。,Ngồi vắt chéo chân một cách phù hợp theo tình huống.,投 (Đầu: ném/đầu tư) + 出 (Xuất: ra ngoài/xuất hiện),[1],連: 投げ出すに関する / 類: ngồi vắt chéo chân,vocab
397,持ち出す,もちだす,mochidasu,Trì Xuất,mang ra ngoài -  cầm đi,Động từ nhóm 1,状況に合わせて適切に持ち出す。,Mang ra ngoài một cách phù hợp theo tình huống.,持 (Trì: cầm/nắm giữ/duy trì) + 出 (Xuất: ra ngoài/xuất hiện),[1],連: 持ち出すに関する / 類: mang ra ngoài,vocab
398,追い出す,おいだす,oidasu,Truy Xuất,đuổi đi -  tống cổ,Động từ nhóm 1,状況に合わせて適切に追い出す。,Đuổi đi một cách phù hợp theo tình huống.,追 (Truy: đuổi theo/truy lùng) + 出 (Xuất: ra ngoài/xuất hiện),[1],連: 追い出すに関する / 類: đuổi đi,vocab
399,放り出す,ほうりだす,houridasu,Phóng Xuất,quảng đi -  phóng ra -  bỏ cuộc,Động từ nhóm 1,状況に合わせて適切に放り出す。,Quảng đi một cách phù hợp theo tình huống.,放 (Phóng: thả ra/phát sóng) + 出 (Xuất: ra ngoài/xuất hiện),[1],連: 放り出すに関する / 類: quảng đi,vocab
400,貸し出す,かしだす,kashidasu,Thải Xuất,cho vay; cho mượn,Động từ nhóm 1,状況に合わせて適切に貸し出す。,Cho vay một cách phù hợp theo tình huống.,貸 (Thải: cho vay/cho mượn) + 出 (Xuất: ra ngoài/xuất hiện),[1],連: 貸し出すに関する / 類: cho vay; cho mượn,vocab
401,聞き出す,ききだす,kikidasu,Văn Xuất,lắng nghe -  chất vấn,Động từ nhóm 1,状況に合わせて適切に聞き出す。,Lắng nghe một cách phù hợp theo tình huống.,聞 (Văn: nghe thấy/hỏi) + 出 (Xuất: ra ngoài/xuất hiện),[1],連: 聞き出すに関する / 類: lắng nghe,vocab
402,連れ出す,つれだす,tsuredasu,Liên Xuất,dẫn ra ngoài,Động từ nhóm 1,状況に合わせて適切に連れ出す。,Dẫn ra ngoài một cách phù hợp theo tình huống.,連 (Liên: kết nối/liên lạc/dẫn theo) + 出 (Xuất: ra ngoài/xuất hiện),[1],連: 連れ出すに関する / 類: dẫn ra ngoài,vocab
403,引っ張り出す,ひっぱりだす,hipparidasu,Dẫn Trương Xuất,lôi ra -  đem ra -  kéo ra ngoài,Động từ nhóm 1,状況に合わせて適切に引っ張り出す。,Lôi ra một cách phù hợp theo tình huống.,引 (Dẫn: kéo/dẫn dắt) + 張 (Trương: căng ra/kéo dài) + 出 (Xuất: ra ngoài/xuất hiện),[1],連: 引っ張り出すに関する / 類: lôi ra,vocab
404,逃げ出す,にげだす,nigedasu,Đào Xuất,chạy trốn -  thoát ra ngoài,Động từ nhóm 1,状況に合わせて適切に逃げ出す。,Chạy trốn một cách phù hợp theo tình huống.,逃 (Đào: chạy trốn/trốn tránh) + 出 (Xuất: ra ngoài/xuất hiện),[1],連: 逃げ出すに関する / 類: chạy trốn,vocab
405,飛び出す,とびだす,tobidasu,Phi Xuất,phóng ra -  bỏ nhà đi,Động từ nhóm 1,状況に合わせて適切に飛び出す。,Phóng ra một cách phù hợp theo tình huống.,飛 (Phi: bay lượn/phi hành) + 出 (Xuất: ra ngoài/xuất hiện),[1],連: 飛び出すに関する / 類: phóng ra,vocab
406,見つけ出す,みつけだす,mitsukedasu,Kiến Xuất,tìm thấy -  tìm ra,Động từ nhóm 1,状況に合わせて適切に見つけ出す。,Tìm thấy một cách phù hợp theo tình huống.,見 (Kiến: nhìn/quan sát/gặp) + 出 (Xuất: ra ngoài/xuất hiện),[1],連: 見つけ出すに関する / 類: tìm thấy,vocab
407,探し出す,さがしだす,sagashidasu,Thám Xuất,tìm thấy được,Động từ nhóm 1,状況に合わせて適切に探し出す。,Tìm thấy được một cách phù hợp theo tình huống.,探 (Thám: tìm kiếm/thám hiểm) + 出 (Xuất: ra ngoài/xuất hiện),[1],連: 探し出すに関する / 類: tìm thấy được,vocab
408,書き出す,かきだす,kakidasu,Thư Xuất,viết ra,Động từ nhóm 1,状況に合わせて適切に書き出す。,Viết ra một cách phù hợp theo tình huống.,書 (Thư: viết/sách vở) + 出 (Xuất: ra ngoài/xuất hiện),[1],連: 書き出すに関する / 類: viết ra,vocab
409,飛び込む,とびこむ,tobikomu,Phi Nhập,nhảy vào -  lao vào,Động từ nhóm 1,状況に合わせて適切に飛び込む。,Nhảy vào một cách phù hợp theo tình huống.,飛 (Phi: bay lượn/phi hành) + 込 (Nhập: dồn vào/nạp vào),[1],連: 飛び込むに関する / 類: nhảy vào,vocab
410,駆け込む,かけこむ,kakekomu,Khu Nhập,đâm sầm vào -  vội vã chạy,Động từ nhóm 1,状況に合わせて適切に駆け込む。,Đâm sầm vào một cách phù hợp theo tình huống.,駆 (Khu: chạy nhanh/đuổi theo) + 込 (Nhập: dồn vào/nạp vào),[1],連: 駆け込むに関する / 類: đâm sầm vào,vocab
411,割り込む,わりこむ,warikomu,Cát Nhập,chen vào; xen ngang,Động từ nhóm 1,状況に合わせて適切に割り込む。,Chen vào một cách phù hợp theo tình huống.,割 (Cát: chia/vỡ/tỷ lệ) + 込 (Nhập: dồn vào/nạp vào),[1],連: 割り込むに関する / 類: chen vào; xen ngang,vocab
412,差し込む,さしこむ,sashikomu,Sai Nhập,cắm vào ( điện -  chìa khóa...) -  chiếu vào,Động từ nhóm 1,状況に合わせて適切に差し込む。,Cắm vào ( điện một cách phù hợp theo tình huống.,差 (Sai: sai khác/khoảng cách) + 込 (Nhập: dồn vào/nạp vào),[1],連: 差し込むに関する / 類: cắm vào ( điện,vocab
413,染み込む,しみこむ,shimikomu,Nhiễm Nhập,ngấm gia vị -  thấm vào,Động từ nhóm 1,状況に合わせて適切に染み込む。,Ngấm gia vị một cách phù hợp theo tình huống.,染 (Nhiễm: nhiễm/nhuộm màu) + 込 (Nhập: dồn vào/nạp vào),[1],連: 染み込むに関する / 類: ngấm gia vị,vocab
414,引っ込む,ひっこむ,hikkomu,Dẫn Nhập,lui vào -  co lại -  quy ân giang hồ,Động từ nhóm 1,状況に合わせて適切に引っ込む。,Lui vào một cách phù hợp theo tình huống.,引 (Dẫn: kéo/dẫn dắt) + 込 (Nhập: dồn vào/nạp vào),[1],連: 引っ込むに関する / 類: lui vào,vocab
415,詰め込む,つめこむ,tsumekomu,Cật Nhập,nhét vào -  tống vào,Động từ nhóm 1,状況に合わせて適切に詰め込む。,Nhét vào một cách phù hợp theo tình huống.,詰 (Cật: nhồi nhét/chất vấn) + 込 (Nhập: dồn vào/nạp vào),[1],連: 詰め込むに関する / 類: nhét vào,vocab
416,飲み込む,のみこむ,nomikomu,Ẩm Nhập,nuốt vào -  hiểu rõ,Động từ nhóm 1,状況に合わせて適切に飲み込む。,Nuốt vào một cách phù hợp theo tình huống.,飲 (Ẩm: uống nước) + 込 (Nhập: dồn vào/nạp vào),[1],連: 飲み込むに関する / 類: nuốt vào,vocab
417,運び込む,はこびこむ,hakobikomu,Vận Nhập,mang vào -  bê vào,Động từ nhóm 1,状況に合わせて適切に運び込む。,Mang vào một cách phù hợp theo tình huống.,運 (Vận: vận may/vận chuyển/vận động) + 込 (Nhập: dồn vào/nạp vào),[1],連: 運び込むに関する / 類: mang vào,vocab
418,打ち込む,うちこむ,uchikomu,Đả Nhập,đóng (đỉnh) -  cống hiến -  nhập ( dữ liệu ),Động từ nhóm 1,状況に合わせて適切に打ち込む。,Đóng (đỉnh) một cách phù hợp theo tình huống.,打 (Đả: đánh/đập) + 込 (Nhập: dồn vào/nạp vào),[1],連: 打ち込むに関する / 類: đóng (đỉnh),vocab
419,注ぎ込む,そそぎこむ,sosogikomu,Chú Nhập,dồn hết vào -  đổ vào,Động từ nhóm 1,状況に合わせて適切に注ぎ込む。,Dồn hết vào một cách phù hợp theo tình huống.,注 (Chú: chú ý/rót vào) + 込 (Nhập: dồn vào/nạp vào),[1],連: 注ぎ込むに関する / 類: dồn hết vào,vocab
420,引き込む,ひきこむ,hikikomu,Dẫn Nhập,lôi kéo vào -  dẫn vào,Động từ nhóm 1,状況に合わせて適切に引き込む。,Lôi kéo vào một cách phù hợp theo tình huống.,引 (Dẫn: kéo/dẫn dắt) + 込 (Nhập: dồn vào/nạp vào),[1],連: 引き込むに関する / 類: lôi kéo vào,vocab
421,書き込む,かきこむ,kakikomu,Thư Nhập,ghi vào -  viết vào -  đăng tải,Động từ nhóm 1,状況に合わせて適切に書き込む。,Ghi vào một cách phù hợp theo tình huống.,書 (Thư: viết/sách vở) + 込 (Nhập: dồn vào/nạp vào),[1],連: 書き込むに関する / 類: ghi vào,vocab
422,巻き込む,まきこむ,makikomu,Quyển Nhập,cuộn vào -  lôi kéo,Động từ nhóm 1,状況に合わせて適切に巻き込む。,Cuộn vào một cách phù hợp theo tình huống.,巻 (Quyển: cuộn lại/tập sách) + 込 (Nhập: dồn vào/nạp vào),[1],連: 巻き込むに関する / 類: cuộn vào,vocab
423,追い込む,おいこむ,oikomu,Truy Nhập,lùa -  dồn vào,Động từ nhóm 1,状況に合わせて適切に追い込む。,Lùa một cách phù hợp theo tình huống.,追 (Truy: đuổi theo/truy lùng) + 込 (Nhập: dồn vào/nạp vào),[1],連: 追い込むに関する / 類: lùa,vocab
424,呼び込む,よびこむ,yobikomu,Hô Nhập,mời gọi -  lôi kéo -  thu hút -  đem lại,Động từ nhóm 1,状況に合わせて適切に呼び込む。,Mời gọi một cách phù hợp theo tình huống.,呼 (Hô: gọi/kêu lên) + 込 (Nhập: dồn vào/nạp vào),[1],連: 呼び込むに関する / 類: mời gọi,vocab
425,座り込む,すわりこむ,suwarikomu,Tọa Nhập,ngồi lì -  ngồi bệt xuống,Động từ nhóm 1,状況に合わせて適切に座り込む。,Ngồi lì một cách phù hợp theo tình huống.,座 (Tọa: chỗ ngồi/tọa lạc) + 込 (Nhập: dồn vào/nạp vào),[1],連: 座り込むに関する / 類: ngồi lì,vocab
426,寝込む,ねこむ,nekomu,Tẩm Nhập,hôn mê -  nằm liệt giường,Động từ nhóm 1,状況に合わせて適切に寝込む。,Hôn mê một cách phù hợp theo tình huống.,寝 (Tẩm: ngủ/nghỉ ngơi) + 込 (Nhập: dồn vào/nạp vào),[0],連: 寝込むに関する / 類: hôn mê,vocab
427,話し込む,はなしこむ,hanashikomu,Thoại Nhập,Say sưa trò chuyện -  nhập tâm,Động từ nhóm 1,状況に合わせて適切に話し込む。,Say sưa trò chuyện một cách phù hợp theo tình huống.,話 (Thoại: nói chuyện/câu chuyện) + 込 (Nhập: dồn vào/nạp vào),[1],連: 話し込むに関する / 類: Say sưa trò chuyện,vocab
428,黙り込む,だまりこむ,damarikomu,Mặc Nhập,chìm vào yên lặng -  giữ im lặng,Động từ nhóm 1,状況に合わせて適切に黙り込む。,Chìm vào yên lặng một cách phù hợp theo tình huống.,黙 (Mặc: im lặng/trầm mặc) + 込 (Nhập: dồn vào/nạp vào),[1],連: 黙り込むに関する / 類: chìm vào yên lặng,vocab
429,泊まり込む,とまりこむ,tomarikomu,Bạc Nhập,trọ lại -  ở lại,Động từ nhóm 1,状況に合わせて適切に泊まり込む。,Trọ lại một cách phù hợp theo tình huống.,泊 (Bạc: nghỉ trọ/ở lại) + 込 (Nhập: dồn vào/nạp vào),[1],連: 泊まり込むに関する / 類: trọ lại,vocab
430,住み込む,すみこむ,sumikomu,Trú Nhập,Ở nhờ -  ăn nhờ ở đậu,Động từ nhóm 1,状況に合わせて適切に住み込む。,Ở nhờ một cách phù hợp theo tình huống.,住 (Trú: sinh sống/trú ngụ) + 込 (Nhập: dồn vào/nạp vào),[1],連: 住み込むに関する / 類: Ở nhờ,vocab
431,煮込む,にこむ,nikomu,Chử Nhập,nấu nhừ -  ninh kỹ,Động từ nhóm 1,状況に合わせて適切に煮込む。,Nấu nhừ một cách phù hợp theo tình huống.,煮 (Chử: nấu/hầm) + 込 (Nhập: dồn vào/nạp vào),[0],連: 煮込むに関する / 類: nấu nhừ,vocab
432,売り込む,うりこむ,urikomu,Mại Nhập,chào hàng -  tiếp thị sản phẩm,Động từ nhóm 1,状況に合わせて適切に売り込む。,Chào hàng một cách phù hợp theo tình huống.,売 (Mại: bán hàng) + 込 (Nhập: dồn vào/nạp vào),[1],連: 売り込むに関する / 類: chào hàng,vocab
433,頼み込む,たのみこむ,tanomikomu,Lại Nhập,năn nỉ -  nhờ vả,Động từ nhóm 1,状況に合わせて適切に頼み込む。,Năn nỉ một cách phù hợp theo tình huống.,頼 (Lại: nhờ cậy/tin cậy) + 込 (Nhập: dồn vào/nạp vào),[1],連: 頼み込むに関する / 類: năn nỉ,vocab
434,教え込む,おしえこむ,oshiekomu,Giáo Nhập,dạy dỗ -  huấn luyện,Động từ nhóm 1,状況に合わせて適切に教え込む。,Dạy dỗ một cách phù hợp theo tình huống.,教 (Giáo: dạy học/tôn giáo) + 込 (Nhập: dồn vào/nạp vào),[1],連: 教え込むに関する / 類: dạy dỗ,vocab
435,話し合う,はなしあう,hanashiau,Thoại Hợp,trò chuyện -  nói chuyện,Động từ nhóm 1,状況に合わせて適切に話し合う。,Trò chuyện một cách phù hợp theo tình huống.,話 (Thoại: nói chuyện/câu chuyện) + 合 (Hợp: thích hợp/gặp gỡ),[1],連: 話し合うに関する / 類: trò chuyện,vocab
436,言い合う,いいあう,iiau,Ngôn Hợp,tranh luận -  cãi cọ -  thốt lên,Động từ nhóm 1,状況に合わせて適切に言い合う。,Tranh luận một cách phù hợp theo tình huống.,言 (Ngôn: nói/ngôn từ) + 合 (Hợp: thích hợp/gặp gỡ),[1],連: 言い合うに関する / 類: tranh luận,vocab
437,語り合う,かたりあう,katariau,Ngữ Hợp,tâm sự -  hàn huyên,Động từ nhóm 1,状況に合わせて適切に語り合う。,Tâm sự một cách phù hợp theo tình huống.,語 (Ngữ: ngôn ngữ/kể chuyện) + 合 (Hợp: thích hợp/gặp gỡ),[1],連: 語り合うに関する / 類: tâm sự,vocab
438,見つめ合う,みつめあう,mitsumeau,Kiến Hợp,nhìn chằm chằm,Động từ nhóm 1,状況に合わせて適切に見つめ合う。,Nhìn chằm chằm một cách phù hợp theo tình huống.,見 (Kiến: nhìn/quan sát/gặp) + 合 (Hợp: thích hợp/gặp gỡ),[1],連: 見つめ合うに関する / 類: nhìn chằm chằm,vocab
439,向かい合う,むかいあう,mukaiau,Hướng Hợp,đối diện nhau,Động từ nhóm 1,状況に合わせて適切に向かい合う。,Đối diện nhau một cách phù hợp theo tình huống.,向 (Hướng: hướng về/phía) + 合 (Hợp: thích hợp/gặp gỡ),[1],連: 向かい合うに関する / 類: đối diện nhau,vocab
440,助け合う,たすけあう,tasukeau,Trợ Hợp,giúp đỡ hỗ trợ nhau,Động từ nhóm 1,状況に合わせて適切に助け合う。,Giúp đỡ hỗ trợ nhau một cách phù hợp theo tình huống.,助 (Trợ: giúp đỡ/cứu trợ) + 合 (Hợp: thích hợp/gặp gỡ),[1],連: 助け合うに関する / 類: giúp đỡ hỗ trợ nhau,vocab
441,分け合う,わけあう,wakeau,Phân Hợp,chia sẻ -  chia đều ra..,Động từ nhóm 1,状況に合わせて適切に分け合う。,Chia sẻ một cách phù hợp theo tình huống.,分 (Phân: chia/phần/hiểu) + 合 (Hợp: thích hợp/gặp gỡ),[1],連: 分け合うに関する / 類: chia sẻ,vocab
442,出し合う,だしあう,dashiau,Xuất Hợp,đóng góp -  phối hợp -  cùng góp phần,Động từ nhóm 1,状況に合わせて適切に出し合う。,Đóng góp một cách phù hợp theo tình huống.,出 (Xuất: ra ngoài/xuất hiện) + 合 (Hợp: thích hợp/gặp gỡ),[1],連: 出し合うに関する / 類: đóng góp,vocab
443,申し合わせる,もうしあわせる,moushiawaseru,Thân Hợp,thống nhất -  sắp xếp,Động từ nhóm 2,状況に合わせて適切に申し合わせる。,Thống nhất một cách phù hợp theo tình huống.,申 (Thân: báo cáo/trình bày) + 合 (Hợp: thích hợp/gặp gỡ),[1],連: 申し合わせるに関する / 類: thống nhất,vocab
444,誘い合わせる,さそいあわせる,sasoiawaseru,Dụ Hợp,hẹn nhau -  rủ nhau,Động từ nhóm 2,状況に合わせて適切に誘い合わせる。,Hẹn nhau một cách phù hợp theo tình huống.,誘 (Dụ: mời mọc/rủ rê) + 合 (Hợp: thích hợp/gặp gỡ),[1],連: 誘い合わせるに関する / 類: hẹn nhau,vocab
445,隣り合わせる,となりあわせる,tonariawaseru,Lân Hợp,cạnh nhau,Động từ nhóm 2,状況に合わせて適切に隣り合わせる。,Cạnh nhau một cách phù hợp theo tình huống.,隣 (Lân: hàng xóm/bên cạnh) + 合 (Hợp: thích hợp/gặp gỡ),[1],連: 隣り合わせるに関する / 類: cạnh nhau,vocab
446,組み合わせる,くみあわせる,kumiawaseru,Tổ Hợp,ghép lại; kết hợp; liên kết lại; liên kết; phối hợp,Động từ nhóm 2,状況に合わせて適切に組み合わせる。,Ghép lại một cách phù hợp theo tình huống.,組 (Tổ: tổ chức/kết hợp/nhóm) + 合 (Hợp: thích hợp/gặp gỡ),[1],連: 組み合わせるに関する / 類: ghép lại; kết hợp; liên kết lại; liên kết; phối hợp,vocab
447,詰め合わせる,つめあわせる,tsumeawaseru,Cật Hợp,đóng gói -  đóng hộp,Động từ nhóm 2,状況に合わせて適切に詰め合わせる。,Đóng gói một cách phù hợp theo tình huống.,詰 (Cật: nhồi nhét/chất vấn) + 合 (Hợp: thích hợp/gặp gỡ),[1],連: 詰め合わせるに関する / 類: đóng gói,vocab
448,重ね合わせる,かさねあわせる,kasaneawaseru,Trọng Hợp,xếp chồng lên -  tựa như,Động từ nhóm 2,状況に合わせて適切に重ね合わせる。,Xếp chồng lên một cách phù hợp theo tình huống.,重 (Trọng: nặng nề/quan trọng/chồng chất) + 合 (Hợp: thích hợp/gặp gỡ),[1],連: 重ね合わせるに関する / 類: xếp chồng lên,vocab
449,居合わせる,いあわせる,iawaseru,Cư Hợp,tình cờ gặp,Động từ nhóm 2,状況に合わせて適切に居合わせる。,Tình cờ gặp một cách phù hợp theo tình huống.,居 (Cư: ở/sinh sống/trú ngụ) + 合 (Hợp: thích hợp/gặp gỡ),[1],連: 居合わせるに関する / 類: tình cờ gặp,vocab
450,乗り合わせる,のりあわせる,noriawaseru,Thừa Hợp,đi cùng chuyến -  đi chung xe,Động từ nhóm 2,状況に合わせて適切に乗り合わせる。,Đi cùng chuyến một cách phù hợp theo tình huống.,乗 (Thừa: lên xe/cưỡi) + 合 (Hợp: thích hợp/gặp gỡ),[1],連: 乗り合わせるに関する / 類: đi cùng chuyến,vocab
451,持ち合わせる,もちあわせる,mochiawaseru,Trì Hợp,có trong tay -  có mang theo,Động từ nhóm 2,状況に合わせて適切に持ち合わせる。,Có trong tay một cách phù hợp theo tình huống.,持 (Trì: cầm/nắm giữ/duy trì) + 合 (Hợp: thích hợp/gặp gỡ),[1],連: 持ち合わせるに関する / 類: có trong tay,vocab
452,問い合わせる,といあわせる,toiawaseru,Vấn Hợp,hỏi; hỏi thăm,Động từ nhóm 2,状況に合わせて適切に問い合わせる。,Hỏi một cách phù hợp theo tình huống.,問 (Vấn: hỏi/vấn đề) + 合 (Hợp: thích hợp/gặp gỡ),[1],連: 問い合わせるに関する / 類: hỏi; hỏi thăm,vocab
453,照らし合わせる,てらしあわせる,terashiawaseru,Chiếu Hợp,so sánh -  đối chiếu,Động từ nhóm 2,状況に合わせて適切に照らし合わせる。,So sánh một cách phù hợp theo tình huống.,照 (Chiếu: chiếu sáng/đối chiếu) + 合 (Hợp: thích hợp/gặp gỡ),[1],連: 照らし合わせるに関する / 類: so sánh,vocab
454,聞き直す,ききなおす,kikinaosu,Văn Trực,nghe lại -  hỏi lại,Động từ nhóm 1,状況に合わせて適切に聞き直す。,Nghe lại một cách phù hợp theo tình huống.,聞 (Văn: nghe thấy/hỏi) + 直 (Trực: thẳng thắn/trực tiếp/sửa),[1],連: 聞き直すに関する / 類: nghe lại,vocab
455,やり直す,やりなおす,yarinaosu,Trực,làm lại -  bắt đầu lại,Động từ nhóm 1,状況に合わせて適切にやり直す。,Làm lại một cách phù hợp theo tình huống.,直 (Trực: thẳng thắn/trực tiếp/sửa),[1],連: やり直すに関する / 類: làm lại,vocab
456,かけ直す,かけなおす,kakenaosu,Trực,gọi lại,Động từ nhóm 1,状況に合わせて適切にかけ直す。,Gọi lại một cách phù hợp theo tình huống.,直 (Trực: thẳng thắn/trực tiếp/sửa),[1],連: かけ直すに関する / 類: gọi lại,vocab
457,出直す,でなおす,denaosu,Xuất Trực,làm lại từ đầu -  trở lại,Động từ nhóm 1,状況に合わせて適切に出直す。,Làm lại từ đầu một cách phù hợp theo tình huống.,出 (Xuất: ra ngoài/xuất hiện) + 直 (Trực: thẳng thắn/trực tiếp/sửa),[1],連: 出直すに関する / 類: làm lại từ đầu,vocab
458,持ち直す,もちなおす,mochinaosu,Trì Trực,chuyển biến tốt,Động từ nhóm 1,状況に合わせて適切に持ち直す。,Chuyển biến tốt một cách phù hợp theo tình huống.,持 (Trì: cầm/nắm giữ/duy trì) + 直 (Trực: thẳng thắn/trực tiếp/sửa),[1],連: 持ち直すに関する / 類: chuyển biến tốt,vocab
459,考え直す,かんがえなおす,kangaenaosu,Khảo Trực,xem lại -  suy nghĩ lại,Động từ nhóm 1,状況に合わせて適切に考え直す。,Xem lại một cách phù hợp theo tình huống.,考 (Khảo: suy nghĩ/khảo sát) + 直 (Trực: thẳng thắn/trực tiếp/sửa),[1],連: 考え直すに関する / 類: xem lại,vocab
460,思い直す,おもいなおす,omoinaosu,Tư Trực,nghĩ lại; thay đổi ý định; đổi ý,Động từ nhóm 1,状況に合わせて適切に思い直す。,Nghĩ lại một cách phù hợp theo tình huống.,思 (Tư: suy nghĩ/tư tưởng) + 直 (Trực: thẳng thắn/trực tiếp/sửa),[1],連: 思い直すに関する / 類: nghĩ lại; thay đổi ý định; đổi ý,vocab
461,アンテナ,あんてな,antena,-,ăng ten -  nghe ngóng,Tính từ -na,アンテナな態度で対応する。,Ứng phó bằng một thái độ ăng ten.,-,[1],連: アンテナに関する / 類: ăng ten,vocab
462,イヤホン,いやほん,iyahon,-,tai nghe,Danh từ,イヤホンについて詳しく調査する。,Nghiên cứu kỹ lưỡng về tai nghe.,-,[1],連: イヤホンに関する / 類: tai nghe,vocab
463,サイレン,さいれん,sairen,-,tiếng chuông (chuông tan ca -  chuông báo cháy),Danh từ,サイレンについて詳しく調査する。,Nghiên cứu kỹ lưỡng về tiếng chuông (chuông tan ca.,-,[1],連: サイレンに関する / 類: tiếng chuông (chuông tan ca,vocab
464,コード,こーど,koodo,-,dây (điện) -  mã số,Danh từ,コードについて詳しく調査する。,Nghiên cứu kỹ lưỡng về dây (điện).,-,[0],連: コードに関する / 類: dây (điện),vocab
465,モニター,もにたー,monitaa,-,màn hình -  khảo sát,Danh từ,モニターについて詳しく調査する。,Nghiên cứu kỹ lưỡng về màn hình.,-,[1],連: モニターに関する / 類: màn hình,vocab
466,メーター,めーたー,meetaa,-,đồng hồ đo,Danh từ,メーターについて詳しく調査する。,Nghiên cứu kỹ lưỡng về đồng hồ đo.,-,[1],連: メーターに関する / 類: đồng hồ đo,vocab
467,ペア,ぺあ,pea,-,một cặp -  ghép đôi,Danh từ,ペアについて詳しく調査する。,Nghiên cứu kỹ lưỡng về một cặp.,-,[0],連: ペアに関する / 類: một cặp,vocab
468,リズム,りずむ,rizumu,-,giai điệu -  nhịp,Động từ nhóm 1,状況に合わせて適切にリズム。,Giai điệu một cách phù hợp theo tình huống.,-,[0],連: リズムに関する / 類: giai điệu,vocab
469,アクセント,あくせんと,akusento,-,trọng âm -  điểm nhấn,Danh từ,アクセントについて詳しく調査する。,Nghiên cứu kỹ lưỡng về trọng âm.,-,[1],連: アクセントに関する / 類: trọng âm,vocab
470,アルファベット,あるふぁべっと,arufabetto,-,bảng chữ cái,Danh từ,アルファベットについて詳しく調査する。,Nghiên cứu kỹ lưỡng về bảng chữ cái.,-,[1],連: アルファベットに関する / 類: bảng chữ cái,vocab
471,アドレス,あどれす,adoresu,-,địa chỉ,Danh từ,アドレスについて詳しく調査する。,Nghiên cứu kỹ lưỡng về địa chỉ.,-,[1],連: アドレスに関する / 類: địa chỉ,vocab
472,メモ,めも,memo,-,ghi chú,Danh từ,メモについて詳しく調査する。,Nghiên cứu kỹ lưỡng về ghi chú.,-,[0],連: メモに関する / 類: ghi chú,vocab
473,マーク,まーく,maaku,-,đánh dấu -  kí hiệu,Danh từ,マークについて詳しく調査する。,Nghiên cứu kỹ lưỡng về đánh dấu.,-,[0],連: マークに関する / 類: đánh dấu,vocab
474,イラスト,いらすと,irasuto,-,hình minh họa -  bức họa,Danh từ,イラストについて詳しく調査する。,Nghiên cứu kỹ lưỡng về hình minh họa.,-,[1],連: イラストに関する / 類: hình minh họa,vocab
475,サイン,さいん,sain,-,chữ kí -  dấu hiệu,Danh từ,サインについて詳しく調査する。,Nghiên cứu kỹ lưỡng về chữ kí.,-,[0],連: サインに関する / 類: chữ kí,vocab
476,スター,すたー,sutaa,-,ngôi sao nổi tiếng -  thần tượng,Danh từ,スターについて詳しく調査する。,Nghiên cứu kỹ lưỡng về ngôi sao nổi tiếng.,-,[0],連: スターに関する / 類: ngôi sao nổi tiếng,vocab
477,アンコール,あんこーる,ankooru,-,yêu cầu của khán giả -  diễn thêm tặng khán giả,Động từ nhóm 1,状況に合わせて適切にアンコール。,Yêu cầu của khán giả một cách phù hợp theo tình huống.,-,[1],連: アンコールに関する / 類: yêu cầu của khán giả,vocab
478,モデル,もでる,moderu,-,người mẫu -  mô hình,Danh từ,モデルについて詳しく調査する。,Nghiên cứu kỹ lưỡng về người mẫu.,-,[0],連: モデルに関する / 類: người mẫu,vocab
479,サンプル,さんぷる,sanpuru,-,hàng mẫu,Danh từ,サンプルについて詳しく調査する。,Nghiên cứu kỹ lưỡng về hàng mẫu.,-,[1],連: サンプルに関する / 類: hàng mẫu,vocab
480,スタイル,すたいる,sutairu,-,kiểu cách -  phong cách,Danh từ,スタイルについて詳しく調査する。,Nghiên cứu kỹ lưỡng về kiểu cách.,-,[1],連: スタイルに関する / 類: kiểu cách,vocab
481,ウエスト,うえすと,uesuto,-,eo -  vòng eo,Danh từ,ウエストについて詳しく調査する。,Nghiên cứu kỹ lưỡng về eo.,-,[1],連: ウエストに関する / 類: eo,vocab
482,カロリー,かろりー,karorii,-,calo,Danh từ,カロリーについて詳しく調査する。,Nghiên cứu kỹ lưỡng về calo.,-,[1],連: カロリーに関する / 類: calo,vocab
483,オーバー,おーばー,oobaa,-,quá -  vượt quá,Danh từ,オーバーについて詳しく調査する。,Nghiên cứu kỹ lưỡng về quá.,-,[1],連: オーバーに関する / 類: quá,vocab
484,コントロール,こんとろーる,kontorooru,-,kiểm soát -  điều khiển,Động từ nhóm 1,状況に合わせて適切にコントロール。,Kiểm soát một cách phù hợp theo tình huống.,-,[1],連: コントロールに関する / 類: kiểm soát,vocab
485,カーブ,かーぶ,kaabu,-,khúc cua -  đường cong,Danh từ,カーブについて詳しく調査する。,Nghiên cứu kỹ lưỡng về khúc cua.,-,[0],連: カーブに関する / 類: khúc cua,vocab
486,コース,こーす,koosu,-,khóa học -  phần ăn -  đường chạy (marathon),Động từ nhóm 1,状況に合わせて適切にコース。,Khóa học một cách phù hợp theo tình huống.,-,[0],連: コースに関する / 類: khóa học,vocab
487,レース,れーす,reesu,-,cuộc đua -  ren (viên áo – quần),Danh từ,レースについて詳しく調査する。,Nghiên cứu kỹ lưỡng về cuộc đua.,-,[0],連: レースに関する / 類: cuộc đua,vocab
488,リード,りーど,riido,-,dẫn đầu,Danh từ,リードについて詳しく調査する。,Nghiên cứu kỹ lưỡng về dẫn đầu.,-,[0],連: リードに関する / 類: dẫn đầu,vocab
489,トップ,とっぷ,toppu,-,đầu bảng,Danh từ,トップについて詳しく調査する。,Nghiên cứu kỹ lưỡng về đầu bảng.,-,[0],連: トップに関する / 類: đầu bảng,vocab
490,ゴール,ごーる,gooru,-,về đích -  kết thúc -  điểm đích,Động từ nhóm 1,状況に合わせて適切にゴール。,Về đích một cách phù hợp theo tình huống.,-,[0],連: ゴールに関する / 類: về đích,vocab
491,パス,ぱす,pasu,-,vượt qua -  đường chuyền,Danh từ,パスについて詳しく調査する。,Nghiên cứu kỹ lưỡng về vượt qua.,-,[0],連: パスに関する / 類: vượt qua,vocab
492,ベスト,べすと,besuto,-,tốt nhất,Danh từ,ベストについて詳しく調査する。,Nghiên cứu kỹ lưỡng về tốt nhất.,-,[0],連: ベストに関する / 類: tốt nhất,vocab
493,レギュラー,れぎゅらー,regyuraa,-,thông thường -  chính thức,Danh từ,レギュラーについて詳しく調査する。,Nghiên cứu kỹ lưỡng về thông thường.,-,[1],連: レギュラーに関する / 類: thông thường,vocab
494,コーチ,こーち,koochi,-,huấn luyện viên,Danh từ,コーチについて詳しく調査する。,Nghiên cứu kỹ lưỡng về huấn luyện viên.,-,[0],連: コーチに関する / 類: huấn luyện viên,vocab
495,キャプテン,きゃぷてん,kyaputen,-,đội trưởng,Danh từ,キャプテンについて詳しく調査する。,Nghiên cứu kỹ lưỡng về đội trưởng.,-,[1],連: キャプテンに関する / 類: đội trưởng,vocab
496,サークル,さーくる,saakuru,-,câu lạc bộ,Danh từ,サークルについて詳しく調査する。,Nghiên cứu kỹ lưỡng về câu lạc bộ.,-,[1],連: サークルに関する / 類: câu lạc bộ,vocab
497,キャンパス,きゃんぱす,kyanpasu,-,khuôn viên -  sân bãi trường học,Động từ nhóm 1,状況に合わせて適切にキャンパス。,Khuôn viên một cách phù hợp theo tình huống.,-,[1],連: キャンパスに関する / 類: khuôn viên,vocab
498,オリエンテーション,おりえんてーしょん,orienteeshon,-,định hướng -  buổi giới thiệu,Danh từ,オリエンテーションについて詳しく調査する。,Nghiên cứu kỹ lưỡng về định hướng.,-,[1],連: オリエンテーションに関する / 類: định hướng,vocab
499,カリキュラム,かりきゅらむ,karikyuramu,-,giáo án -  chương trình giảng dạy,Động từ nhóm 1,状況に合わせて適切にカリキュラム。,Giáo án một cách phù hợp theo tình huống.,-,[1],連: カリキュラムに関する / 類: giáo án,vocab
500,プログラム,ぷろぐらむ,puroguramu,-,chương trình -  lập trình,Danh từ,プログラムについて詳しく調査する。,Nghiên cứu kỹ lưỡng về chương trình.,-,[1],連: プログラムに関する / 類: chương trình,vocab
501,レッスン,れっすん,ressun,-,bài học,Danh từ,レッスンについて詳しく調査する。,Nghiên cứu kỹ lưỡng về bài học.,-,[1],連: レッスンに関する / 類: bài học,vocab
502,レクリエーション,れくりえーしょん,rekurieeshon,-,giải trí -  nghỉ giải lao,Danh từ,レクリエーションについて詳しく調査する。,Nghiên cứu kỹ lưỡng về giải trí.,-,[1],連: レクリエーションに関する / 類: giải trí,vocab
503,レジャー,れじゃー,rejaa,-,vui chơi -  rảnh rỗi,Danh từ,レジャーについて詳しく調査する。,Nghiên cứu kỹ lưỡng về vui chơi.,-,[1],連: レジャーに関する / 類: vui chơi,vocab
504,ガイド,がいど,gaido,-,hướng dẫn,Danh từ,ガイドについて詳しく調査する。,Nghiên cứu kỹ lưỡng về hướng dẫn.,-,[0],連: ガイドに関する / 類: hướng dẫn,vocab
505,シーズン,しーずん,shiizun,-,mùa,Danh từ,シーズンについて詳しく調査する。,Nghiên cứu kỹ lưỡng về mùa.,-,[1],連: シーズンに関する / 類: mùa,vocab
506,$x^{*}1+,7^{\circ}>7,7^{\circ}>7,-,bảng giờ tàu chạy -  kim cương,Danh từ,$x^{*}1+について詳しく調査する。,Nghiên cứu kỹ lưỡng về bảng giờ tàu chạy.,-,[1],連: $x^{*}1+に関する / 類: bảng giờ tàu chạy,vocab
507,ウイークデー,ういーくでー,uiikudee,-,ngày trong tuần,Danh từ,ウイークデーについて詳しく調査する。,Nghiên cứu kỹ lưỡng về ngày trong tuần.,-,[1],連: ウイークデーに関する / 類: ngày trong tuần,vocab
508,サービス,さーびす,saabisu,-,dịch vụ,Động từ nhóm 1,状況に合わせて適切にサービス。,Dịch vụ một cách phù hợp theo tình huống.,-,[1],連: サービスに関する / 類: dịch vụ,vocab
509,アルコール,あるこーる,arukooru,-,cồn -  rượu,Danh từ,アルコールについて詳しく調査する。,Nghiên cứu kỹ lưỡng về cồn.,-,[1],連: アルコールに関する / 類: cồn,vocab
510,デコレーション,でこれーしょん,dekoreeshon,-,trang trí,Danh từ,デコレーションについて詳しく調査する。,Nghiên cứu kỹ lưỡng về trang trí.,-,[1],連: デコレーションに関する / 類: trang trí,vocab
511,最も,もっとも,mottomo,Tối,...nhất -  vô cùng; cực kỳ = 一番 -  tuy nhiên,Danh từ,最もについて詳しく調査する。,Nghiên cứu kỹ lưỡng về ...nhất.,最 (Tối: nhất/tột cùng),[1],連: 最もに関する / 類: ...nhất,vocab
512,ほぼ,ほぼ,hobo,-,gần như -  hầu như,Phó từ,ほぼ物事が進んでいる。,Mọi việc đang tiến triển (gần như).,-,[0],連: ほぼに関する / 類: gần như,vocab
513,相当,そうとう,soutou,Tương Đương,Tương đối -  khá = かなり,Danh từ,相当について詳しく調査する。,Nghiên cứu kỹ lưỡng về Tương đối.,相 (Tương: tương hỗ/bộ mặt) + 当 (Đương: chính xác/đảm đương),[1],連: 相当に関する / 類: Tương đối,vocab
514,割合,わりあい,wariai,Cát Hợp,tương đối -  khá là -  tỷ lệ,Danh từ,割合について詳しく調査する。,Nghiên cứu kỹ lưỡng về tương đối.,割 (Cát: chia/vỡ/tỷ lệ) + 合 (Hợp: thích hợp/gặp gỡ),[1],連: 割合に関する / 類: tương đối,vocab
515,多少,たしょう,tashou,Đa Thiểu,một chút -  ít nhiều = 少し,Danh từ,多少について詳しく調査する。,Nghiên cứu kỹ lưỡng về một chút.,多 (Đa: nhiều/đa dạng) + 少 (Thiểu: ít/thiếu niên),[1],連: 多少に関する / 類: một chút,vocab
516,少々,しょうしょう,shoushou,Thiểu,một chút -  một lát,Danh từ,少々について詳しく調査する。,Nghiên cứu kỹ lưỡng về một chút.,少 (Thiểu: ít/thiếu niên),[1],連: 少々に関する / 類: một chút,vocab
517,すべて,すべて,subete,-,mọi thứ,Danh từ,すべてについて詳しく調査する。,Nghiên cứu kỹ lưỡng về mọi thứ.,-,[0],連: すべてに関する / 類: mọi thứ,vocab
518,何もかも,なにもかも,nanimokamo,Hà,Bất cứ thứ gì -  mọi thứ,Danh từ,何もかもについて詳しく調査する。,Nghiên cứu kỹ lưỡng về Bất cứ thứ gì.,何 (Hà: cái gì),[1],連: 何もかもに関する / 類: Bất cứ thứ gì,vocab
519,たっぷり,たっぷり,tappuri,-,đủ -  nhiều -  đầy ắp -  lỏng lẻo -  rộng rãi,Danh từ,たっぷりについて詳しく調査する。,Nghiên cứu kỹ lưỡng về đủ.,-,[1],連: たっぷりに関する / 類: đủ,vocab
520,できるだけ,できるだけ,dekirudake,-,cố gắng hết sức,Danh từ,できるだけについて詳しく調査する。,Nghiên cứu kỹ lưỡng về cố gắng hết sức.,-,[1],連: できるだけに関する / 類: cố gắng hết sức,vocab
521,次第に,しだいに,shidaini,Thứ Đệ,dần dần -  từng chút một (=だんだん),Phó từ,次第に物事が進んでいる。,Mọi việc đang tiến triển (dần dần).,次 (Thứ: tiếp theo/kế tiếp) + 第 (Đệ: thứ tự/giai đoạn),[1],連: 次第にに関する / 類: dần dần,vocab
522,徐々に,じょじょに,jojoni,Từ,Chầm chậm -  dần dần,Danh từ,徐々にについて詳しく調査する。,Nghiên cứu kỹ lưỡng về Chầm chậm.,徐 (Từ: từ từ/chậm rãi),[1],連: 徐々にに関する / 類: Chầm chậm,vocab
523,さらに,さらに,sarani,-,hơn nữa -  ngoài ra,Liên từ,努力を重ねた、さらに成功を収めた。,"Đã nỗ lực không ngừng, hơn nữa đã gặt hái thành công.",-,[0],連: さらにに関する / 類: hơn nữa,vocab
524,一層,いっそう,issou,Nhất Tầng,hơn -  hơn nữa,Danh từ,一層について詳しく調査する。,Nghiên cứu kỹ lưỡng về hơn.,一 (Nhất: một/nhất thể) + 層 (Tầng: tầng lớp/giai cấp),[1],連: 一層に関する / 類: hơn,vocab
525,一段と,いちだんと,ichidanto,Nhất Đoạn,hơn hẳn -  hơn 1 bậc,Danh từ,一段とについて詳しく調査する。,Nghiên cứu kỹ lưỡng về hơn hẳn.,一 (Nhất: một/nhất thể) + 段 (Đoạn: bậc thang/giai đoạn),[1],連: 一段とに関する / 類: hơn hẳn,vocab
526,より,より,yori,-,hơn,Danh từ,よりについて詳しく調査する。,Nghiên cứu kỹ lưỡng về hơn.,-,[0],連: よりに関する / 類: hơn,vocab
527,結局,けっきょく,kekkyoku,Kết Cục,kết cục -  rốt cuộc,Danh từ,結局について詳しく調査する。,Nghiên cứu kỹ lưỡng về kết cục.,結 (Kết: kết nối/kết quả) + 局 (Cục: cục bộ/cơ quan),[1],連: 結局に関する / 類: kết cục,vocab
528,ようやく,ようやく,youyaku,-,cuối cùng,Danh từ,ようやくについて詳しく調査する。,Nghiên cứu kỹ lưỡng về cuối cùng.,-,[1],連: ようやくに関する / 類: cuối cùng,vocab
529,再び,ふたたび,futatabi,Tái,lần nữa,Danh từ,再びについて詳しく調査する。,Nghiên cứu kỹ lưỡng về lần nữa.,再 (Tái: lại/tái diễn),[1],連: 再びに関する / 類: lần nữa,vocab
530,たちまち,たちまち,tachimachi,-,ngay lập tức -  đột nhiên,Phó từ,たちまち物事が進んでいる。,Mọi việc đang tiến triển (ngay lập tức).,-,[1],連: たちまちに関する / 類: ngay lập tức,vocab
531,今度,こんど,kondo,Kim Độ,lần này -  sắp tới -  lần tới,Danh từ,今度について詳しく調査する。,Nghiên cứu kỹ lưỡng về lần này.,今 (Kim: bây giờ/hiện tại) + 度 (Độ: mức độ/lần),[0],連: 今度に関する / 類: lần này,vocab
532,今後,こんご,kongo,Kim Hậu,từ bây giờ trở đi -  sắp tới,Danh từ,今後について詳しく調査する。,Nghiên cứu kỹ lưỡng về từ bây giờ trở đi.,今 (Kim: bây giờ/hiện tại) + 後 (Hậu: phía sau/sau này),[0],連: 今後に関する / 類: từ bây giờ trở đi,vocab
533,後(に),のち(に),nochi(ni),Hậu,sau đó,Danh từ,後(に)について詳しく調査する。,Nghiên cứu kỹ lưỡng về sau đó.,後 (Hậu: phía sau/sau này),[1],連: 後(に)に関する / 類: sau đó,vocab
534,まもなく,まもなく,mamonaku,-,chẳng mấy chốc -  sắp,Danh từ,まもなくについて詳しく調査する。,Nghiên cứu kỹ lưỡng về chẳng mấy chốc.,-,[1],連: まもなくに関する / 類: chẳng mấy chốc,vocab
535,そのうち,に,ni,-,sẽ sớm thôi -  1 lúc nữa,Danh từ,そのうちについて詳しく調査する。,Nghiên cứu kỹ lưỡng về sẽ sớm thôi.,-,[0],連: そのうちに関する / 類: sẽ sớm thôi,vocab
536,やがて,やがて,yagate,-,chẳng mấy chốc -  sắp sủa -  hầu như -  sau cùng,Danh từ,やがてについて詳しく調査する。,Nghiên cứu kỹ lưỡng về chẳng mấy chốc.,-,[0],連: やがてに関する / 類: chẳng mấy chốc,vocab
537,いずれ,いずれ,izure,-,1 ngày nào đó -  sớm muộn gì thì -  đằng nào,Danh từ,いずれについて詳しく調査する。,Nghiên cứu kỹ lưỡng về 1 ngày nào đó.,-,[0],連: いずれに関する / 類: 1 ngày nào đó,vocab
538,先ほど,さきほど,sakihodo,Tiên,mới lúc trước -  cách đây không lâu -  lúc nãy,Danh từ,先ほどについて詳しく調査する。,Nghiên cứu kỹ lưỡng về mới lúc trước.,先 (Tiên: trước/đầu tiên),[1],連: 先ほどに関する / 類: mới lúc trước,vocab
539,とっくに,とっくに,tokkuni,-,thời gian trức đây -  lâu rồi,Danh từ,とっくにについて詳しく調査する。,Nghiên cứu kỹ lưỡng về thời gian trức đây.,-,[1],連: とっくにに関する / 類: thời gian trức đây,vocab
540,すでに,すでに,sudeni,-,đã...,Danh từ,すでにについて詳しく調査する。,Nghiên cứu kỹ lưỡng về đã....,-,[0],連: すでにに関する / 類: đã...,vocab
541,事前に,じぜんに,jizenni,Sự Tiền,trước,Danh từ,事前にについて詳しく調査する。,Nghiên cứu kỹ lưỡng về trước.,事 (Sự: sự việc/công việc) + 前 (Tiền: phía trước/trước đây),[1],連: 事前にに関する / 類: trước,vocab
542,当日,とうじつ,toujitsu,Đương Nhật,hôm ấy,Danh từ,当日について詳しく調査する。,Nghiên cứu kỹ lưỡng về hôm ấy.,当 (Đương: chính xác/đảm đương) + 日 (Nhật: mặt trời/ngày),[1],連: 当日に関する / 類: hôm ấy,vocab
543,当時,とうじ,touji,Đương Thời,lúc đó -  khi ấy -  hồi đó,Danh từ,当時について詳しく調査する。,Nghiên cứu kỹ lưỡng về lúc đó.,当 (Đương: chính xác/đảm đương) + 時 (Thời: thời gian/giờ),[0],連: 当時に関する / 類: lúc đó,vocab
544,一時,いちじ,ichiji,Nhất Thời,tạm thời -  nhất thời -  có lúc,Phó từ,一時物事が進んでいる。,Mọi việc đang tiến triển (tạm thời).,一 (Nhất: một/nhất thể) + 時 (Thời: thời gian/giờ),[0],連: 一時に関する / 類: tạm thời,vocab
545,至急,しきゅう,shikyuu,Chí Cấp,khẩn cấp -  ngay lập tức,Danh từ,至急について詳しく調査する。,Nghiên cứu kỹ lưỡng về khẩn cấp.,至 (Chí: đến nơi/tột cùng) + 急 (Cấp: khẩn cấp/gấp gáp),[1],連: 至急に関する / 類: khẩn cấp,vocab
546,直ちに,ただちに,tadachini,Trực,ngay lập tức,Phó từ,直ちに物事が進んでいる。,Mọi việc đang tiến triển (ngay lập tức).,直 (Trực: thẳng thắn/trực tiếp/sửa),[1],連: 直ちにに関する / 類: ngay lập tức,vocab
547,早速,さっそく,sassoku,Tảo Tốc,nhanh chóng -  luôn và ngay,Danh từ,早速について詳しく調査する。,Nghiên cứu kỹ lưỡng về nhanh chóng.,早 (Tảo: sớm/nhanh chóng) + 速 (Tốc: nhanh chóng/tốc độ),[1],連: 早速に関する / 類: nhanh chóng,vocab
548,いきなり,いきなり,ikinari,-,đột ngột -  đột nhiên,Phó từ,いきなり物事が進んでいる。,Mọi việc đang tiến triển (đột ngột).,-,[1],連: いきなりに関する / 類: đột ngột,vocab
549,常に,つねに,tsuneni,Thường,luôn luôn -  lúc nào cũng,Phó từ,常に物事が進んでいる。,Mọi việc đang tiến triển (luôn luôn).,常 (Thường: thường ngày/bình thường),[0],連: 常にに関する / 類: luôn luôn,vocab
550,絶えず,たえず,taezu,Tuyệt,liên tục -  triền miên,Danh từ,絶えずについて詳しく調査する。,Nghiên cứu kỹ lưỡng về liên tục.,絶 (Tuyệt: tuyệt đối/cắt đứt),[0],連: 絶えずに関する / 類: liên tục,vocab
551,しばしば,しばしば,shibashiba,-,rất thường xuyên -  không ngừng,Phó từ,しばしば物事が進んでいる。,Mọi việc đang tiến triển (rất thường xuyên).,-,[1],連: しばしばに関する / 類: rất thường xuyên,vocab
552,たびたび,たびたび,tabitabi,-,hay -  nhiều lần -  thường xuyên,Danh từ,たびたびについて詳しく調査する。,Nghiên cứu kỹ lưỡng về hay.,-,[1],連: たびたびに関する / 類: hay,vocab
553,しょっちゅう,しょっちゅう,shotchuu,-,suốt ngày -  thường xuyên,Danh từ,しょっちゅうについて詳しく調査する。,Nghiên cứu kỹ lưỡng về suốt ngày.,-,[1],連: しょっちゅうに関する / 類: suốt ngày,vocab
554,たまに,たまに,tamani,-,thỉnh thoảng,Phó từ,たまに物事が進んでいる。,Mọi việc đang tiến triển (thỉnh thoảng).,-,[0],連: たまにに関する / 類: thỉnh thoảng,vocab
555,めったに,めったに,mettani,-,hiếm khi,Phó từ,めったに物事が進んでいる。,Mọi việc đang tiến triển (hiếm khi).,-,[1],連: めったにに関する / 類: hiếm khi,vocab
556,にこにこ,にこにこ,nikoniko,-,tươi cười,Danh từ,にこにこについて詳しく調査する。,Nghiên cứu kỹ lưỡng về tươi cười.,-,[1],連: にこにこに関する / 類: tươi cười,vocab
557,にやにや,にやにや,niyaniya,-,cười toe toét,Danh từ,にやにやについて詳しく調査する。,Nghiên cứu kỹ lưỡng về cười toe toét.,-,[1],連: にやにやに関する / 類: cười toe toét,vocab
558,どきどき,どきどき,dokidoki,-,hồi hộp,Danh từ,どきどきについて詳しく調査する。,Nghiên cứu kỹ lưỡng về hồi hộp.,-,[1],連: どきどきに関する / 類: hồi hộp,vocab
559,はらはら,はらはら,harahara,-,áy náy -  lo lắng,Danh từ,はらはらについて詳しく調査する。,Nghiên cứu kỹ lưỡng về áy náy.,-,[1],連: はらはらに関する / 類: áy náy,vocab
560,かんかん,かんかん,kankan,-,bừng bừng -  nổi giận,Danh từ,かんかんについて詳しく調査する。,Nghiên cứu kỹ lưỡng về bừng bừng.,-,[1],連: かんかんに関する / 類: bừng bừng,vocab
561,びしょびしょ,びしょびしょ,bishobisho,-,ướt sũng -  chèm chẹp,Danh từ,びしょびしょについて詳しく調査する。,Nghiên cứu kỹ lưỡng về ướt sũng.,-,[1],連: びしょびしょに関する / 類: ướt sũng,vocab
562,うろうろ,うろうろ,urouro,-,lượn đi lượn lại -  tha thẩn,Danh từ,うろうろについて詳しく調査する。,Nghiên cứu kỹ lưỡng về lượn đi lượn lại.,-,[1],連: うろうろに関する / 類: lượn đi lượn lại,vocab
563,のろのろ,のろのろ,noronoro,-,chậm chạp -  vụng về -  lúng túng,Danh từ,のろのろについて詳しく調査する。,Nghiên cứu kỹ lưỡng về chậm chạp.,-,[1],連: のろのろに関する / 類: chậm chạp,vocab
564,ふらふら,ふらふら,furafura,-,chóng mặt -  choáng váng -  lông bông,Danh từ,ふらふらについて詳しく調査する。,Nghiên cứu kỹ lưỡng về chóng mặt.,-,[1],連: ふらふらに関する / 類: chóng mặt,vocab
565,ぶらぶら,ぶらぶら,burabura,-,loanh quanh -  lang thang -  lảng vảng,Danh từ,ぶらぶらについて詳しく調査する。,Nghiên cứu kỹ lưỡng về loanh quanh.,-,[1],連: ぶらぶらに関する / 類: loanh quanh,vocab
566,したがって,したがって,shitagatte,-,sở dĩ; vì vậy; do vậy ( đưa ra kết luận) -  theo đó,Danh từ,したがってについて詳しく調査する。,Nghiên cứu kỹ lưỡng về sở dĩ.,-,[1],連: したがってに関する / 類: sở dĩ; vì vậy; do vậy ( đưa ra kết luận),vocab
567,だが,だが,daga,-,tuy nhiên -  tuy vậy -  mặc dù,Liên từ,努力を重ねた、だが成功を収めた。,"Đã nỗ lực không ngừng, tuy nhiên đã gặt hái thành công.",-,[0],連: だがに関する / 類: tuy nhiên,vocab
568,ところが,ところが,tokoroga,-,vậy mà -  tuy nhiên -  nhưng,Danh từ,ところがについて詳しく調査する。,Nghiên cứu kỹ lưỡng về vậy mà.,-,[1],連: ところがに関する / 類: vậy mà,vocab
569,しかも,しかも,shikamo,-,đã vậy lại còn,Danh từ,しかもについて詳しく調査する。,Nghiên cứu kỹ lưỡng về đã vậy lại còn.,-,[0],連: しかもに関する / 類: đã vậy lại còn,vocab
570,すると,すると,suruto,-,lập tức -  -  khi đó -  rồi thì,Danh từ,するとについて詳しく調査する。,Nghiên cứu kỹ lưỡng về lập tức.,-,[0],連: するとに関する / 類: lập tức,vocab
571,なぜなら,なぜなら,nazenara,-,bởi vì là,Danh từ,なぜならについて詳しく調査する。,Nghiên cứu kỹ lưỡng về bởi vì là.,-,[1],連: なぜならに関する / 類: bởi vì là,vocab
572,だって,だって,datte,-,vì là -  do là -  dẫu vậy -  tuy vậy,Danh từ,だってについて詳しく調査する。,Nghiên cứu kỹ lưỡng về vì là.,-,[0],連: だってに関する / 類: vì là,vocab
573,要するに,ようするに,yousuruni,Yếu,tóm lại -  chủ yếu là,Danh từ,要するにについて詳しく調査する。,Nghiên cứu kỹ lưỡng về tóm lại.,要 (Yếu: quan trọng/cần thiết),[1],連: 要するにに関する / 類: tóm lại,vocab
574,すなわち,すなわち,sunawachi,-,nói cách khác,Liên từ,努力を重ねた、すなわち成功を収めた。,"Đã nỗ lực không ngừng, nói cách khác đã gặt hái thành công.",-,[1],連: すなわちに関する / 類: nói cách khác,vocab
575,あるいは,あるいは,aruiha,-,hoặc -  có lẽ,Liên từ,努力を重ねた、あるいは成功を収めた。,"Đã nỗ lực không ngừng, hoặc đã gặt hái thành công.",-,[1],連: あるいはに関する / 類: hoặc,vocab
576,さて,さて,sate,-,và sau đây -  tiếp theo,Liên từ,努力を重ねた、さて成功を収めた。,"Đã nỗ lực không ngừng, và sau đây đã gặt hái thành công.",-,[0],連: さてに関する / 類: và sau đây,vocab
577,では,では,deha,-,ngay sau đây -  vậy thì,Phó từ,では物事が進んでいる。,Mọi việc đang tiến triển (ngay sau đây).,-,[0],連: ではに関する / 類: ngay sau đây,vocab
578,ところで,ところで,tokorode,-,Nhân tiện -  mà này...,Phó từ,ところで物事が進んでいる。,Mọi việc đang tiến triển (Nhân tiện).,-,[1],連: ところでに関する / 類: Nhân tiện,vocab
579,そう言えば,そういえば,souieba,Ngôn,Nhắc mới nhớ -  nói vậy thi....,Danh từ,そう言えばについて詳しく調査する。,Nghiên cứu kỹ lưỡng về Nhắc mới nhớ.,言 (Ngôn: nói/ngôn từ),[1],連: そう言えばに関する / 類: Nhắc mới nhớ,vocab
580,ただ,ただ,tada,-,Tuy... thế nhưng ... -  ngoại trừ 1 điều -  miễn phí,Danh từ,ただについて詳しく調査する。,Nghiên cứu kỹ lưỡng về Tuy... thế nhưng ....,-,[0],連: ただに関する / 類: Tuy... thế nhưng ...,vocab
581,食料,しょくりょう,shokuryou,Thực Liệu,đồ ăn -  thực phẩm,Động từ nhóm 1,状況に合わせて適切に食料。,Đồ ăn một cách phù hợp theo tình huống.,食 (Thực: ăn uống/món ăn) + 料 (Liệu: nguyên liệu/phí tổn),[1],連: 食料に関する / 類: đồ ăn,vocab
582,粒,つぶ,tsubu,Lạp,hạt -  viên -  giọt,Động từ nhóm 1,状況に合わせて適切に粒。,Hạt một cách phù hợp theo tình huống.,粒 (Lạp: hạt nhỏ/viên thuốc),[0],連: 粒に関する / 類: hạt,vocab
583,くず,くず,kuzu,-,vụn rác -  đồ cặn bã -  đồ thừa,Danh từ,くずについて詳しく調査する。,Nghiên cứu kỹ lưỡng về vụn rác.,-,[0],連: くずに関する / 類: vụn rác,vocab
584,栽培,さいばい,saibai,Tài Bồi,nuôi trồng -  trồng trọt,Danh từ,栽培について詳しく調査する。,Nghiên cứu kỹ lưỡng về nuôi trồng.,栽 (Tài: trồng trọt/canh tác) + 培 (Bồi: bồi dưỡng/vun trồng),[1],連: 栽培に関する / 類: nuôi trồng,vocab
585,収穫,しゅうかく,shuukaku,Thu Hoạch,thu hoạch -  lĩnh hội -  gặt hái,Danh từ,収穫について詳しく調査する。,Nghiên cứu kỹ lưỡng về thu hoạch.,収 (Thu: thu hoạch/thu nhận) + 穫 (Hoạch: thu hoạch/mùa màng),[1],連: 収穫に関する / 類: thu hoạch,vocab
586,産地,さんち,sanchi,Sản Địa,nơi sản xuất,Danh từ,産地について詳しく調査する。,Nghiên cứu kỹ lưỡng về nơi sản xuất.,産 (Sản: sản sinh/sản nghiệp) + 地 (Địa: đất đai/địa điểm),[0],連: 産地に関する / 類: nơi sản xuất,vocab
587,土地,とち,tochi,Thổ Địa,đất đai,Danh từ,土地について詳しく調査する。,Nghiên cứu kỹ lưỡng về đất đai.,土 (Thổ: đất đai) + 地 (Địa: đất đai/địa điểm),[0],連: 土地に関する / 類: đất đai,vocab
588,倉庫,そうこ,souko,Thương Khố,kho bãi,Danh từ,倉庫について詳しく調査する。,Nghiên cứu kỹ lưỡng về kho bãi.,倉 (Thương: nhà kho/kho hàng) + 庫 (Khố: kho chứa/kho tàng),[0],連: 倉庫に関する / 類: kho bãi,vocab
589,所有,しょゆう,shoyuu,Sở Hữu,sở hữu,Danh từ,所有について詳しく調査する。,Nghiên cứu kỹ lưỡng về sở hữu.,所 (Sở: nơi chốn/điểm) + 有 (Hữu: có/sở hữu),[1],連: 所有に関する / 類: sở hữu,vocab
590,収集,しゅうしゅう,shuushuu,Thu Tập,thu thập -  thu gom,Danh từ,収集について詳しく調査する。,Nghiên cứu kỹ lưỡng về thu thập.,収 (Thu: thu hoạch/thu nhận) + 集 (Tập: tập hợp/thu thập),[1],連: 収集に関する / 類: thu thập,vocab
591,滞在,たいざい,taizai,Trệ Tại,ở -  lưu trú,Danh từ,滞在について詳しく調査する。,Nghiên cứu kỹ lưỡng về ở.,滞 (Trệ: ứ đọng/trì trệ/lưu trú) + 在 (Tại: tồn tại/ở tại),[1],連: 滞在に関する / 類: ở,vocab
592,便,べん,ben,Tiện,thuận tiện,Danh từ,便について詳しく調査する。,Nghiên cứu kỹ lưỡng về thuận tiện.,便 (Tiện: tiện lợi/thư từ),[0],連: 便に関する / 類: thuận tiện,vocab
593,便,びん,bin,Tiện,chuyến -  tuyến,Danh từ,便について詳しく調査する。,Nghiên cứu kỹ lưỡng về chuyến.,便 (Tiện: tiện lợi/thư từ),[0],連: 便に関する / 類: chuyến,vocab
594,設備,せつび,setsubi,Thiết Bị,thiết bị,Danh từ,設備について詳しく調査する。,Nghiên cứu kỹ lưỡng về thiết bị.,設 (Thiết: thiết lập/xây dựng) + 備 (Bị: chuẩn bị/trang bị),[0],連: 設備に関する / 類: thiết bị,vocab
595,設計,せっけい,sekkei,Thiết Kế,thiết kế,Danh từ,設計について詳しく調査する。,Nghiên cứu kỹ lưỡng về thiết kế.,設 (Thiết: thiết lập/xây dựng) + 計 (Kế: kế hoạch/đo đếm),[1],連: 設計に関する / 類: thiết kế,vocab
596,制作・製作,せいさく,seisaku,Chế Tác Chế Tác,chế tạo -  sáng tác,Danh từ,制作・製作について詳しく調査する。,Nghiên cứu kỹ lưỡng về chế tạo.,制 (Chế: chế tạo/chế độ) + 作 (Tác: làm/chế tác) + 製 (Chế: chế tạo/sản xuất) + 作 (Tác: làm/chế tác),[1],連: 制作・製作に関する / 類: chế tạo,vocab
597,製造,せいぞう,seizou,Chế Tạo,chế tạo -  sản xuất,Danh từ,製造について詳しく調査する。,Nghiên cứu kỹ lưỡng về chế tạo.,製 (Chế: chế tạo/sản xuất) + 造 (Tạo: chế tạo/sáng tạo),[1],連: 製造に関する / 類: chế tạo,vocab
598,建築,けんちく,kenchiku,Kiến Trúc,kiến thiết -  xây dựng,Động từ nhóm 1,状況に合わせて適切に建築。,Kiến thiết một cách phù hợp theo tình huống.,建 (Kiến: xây dựng/kiến trúc) + 築 (Trúc: xây dựng/kiến trúc),[1],連: 建築に関する / 類: kiến thiết,vocab
599,人工,じんこう,jinkou,Nhân Công,nhân tạo -  nhân công,Danh từ,人工について詳しく調査する。,Nghiên cứu kỹ lưỡng về nhân tạo.,人 (Nhân: người/nhân loại) + 工 (Công: công nghiệp/kỹ thuật),[1],連: 人工に関する / 類: nhân tạo,vocab
600,圧力,あつりょく,atsuryoku,Áp Lực,áp lực -  sức ép,Danh từ,圧力について詳しく調査する。,Nghiên cứu kỹ lưỡng về áp lực.,圧 (Áp: áp lực/đè ép) + 力 (Lực: sức lực/khả năng),[1],連: 圧力に関する / 類: áp lực,vocab
601,刺激,しげき,shigeki,Thích Kích,kích thích -  khiêu khích,Danh từ,刺激について詳しく調査する。,Nghiên cứu kỹ lưỡng về kích thích.,刺 (Thích: đâm/chích/châm) + 激 (Kích: kịch liệt/mãnh liệt),[0],連: 刺激に関する / 類: kích thích,vocab
602,摩擦,まさつ,masatsu,Ma Sát,ma sát -  mâu thuẫn,Danh từ,摩擦について詳しく調査する。,Nghiên cứu kỹ lưỡng về ma sát.,摩 (Ma: cọ xát/mài mòn) + 擦 (Sát: ma sát/cọ xát),[0],連: 摩擦に関する / 類: ma sát,vocab
603,立場,たちば,tachiba,Lập Trường,lập trường -  quan điểm,Danh từ,立場について詳しく調査する。,Nghiên cứu kỹ lưỡng về lập trường.,立 (Lập: đứng/thành lập) + 場 (Trường: nơi chốn/hội trường),[0],連: 立場に関する / 類: lập trường,vocab
604,役割,やくわり,yakuwari,Dịch Cát,vai trò -  phận sự,Danh từ,役割について詳しく調査する。,Nghiên cứu kỹ lưỡng về vai trò.,役 (Dịch: vai trò/nhiệm vụ) + 割 (Cát: chia/vỡ/tỷ lệ),[1],連: 役割に関する / 類: vai trò,vocab
605,分担,ぶんたん,buntan,Phân Đam,chia sẻ -  gánh vác,Danh từ,分担について詳しく調査する。,Nghiên cứu kỹ lưỡng về chia sẻ.,分 (Phân: chia/phần/hiểu) + 担 (Đam: gánh vác/đảm đương),[1],連: 分担に関する / 類: chia sẻ,vocab
606,担当,たんとう,tantou,Đam Đương,chịu trách nhiệm -  đảm đương,Danh từ,担当について詳しく調査する。,Nghiên cứu kỹ lưỡng về chịu trách nhiệm.,担 (Đam: gánh vác/đảm đương) + 当 (Đương: chính xác/đảm đương),[1],連: 担当に関する / 類: chịu trách nhiệm,vocab
607,交代・交替,こうたい,koutai,Giao Đại Giao Thế,luân phiên -  thay đổi,Tính từ -i,この問題は非常に交代・交替。,Vấn đề này rất luân phiên.,交 (Giao: giao thoa/giao lưu) + 代 (Đại: thay thế/thời đại) + 交 (Giao: giao thoa/giao lưu) + 替 (Thế: thay thế/đổi),[1],連: 交代・交替に関する / 類: luân phiên,vocab
608,代理,だいり,dairi,Đại Lý,đại diện -  thay thế,Danh từ,代理について詳しく調査する。,Nghiên cứu kỹ lưỡng về đại diện.,代 (Đại: thay thế/thời đại) + 理 (Lý: lý do/chân lý/xử lý),[0],連: 代理に関する / 類: đại diện,vocab
609,審判,しんぱん,shinpan,Thẩm Phán,thẩm phám -  trọng tài,Danh từ,審判について詳しく調査する。,Nghiên cứu kỹ lưỡng về thẩm phám.,審 (Thẩm: thẩm tra/xem xét) + 判 (Phán: phán đoán/đánh giá),[1],連: 審判に関する / 類: thẩm phám,vocab
610,監督,かんとく,kantoku,Giám Đốc,đạo diễn -  giám sát -  HLV,Danh từ,監督について詳しく調査する。,Nghiên cứu kỹ lưỡng về đạo diễn.,監 (Giám: giám sát/trông coi) + 督 (Đốc: đôn đốc/giám đốc),[1],連: 監督に関する / 類: đạo diễn,vocab
611,予測,よそく,yosoku,Dự Trắc,dự đoán,Động từ nhóm 1,状況に合わせて適切に予測。,Dự đoán một cách phù hợp theo tình huống.,予 (Dự: dự báo/trước) + 測 (Trắc: đo lường/trắc lượng),[0],連: 予測に関する / 類: dự đoán,vocab
612,予期,よき,yoki,Dự Kỳ,mong đợi,Danh từ,予期について詳しく調査する。,Nghiên cứu kỹ lưỡng về mong đợi.,予 (Dự: dự báo/trước) + 期 (Kỳ: thời kỳ/kỳ hạn),[0],連: 予期に関する / 類: mong đợi,vocab
613,判断,はんだん,handan,Phán Đoạn,suy xét -  xem xét,Danh từ,判断について詳しく調査する。,Nghiên cứu kỹ lưỡng về suy xét.,判 (Phán: phán đoán/đánh giá) + 断 (Đoạn: cắt đứt/từ chối/phán đoán),[1],連: 判断に関する / 類: suy xét,vocab
614,評価,ひょうか,hyouka,Bình Giá,đánh giá -  bình phẩm,Danh từ,評価について詳しく調査する。,Nghiên cứu kỹ lưỡng về đánh giá.,評 (Bình: bình luận/đánh giá) + 価 (Giá: giá cả/giá trị),[1],連: 評価に関する / 類: đánh giá,vocab
615,指示,しじ,shiji,Chỉ Thị,chỉ dẫn -  chỉ thị,Danh từ,指示について詳しく調査する。,Nghiên cứu kỹ lưỡng về chỉ dẫn.,指 (Chỉ: ngón tay/chỉ ra) + 示 (Thị: biểu thị/cho thấy),[0],連: 指示に関する / 類: chỉ dẫn,vocab
616,無視,むし,mushi,Vô Thị,bỏ qua -  ngó ngơ,Danh từ,無視について詳しく調査する。,Nghiên cứu kỹ lưỡng về bỏ qua.,無 (Vô: không có/vô hiệu) + 視 (Thị: thị giác/nhìn nhận),[0],連: 無視に関する / 類: bỏ qua,vocab
617,無断,むだん,mudan,Vô Đoạn,tự ý tự tiện,Danh từ,無断について詳しく調査する。,Nghiên cứu kỹ lưỡng về tự ý tự tiện.,無 (Vô: không có/vô hiệu) + 断 (Đoạn: cắt đứt/từ chối/phán đoán),[0],連: 無断に関する / 類: tự ý tự tiện,vocab
618,承知,しょうち,shouchi,Thừa Tri,hiểu rõ -  thừa nhận -  thấu hiểu,Danh từ,承知について詳しく調査する。,Nghiên cứu kỹ lưỡng về hiểu rõ.,承 (Thừa: tiếp nhận/thấu hiểu) + 知 (Tri: hiểu biết/tri thức),[1],連: 承知に関する / 類: hiểu rõ,vocab
619,納得,なっとく,nattoku,Nạp Đắc,tiếp thụ -  lĩnh hội -  nắm bắt,Động từ nhóm 1,状況に合わせて適切に納得。,Tiếp thụ một cách phù hợp theo tình huống.,納 (Nạp: nộp vào/thu nạp) + 得 (Đắc: đạt được/đắc lợi),[1],連: 納得に関する / 類: tiếp thụ,vocab
620,疑問,ぎもん,gimon,Nghi Vấn,nghi vấn -  thắc mắc,Danh từ,疑問について詳しく調査する。,Nghiên cứu kỹ lưỡng về nghi vấn.,疑 (Nghi: nghi ngờ/thắc mắc) + 問 (Vấn: hỏi/vấn đề),[0],連: 疑問に関する / 類: nghi vấn,vocab
621,推測,すいそく,suisoku,Thôi Trắc,phỏng đoán -  dự đoán,Động từ nhóm 1,状況に合わせて適切に推測。,Phỏng đoán một cách phù hợp theo tình huống.,推 (Thôi: suy đoán/thúc đẩy) + 測 (Trắc: đo lường/trắc lượng),[1],連: 推測に関する / 類: phỏng đoán,vocab
622,肯定,こうてい,koutei,Khẳng Định,khẳng định,Danh từ,肯定について詳しく調査する。,Nghiên cứu kỹ lưỡng về khẳng định.,肯 (Khẳng: khẳng định/đồng ý) + 定 (Định: cố định/quy định),[1],連: 肯定に関する / 類: khẳng định,vocab
623,参考,さんこう,sankou,Tham Khảo,tham khảo,Danh từ,参考について詳しく調査する。,Nghiên cứu kỹ lưỡng về tham khảo.,参 (Tham: tham gia/viếng thăm) + 考 (Khảo: suy nghĩ/khảo sát),[1],連: 参考に関する / 類: tham khảo,vocab
624,程度,ていど,teido,Trình Độ,mức độ; trình độ,Danh từ,程度について詳しく調査する。,Nghiên cứu kỹ lưỡng về mức độ.,程 (Trình: quá trình/mức độ) + 度 (Độ: mức độ/lần),[0],連: 程度に関する / 類: mức độ; trình độ,vocab
625,評判,ひょうばん,hyouban,Bình Phán,đánh giá -  có tiếng là,Danh từ,評判について詳しく調査する。,Nghiên cứu kỹ lưỡng về đánh giá.,評 (Bình: bình luận/đánh giá) + 判 (Phán: phán đoán/đánh giá),[1],連: 評判に関する / 類: đánh giá,vocab
626,批評,ひひょう,hihyou,Phê Bình,bình luận -  đánh giá,Danh từ,批評について詳しく調査する。,Nghiên cứu kỹ lưỡng về bình luận.,批 (Phê: phê bình/đánh giá) + 評 (Bình: bình luận/đánh giá),[1],連: 批評に関する / 類: bình luận,vocab
627,推薦,すいせん,suisen,Thôi Tiến,tiến cử -  giới thiệu,Danh từ,推薦について詳しく調査する。,Nghiên cứu kỹ lưỡng về tiến cử.,推 (Thôi: suy đoán/thúc đẩy) + 薦 (Tiến: tiến cử/giới thiệu),[1],連: 推薦に関する / 類: tiến cử,vocab
628,信用,しんよう,shinyou,Tín Dụng,Tín nhiệm -  sự tin tưởng,Danh từ,信用について詳しく調査する。,Nghiên cứu kỹ lưỡng về Tín nhiệm.,信 (Tín: tin tưởng/tín nhiệm) + 用 (Dụng: sử dụng/công dụng),[1],連: 信用に関する / 類: Tín nhiệm,vocab
629,信頼,しんらい,shinrai,Tín Lại,Tin cậy -  tín nhiệm,Danh từ,信頼について詳しく調査する。,Nghiên cứu kỹ lưỡng về Tin cậy.,信 (Tín: tin tưởng/tín nhiệm) + 頼 (Lại: nhờ cậy/tin cậy),[1],連: 信頼に関する / 類: Tin cậy,vocab
630,尊重,そんちょう,sonchou,Tôn Trọng,tôn trọng -  coi trọng,Danh từ,尊重について詳しく調査する。,Nghiên cứu kỹ lưỡng về tôn trọng.,尊 (Tôn: tôn kính/tôn trọng) + 重 (Trọng: nặng nề/quan trọng/chồng chất),[1],連: 尊重に関する / 類: tôn trọng,vocab
631,作業,さぎょう,sagyou,Tác Nghiệp,công việc -  thao tác,Danh từ,作業について詳しく調査する。,Nghiên cứu kỹ lưỡng về công việc.,作 (Tác: làm/chế tác) + 業 (Nghiệp: nghề nghiệp/kinh doanh),[1],連: 作業に関する / 類: công việc,vocab
632,工夫,くふう,kufuu,Công Phu,Sáng kiến -  phát minh -  đào sâu nghiên cứu,Động từ nhóm 1,状況に合わせて適切に工夫。,Sáng kiến một cách phù hợp theo tình huống.,工 (Công: công nghiệp/kỹ thuật) + 夫 (Phu: chồng/đàn ông),[0],連: 工夫に関する / 類: Sáng kiến,vocab
633,消化,しょうか,shouka,Tiêu Hóa,tiêu hóa -  tiêu thụ -  thực hiện xong -  đạt được,Danh từ,消化について詳しく調査する。,Nghiên cứu kỹ lưỡng về tiêu hóa.,消 (Tiêu: tiêu biến/tắt/xóa) + 化 (Hóa: biến hóa/thay đổi),[1],連: 消化に関する / 類: tiêu hóa,vocab
634,吸収,きゅうしゅう,kyuushuu,Hấp Thu,hấp thụ -  thấm,Động từ nhóm 1,状況に合わせて適切に吸収。,Hấp thụ một cách phù hợp theo tình huống.,吸 (Hấp: hút/hít vào) + 収 (Thu: thu hoạch/thu nhận),[1],連: 吸収に関する / 類: hấp thụ,vocab
635,設置,せっち,setchi,Thiết Trí,Lắp đặt -  bố trí,Danh từ,設置について詳しく調査する。,Nghiên cứu kỹ lưỡng về Lắp đặt.,設 (Thiết: thiết lập/xây dựng) + 置 (Trí: đặt để/bố trí),[0],連: 設置に関する / 類: Lắp đặt,vocab
636,設定,せってい,settei,Thiết Định,thiết lập -  cài đặt,Danh từ,設定について詳しく調査する。,Nghiên cứu kỹ lưỡng về thiết lập.,設 (Thiết: thiết lập/xây dựng) + 定 (Định: cố định/quy định),[1],連: 設定に関する / 類: thiết lập,vocab
637,調節,ちょうせつ,chousetsu,Điệu Tiết,Điều chỉnh ( âm lượng -  nhiệt độ ),Động từ nhóm 1,状況に合わせて適切に調節。,Điều chỉnh ( âm lượng một cách phù hợp theo tình huống.,調 (Điệu: điều tra/giai điệu/điều chỉnh) + 節 (Tiết: tiết chế/đốt tre/tiết mục),[1],連: 調節に関する / 類: Điều chỉnh ( âm lượng,vocab
638,調整,ちょうせい,chousei,Điệu Chỉnh,điều chỉnh -  sắp xếp -  bố trí,Danh từ,調整について詳しく調査する。,Nghiên cứu kỹ lưỡng về điều chỉnh.,調 (Điệu: điều tra/giai điệu/điều chỉnh) + 整 (Chỉnh: chỉnh đốn/sắp xếp),[1],連: 調整に関する / 類: điều chỉnh,vocab
639,解放,かいほう,kaihou,Giải Phóng,giải phóng -  giải thoát,Danh từ,解放について詳しく調査する。,Nghiên cứu kỹ lưỡng về giải phóng.,解 (Giải: giải thích/giải tỏa/hiểu) + 放 (Phóng: thả ra/phát sóng),[1],連: 解放に関する / 類: giải phóng,vocab
640,総合,そうごう,sougou,Tổng Hợp,tổng hợp -  cùng nhau,Danh từ,総合について詳しく調査する。,Nghiên cứu kỹ lưỡng về tổng hợp.,総 (Tổng: tổng cộng/toàn bộ) + 合 (Hợp: thích hợp/gặp gỡ),[1],連: 総合に関する / 類: tổng hợp,vocab
641,連続,れんぞく,renzoku,Liên Tục,liên tục -  dài tập,Danh từ,連続について詳しく調査する。,Nghiên cứu kỹ lưỡng về liên tục.,連 (Liên: kết nối/liên lạc/dẫn theo) + 続 (Tục: tiếp tục/liên tục),[1],連: 連続に関する / 類: liên tục,vocab
642,持続,じぞく,jizoku,Trì Tục,duy trì -  tiếp tục,Danh từ,持続について詳しく調査する。,Nghiên cứu kỹ lưỡng về duy trì.,持 (Trì: cầm/nắm giữ/duy trì) + 続 (Tục: tiếp tục/liên tục),[0],連: 持続に関する / 類: duy trì,vocab
643,中断,ちゅうだん,chuudan,Trung Đoạn,gián đoạn -  tạm dừng,Danh từ,中断について詳しく調査する。,Nghiên cứu kỹ lưỡng về gián đoạn.,中 (Trung: trong/ở giữa) + 断 (Đoạn: cắt đứt/từ chối/phán đoán),[1],連: 中断に関する / 類: gián đoạn,vocab
644,安定,あんてい,antei,An Định,ổn định,Danh từ,安定について詳しく調査する。,Nghiên cứu kỹ lưỡng về ổn định.,安 (An: an toàn/yên ổn/rẻ) + 定 (Định: cố định/quy định),[1],連: 安定に関する / 類: ổn định,vocab
645,混乱,こんらん,konran,Hỗn Loạn,lúng túng -  hỗn loạn,Danh từ,混乱について詳しく調査する。,Nghiên cứu kỹ lưỡng về lúng túng.,混 (Hỗn: hỗn tạp/pha trộn) + 乱 (Loạn: rối loạn/hỗn loạn),[1],連: 混乱に関する / 類: lúng túng,vocab
646,上昇,じょうしょう,joushou,Thượng Thăng,tiến lên -  tăng lên -  bốc lên,Động từ nhóm 1,状況に合わせて適切に上昇。,Tiến lên một cách phù hợp theo tình huống.,上 (Thượng: trên/lên) + 昇 (Thăng: lên cao/thăng tiến),[1],連: 上昇に関する / 類: tiến lên,vocab
647,達成,たっせい,tassei,Đạt Thành,đạt được -  hoàn thành,Danh từ,達成について詳しく調査する。,Nghiên cứu kỹ lưỡng về đạt được.,達 (Đạt: đạt được/thông đạt/nhóm người) + 成 (Thành: hoàn thành/trở thành),[1],連: 達成に関する / 類: đạt được,vocab
648,事情,じじょう,jijou,Sự Tình,tình hình -  điều kiện,Động từ nhóm 1,状況に合わせて適切に事情。,Tình hình một cách phù hợp theo tình huống.,事 (Sự: sự việc/công việc) + 情 (Tình: tình cảm/hoàn cảnh),[1],連: 事情に関する / 類: tình hình,vocab
649,事態,じたい,jitai,Sự Thái,tình thế -  tình trạng -  sự tình,Tính từ -i,この問題は非常に事態。,Vấn đề này rất tình thế.,事 (Sự: sự việc/công việc) + 態 (Thái: thái độ/trạng thái),[0],連: 事態に関する / 類: tình thế,vocab
650,障害,しょうがい,shougai,Chướng Hại,khuyết tật -  tàn tật,Danh từ,障害について詳しく調査する。,Nghiên cứu kỹ lưỡng về khuyết tật.,障 (Chướng: chướng ngại/cản trở) + 害 (Hại: tác hại/thiệt hại),[1],連: 障害に関する / 類: khuyết tật,vocab
651,福祉,ふくし,fukushi,Phúc Chỉ,phúc lợi,Danh từ,福祉について詳しく調査する。,Nghiên cứu kỹ lưỡng về phúc lợi.,福 (Phúc: hạnh phúc/phúc lành) + 祉 (Chỉ: phúc lợi/hạnh phúc),[0],連: 福祉に関する / 類: phúc lợi,vocab
652,社会,しゃかい,shakai,Xã Hội,xã hội,Danh từ,社会について詳しく調査する。,Nghiên cứu kỹ lưỡng về xã hội.,社 (Xã: xã hội/công ty) + 会 (Hội: gặp gỡ/hội họp),[1],連: 社会に関する / 類: xã hội,vocab
653,都会,とかい,tokai,Đô Hội,thành phố -  thành thị,Danh từ,都会について詳しく調査する。,Nghiên cứu kỹ lưỡng về thành phố.,都 (Đô: thủ đô/đô thị/tiện lợi) + 会 (Hội: gặp gỡ/hội họp),[0],連: 都会に関する / 類: thành phố,vocab
654,世論,よろん,yoron,Thế Luận,dư luận,Danh từ,世論について詳しく調査する。,Nghiên cứu kỹ lưỡng về dư luận.,世 (Thế: thế giới/đời) + 論 (Luận: bàn luận/lý luận),[0],連: 世論に関する / 類: dư luận,vocab
655,民族,みんぞく,minzoku,Dân Tộc,dân tộc,Danh từ,民族について詳しく調査する。,Nghiên cứu kỹ lưỡng về dân tộc.,民 (Dân: người dân/nhân dân) + 族 (Tộc: gia tộc/chủng tộc),[1],連: 民族に関する / 類: dân tộc,vocab
656,增大,ぞうだい,zoudai,Tăng Đại,sự mở rộng -  sự tăng thêm,Tính từ -i,この問題は非常に增大。,Vấn đề này rất sự mở rộng.,增 (Tăng: tăng thêm/gia tăng) + 大 (Đại: to lớn/vĩ đại),[1],連: 增大に関する / 類: sự mở rộng,vocab
657,增量,ぞうりょう,zouryou,Tăng Lượng,tăng thêm lượng,Động từ nhóm 1,状況に合わせて適切に增量。,Tăng thêm lượng một cách phù hợp theo tình huống.,增 (Tăng: tăng thêm/gia tăng) + 量 (Lượng: số lượng/đo lường),[1],連: 增量に関する / 類: tăng thêm lượng,vocab
658,增税,ぞうぜい,zouzei,Tăng Thuế,tăng thuế,Danh từ,增税について詳しく調査する。,Nghiên cứu kỹ lưỡng về tăng thuế.,增 (Tăng: tăng thêm/gia tăng) + 税 (Thuế: tiền thuế),[1],連: 增税に関する / 類: tăng thuế,vocab
659,増員,ぞういん,zouin,Tăng Viên,tăng số lượng nhân viên,Danh từ,増員について詳しく調査する。,Nghiên cứu kỹ lưỡng về tăng số lượng nhân viên.,増 (Tăng: tăng thêm/gia tăng) + 員 (Viên: thành viên/nhân viên),[1],連: 増員に関する / 類: tăng số lượng nhân viên,vocab
660,減点,げんてん,genten,Giảm Điểm,giảm trừ,Danh từ,減点について詳しく調査する。,Nghiên cứu kỹ lưỡng về giảm trừ.,減 (Giảm: giảm bớt/suy giảm) + 点 (Điểm: điểm số/chấm điểm/vết),[1],連: 減点に関する / 類: giảm trừ,vocab
661,減退,げんたい,gentai,Giảm Thoái,giảm sút -  suy thoái,Tính từ -i,この問題は非常に減退。,Vấn đề này rất giảm sút.,減 (Giảm: giảm bớt/suy giảm) + 退 (Thoái: rút lui/thoái lui),[1],連: 減退に関する / 類: giảm sút,vocab
662,減量,げんりょう,genryou,Giảm Lượng,giảm cân -  lượng hao hụt,Động từ nhóm 1,状況に合わせて適切に減量。,Giảm cân một cách phù hợp theo tình huống.,減 (Giảm: giảm bớt/suy giảm) + 量 (Lượng: số lượng/đo lường),[1],連: 減量に関する / 類: giảm cân,vocab
663,開発,かいはつ,kaihatsu,Khai Phát,phát triển -  khai thác,Danh từ,開発について詳しく調査する。,Nghiên cứu kỹ lưỡng về phát triển.,開 (Khai: mở ra/khai trương) + 発 (Phát: phát triển/xuất phát),[1],連: 開発に関する / 類: phát triển,vocab
664,開店,かいてん,kaiten,Khai Điếm,mở cửa hàng -  khai trương nhà hàng,Danh từ,開店について詳しく調査する。,Nghiên cứu kỹ lưỡng về mở cửa hàng.,開 (Khai: mở ra/khai trương) + 店 (Điếm: cửa hàng/tiệm),[1],連: 開店に関する / 類: mở cửa hàng,vocab
665,開業,かいぎょう,kaigyou,Khai Nghiệp,khởi nghiệp -  triển khai -  mở,Động từ nhóm 1,状況に合わせて適切に開業。,Khởi nghiệp một cách phù hợp theo tình huống.,開 (Khai: mở ra/khai trương) + 業 (Nghiệp: nghề nghiệp/kinh doanh),[1],連: 開業に関する / 類: khởi nghiệp,vocab
666,開催,かいさい,kaisai,Khai Thôi,tổ chức -  đăng cai,Danh từ,開催について詳しく調査する。,Nghiên cứu kỹ lưỡng về tổ chức.,開 (Khai: mở ra/khai trương) + 催 (Thôi: tổ chức/thôi thúc),[1],連: 開催に関する / 類: tổ chức,vocab
667,開放,かいほう,kaihou,Khai Phóng,sự mở cửa; sự tự do hoá,Động từ nhóm 1,状況に合わせて適切に開放。,Sự mở cửa một cách phù hợp theo tình huống.,開 (Khai: mở ra/khai trương) + 放 (Phóng: thả ra/phát sóng),[1],連: 開放に関する / 類: sự mở cửa; sự tự do hoá,vocab
668,閉鎖,へいさ,heisa,Bế Tỏa,phong tỏa -  đóng lối ra vào -  tạm dừng công việc,Danh từ,閉鎖について詳しく調査する。,Nghiên cứu kỹ lưỡng về phong tỏa.,閉 (Bế: đóng lại/bế mạc) + 鎖 (Tỏa: dây xích/khóa lại),[0],連: 閉鎖に関する / 類: phong tỏa,vocab
669,密閉,みっぺい,mippei,Mật Bế,kín hơi -  niêm phong,Danh từ,密閉について詳しく調査する。,Nghiên cứu kỹ lưỡng về kín hơi.,密 (Mật: bí mật/chặt chẽ) + 閉 (Bế: đóng lại/bế mạc),[1],連: 密閉に関する / 類: kín hơi,vocab
670,改善,かいぜん,kaizen,Cải Thiện,cải thiện,Danh từ,改善について詳しく調査する。,Nghiên cứu kỹ lưỡng về cải thiện.,改 (Cải: cải thiện/sửa đổi) + 善 (Thiện: thiện ý/tốt lành),[1],連: 改善に関する / 類: cải thiện,vocab
671,改良,かいりょう,kairyou,Cải Lương,cải tiến ( vật chất ),Danh từ,改良について詳しく調査する。,Nghiên cứu kỹ lưỡng về cải tiến ( vật chất ).,改 (Cải: cải thiện/sửa đổi) + 良 (Lương: tốt lành/lương thiện),[1],連: 改良に関する / 類: cải tiến ( vật chất ),vocab
672,改革,かいかく,kaikaku,Cải Cách,Cải cách,Danh từ,改革について詳しく調査する。,Nghiên cứu kỹ lưỡng về Cải cách.,改 (Cải: cải thiện/sửa đổi) + 革 (Cách: da thuộc/cải cách),[1],連: 改革に関する / 類: Cải cách,vocab
673,改正,かいせい,kaisei,Cải Chính,cải chính -  sửa đổi,Danh từ,改正について詳しく調査する。,Nghiên cứu kỹ lưỡng về cải chính.,改 (Cải: cải thiện/sửa đổi) + 正 (Chính: đúng đắn/chính xác),[1],連: 改正に関する / 類: cải chính,vocab
674,改定,かいてい,kaitei,Cải Định,Sửa đổi -  thay đổi,Danh từ,改定について詳しく調査する。,Nghiên cứu kỹ lưỡng về Sửa đổi.,改 (Cải: cải thiện/sửa đổi) + 定 (Định: cố định/quy định),[1],連: 改定に関する / 類: Sửa đổi,vocab
675,改修,かいしゅう,kaishuu,Cải Tu,Cảu tạo -  tu bổ -  nâng cấp,Danh từ,改修について詳しく調査する。,Nghiên cứu kỹ lưỡng về Cảu tạo.,改 (Cải: cải thiện/sửa đổi) + 修 (Tu: tu sửa/tu học),[1],連: 改修に関する / 類: Cảu tạo,vocab
676,一致,いっち,itchi,Nhất Trí,nhất trí -  thống nhất -  trùng hợp,Danh từ,一致について詳しく調査する。,Nghiên cứu kỹ lưỡng về nhất trí.,一 (Nhất: một/nhất thể) + 致 (Trí: dẫn đến/làm cho),[0],連: 一致に関する / 類: nhất trí,vocab
677,一方,いっぽう,ippou,Nhất Phương,mặt khác -  ngày càng,Liên từ,努力を重ねた、一方成功を収めた。,"Đã nỗ lực không ngừng, mặt khác đã gặt hái thành công.",一 (Nhất: một/nhất thể) + 方 (Phương: hướng/cách thức/vị),[1],連: 一方に関する / 類: mặt khác,vocab
678,一定,いってい,ittei,Nhất Định,nhất định -  không thay đổi,Danh từ,一定について詳しく調査する。,Nghiên cứu kỹ lưỡng về nhất định.,一 (Nhất: một/nhất thể) + 定 (Định: cố định/quy định),[1],連: 一定に関する / 類: nhất định,vocab
679,一人前,いちにんまえ,ichininmae,Nhất Nhân Tiền,Suất ăn -  trưởng thành,Danh từ,一人前について詳しく調査する。,Nghiên cứu kỹ lưỡng về Suất ăn.,一 (Nhất: một/nhất thể) + 人 (Nhân: người/nhân loại) + 前 (Tiền: phía trước/trước đây),[1],連: 一人前に関する / 類: Suất ăn,vocab
680,一流,いちりゅう,ichiryuu,Nhất Lưu,bậc nhất -  hàng đầu,Danh từ,一流について詳しく調査する。,Nghiên cứu kỹ lưỡng về bậc nhất.,一 (Nhất: một/nhất thể) + 流 (Lưu: chảy/dòng chảy/lan truyền),[1],連: 一流に関する / 類: bậc nhất,vocab
681,映る,うつる,utsuru,Ánh,phản chiếu -  được chiếu,Động từ nhóm 1,状況に合わせて適切に映る。,Phản chiếu một cách phù hợp theo tình huống.,映 (Ánh: phản chiếu/chiếu phim),[0],連: 映るに関する / 類: phản chiếu,vocab
682,映す,うつす,utsusu,Ánh,chiếu -  phản chiếu -  soi,Động từ nhóm 1,状況に合わせて適切に映す。,Chiếu một cách phù hợp theo tình huống.,映 (Ánh: phản chiếu/chiếu phim),[0],連: 映すに関する / 類: chiếu,vocab
683,つかる,つかる,tsukaru,-,Ngâm nước nóng( chân,Danh từ,つかるについて詳しく調査する。,Nghiên cứu kỹ lưỡng về Ngâm nước nóng( chân.,-,[0],連: つかるに関する / 類: Ngâm nước nóng( chân,vocab
684,つける,つける,tsukeru,-,ngâm -  chấm,Danh từ,つけるについて詳しく調査する。,Nghiên cứu kỹ lưỡng về ngâm.,-,[0],連: つけるに関する / 類: ngâm,vocab
685,浮かぶ,うかぶ,ukabu,Phù,nổi -  nghĩ ra -  lơ lửng,Động từ nhóm 1,状況に合わせて適切に浮かぶ。,Nổi một cách phù hợp theo tình huống.,浮 (Phù: nổi lên/lơ lửng),[0],連: 浮かぶに関する / 類: nổi,vocab
686,浮かべる,うかべる,ukaberu,Phù,Làm trôi nổi,Động từ nhóm 1,状況に合わせて適切に浮かべる。,Làm trôi nổi một cách phù hợp theo tình huống.,浮 (Phù: nổi lên/lơ lửng),[1],連: 浮かべるに関する / 類: Làm trôi nổi,vocab
687,浮く,うく,uku,Phù,Nối; lung lay -  dư ra -  tách biệt -  lấp lửng,Động từ nhóm 1,状況に合わせて適切に浮く。,Nối một cách phù hợp theo tình huống.,浮 (Phù: nổi lên/lơ lửng),[0],連: 浮くに関する / 類: Nối; lung lay,vocab
688,潜る,もぐる,moguru,Tiềm,Lặn -  chui,Động từ nhóm 1,状況に合わせて適切に潜る。,Lặn một cách phù hợp theo tình huống.,潜 (Tiềm: lặn xuống/tiềm ẩn),[0],連: 潜るに関する / 類: Lặn,vocab
689,跳ねる,はねる,haneru,Khiêu,bắn ra ( dầu -  mỡ -  bùn - ...) -  nhảy,Động từ nhóm 2,状況に合わせて適切に跳ねる。,Bắn ra ( dầu một cách phù hợp theo tình huống.,跳 (Khiêu: nhảy lên/bật nhảy),[0],連: 跳ねるに関する / 類: bắn ra ( dầu,vocab
690,背負う,せおう,seou,Bối Phụ,Gánh vác -  cõng -  đảm đương,Động từ nhóm 1,状況に合わせて適切に背負う。,Gánh vác một cách phù hợp theo tình huống.,背 (Bối: lưng/phía sau/quay lưng) + 負 (Phụ: thua cuộc/gánh chịu),[0],連: 背負うに関する / 類: Gánh vác,vocab
691,追う,おう,ou,Truy,đuổi -  theo đuổi,Động từ nhóm 1,状況に合わせて適切に追う。,Đuổi một cách phù hợp theo tình huống.,追 (Truy: đuổi theo/truy lùng),[0],連: 追うに関する / 類: đuổi,vocab
692,追いかける,おいかける,oikakeru,Truy,chạy theo -  đuổi theo,Động từ nhóm 2,状況に合わせて適切に追いかける。,Chạy theo một cách phù hợp theo tình huống.,追 (Truy: đuổi theo/truy lùng),[1],連: 追いかけるに関する / 類: chạy theo,vocab
693,追いつく,おいつく,oitsuku,Truy,đuổi kịp,Động từ nhóm 1,状況に合わせて適切に追いつく。,Đuổi kịp một cách phù hợp theo tình huống.,追 (Truy: đuổi theo/truy lùng),[1],連: 追いつくに関する / 類: đuổi kịp,vocab
694,追い越す,おいこす,oikosu,Truy Việt,vượt lên,Động từ nhóm 1,状況に合わせて適切に追い越す。,Vượt lên một cách phù hợp theo tình huống.,追 (Truy: đuổi theo/truy lùng) + 越 (Việt: vượt qua/chuyển dời),[1],連: 追い越すに関する / 類: vượt lên,vocab
695,振り向く,ふりむく,furimuku,Chấn Hướng,ngoảnh lại -  quay lại,Động từ nhóm 1,状況に合わせて適切に振り向く。,Ngoảnh lại một cách phù hợp theo tình huống.,振 (Chấn: vẫy/lắc/chấn hưng) + 向 (Hướng: hướng về/phía),[1],連: 振り向くに関する / 類: ngoảnh lại,vocab
696,捕る/採る/執る,とる,toru,Bộ Thải Chấp,Bắt -  tuyển dụng -  đảm nhiệm,Động từ nhóm 1,状況に合わせて適切に捕る/採る/執る。,Bắt một cách phù hợp theo tình huống.,捕 (Bộ: bắt giữ/tóm lấy) + 採 (Thải: hái/thu thập/tuyển dụng) + 執 (Chấp: cầm/chấp hành/viết),[0],連: 捕る/採る/執るに関する / 類: Bắt,vocab
697,取り上げる,とりあげる,toriageru,Thủ Thượng,Bình luận -  cầm lấy -  tịch thu -  giơ lên...,Động từ nhóm 1,状況に合わせて適切に取り上げる。,Bình luận một cách phù hợp theo tình huống.,取 (Thủ: lấy/cầm lấy) + 上 (Thượng: trên/lên),[1],連: 取り上げるに関する / 類: Bình luận,vocab
698,取り入れる,とりいれる,toriireru,Thủ Nhập,thu hoạch -  áp dụng -  đưa vào,Động từ nhóm 2,状況に合わせて適切に取り入れる。,Thu hoạch một cách phù hợp theo tình huống.,取 (Thủ: lấy/cầm lấy) + 入 (Nhập: vào/nhập vào),[1],連: 取り入れるに関する / 類: thu hoạch,vocab
699,削る,けずる,kezuru,Tước,cắt giảm -  gọt giũa,Động từ nhóm 1,状況に合わせて適切に削る。,Cắt giảm một cách phù hợp theo tình huống.,削 (Tước: gọt/cắt giảm),[0],連: 削るに関する / 類: cắt giảm,vocab
700,縛る,しばる,shibaru,Phược,buộc -  thắt,Động từ nhóm 1,状況に合わせて適切に縛る。,Buộc một cách phù hợp theo tình huống.,縛 (Phược: trói buộc/buộc lại),[0],連: 縛るに関する / 類: buộc,vocab
701,絞る・搾る,しぼる,shiboru,Giảo Tráp,vắt -  bóp,Động từ nhóm 1,状況に合わせて適切に絞る・搾る。,Vắt một cách phù hợp theo tình huống.,絞 (Giảo: vắt kiệt/thắt lại) + 搾 (Tráp: ép/vắt lấy),[0],連: 絞る・搾るに関する / 類: vắt,vocab
702,回る,まわる,mawaru,Hồi,xoay quanh -  dạo quanh -  chuyển (bóng),Động từ nhóm 1,状況に合わせて適切に回る。,Xoay quanh một cách phù hợp theo tình huống.,回 (Hồi: quay lại/vòng quanh),[0],連: 回るに関する / 類: xoay quanh,vocab
703,回す,まわす,mawasu,Hồi,xoay -  chuyển -  vặn núm -  truyền tay,Động từ nhóm 1,状況に合わせて適切に回す。,Xoay một cách phù hợp theo tình huống.,回 (Hồi: quay lại/vòng quanh),[0],連: 回すに関する / 類: xoay,vocab
704,区切る,くぎる,kugiru,Khu Thiết,Phân chia -  chia,Động từ nhóm 1,状況に合わせて適切に区切る。,Phân chia một cách phù hợp theo tình huống.,区 (Khu: khu vực/phân khu) + 切 (Thiết: cắt/sát sườn),[0],連: 区切るに関する / 類: Phân chia,vocab
705,組む,くむ,kumu,Tổ,Lên lịch -  hợp tác -  lắp ghép,Động từ nhóm 1,状況に合わせて適切に組む。,Lên lịch một cách phù hợp theo tình huống.,組 (Tổ: tổ chức/kết hợp/nhóm),[0],連: 組むに関する / 類: Lên lịch,vocab
706,組み立てる,くみたてる,kumitateru,Tổ Lập,lắp ráp -  tổ chức,Động từ nhóm 2,状況に合わせて適切に組み立てる。,Lắp ráp một cách phù hợp theo tình huống.,組 (Tổ: tổ chức/kết hợp/nhóm) + 立 (Lập: đứng/thành lập),[1],連: 組み立てるに関する / 類: lắp ráp,vocab
707,加わる,くわわる,kuwawaru,Gia,Gia nhập -  tăng cường,Động từ nhóm 1,状況に合わせて適切に加わる。,Gia nhập một cách phù hợp theo tình huống.,加 (Gia: thêm vào/tham gia),[1],連: 加わるに関する / 類: Gia nhập,vocab
708,加える,くわえる,kuwaeru,Gia,thêm vào -  làm tăng lên,Động từ nhóm 2,状況に合わせて適切に加える。,Thêm vào một cách phù hợp theo tình huống.,加 (Gia: thêm vào/tham gia),[1],連: 加えるに関する / 類: thêm vào,vocab
709,仕上がる,しあがる,shiagaru,Sĩ Thượng,hoàn thiện -  hoàn thành,Động từ nhóm 1,状況に合わせて適切に仕上がる。,Hoàn thiện một cách phù hợp theo tình huống.,仕 (Sĩ: phục vụ/công việc) + 上 (Thượng: trên/lên),[1],連: 仕上がるに関する / 類: hoàn thiện,vocab
710,仕上げる,しあげる,shiageru,Sĩ Thượng,hoàn thành -  giai đoạn hoàn thiện -  giai đoạn cuối,Động từ nhóm 1,状況に合わせて適切に仕上げる。,Hoàn thành một cách phù hợp theo tình huống.,仕 (Sĩ: phục vụ/công việc) + 上 (Thượng: trên/lên),[1],連: 仕上げるに関する / 類: hoàn thành,vocab
711,通り掛かる,とおりかかる,toorikakaru,Thông Quải,đi ngang qua,Động từ nhóm 1,状況に合わせて適切に通り掛かる。,Đi ngang qua một cách phù hợp theo tình huống.,通 (Thông: thông suốt/đi lại/hiểu biết) + 掛 (Quải: treo lên/bắt đầu),[1],連: 通り掛かるに関する / 類: đi ngang qua,vocab
712,飛び回る,とびまわる,tobimawaru,Phi Hồi,chạy tới chạy lui -  bay loanh quanh,Động từ nhóm 1,状況に合わせて適切に飛び回る。,Chạy tới chạy lui một cách phù hợp theo tình huống.,飛 (Phi: bay lượn/phi hành) + 回 (Hồi: quay lại/vòng quanh),[1],連: 飛び回るに関する / 類: chạy tới chạy lui,vocab
713,巡る,めぐる,meguru,Tuần,lặp lại -  xung quanh ( vấn đề gì đó ) -  vòng quanh,Động từ nhóm 1,状況に合わせて適切に巡る。,Lặp lại một cách phù hợp theo tình huống.,巡 (Tuần: tuần tra/dạo quanh),[0],連: 巡るに関する / 類: lặp lại,vocab
714,補う,おぎなう,oginau,Bổ,thêm -  bổ sung -  đền bù,Động từ nhóm 1,状況に合わせて適切に補う。,Thêm một cách phù hợp theo tình huống.,補 (Bổ: bổ sung/bù đắp),[1],連: 補うに関する / 類: thêm,vocab
715,防ぐ,ふせぐ,fusegu,Phòng,phòng -  chống,Động từ nhóm 1,状況に合わせて適切に防ぐ。,Phòng một cách phù hợp theo tình huống.,防 (Phòng: phòng chống/đề phòng),[0],連: 防ぐに関する / 類: phòng,vocab
716,救う,すくう,sukuu,Cứu,cứu -  giúp,Động từ nhóm 1,状況に合わせて適切に救う。,Cứu một cách phù hợp theo tình huống.,救 (Cứu: cứu giúp/cứu trợ),[0],連: 救うに関する / 類: cứu,vocab
717,除く,のぞく,nozoku,Trừ,loại trừ -  bỏ qua -  lấy đi,Động từ nhóm 1,状況に合わせて適切に除く。,Loại trừ một cách phù hợp theo tình huống.,除 (Trừ: loại trừ/ngoại trừ),[0],連: 除くに関する / 類: loại trừ,vocab
718,省く,はぶく,habuku,Tỉnh,loại bỏ -  tiết kiệm,Động từ nhóm 1,状況に合わせて適切に省く。,Loại bỏ một cách phù hợp theo tình huống.,省 (Tỉnh: xem xét lại/tỉnh thành/tiết kiệm),[0],連: 省くに関する / 類: loại bỏ,vocab
719,誤る,あやまる,ayamaru,Ngộ,mắc lỗi -  lầm lỡ,Động từ nhóm 1,状況に合わせて適切に誤る。,Mắc lỗi một cách phù hợp theo tình huống.,誤 (Ngộ: sai lầm/ngộ nhận),[1],連: 誤るに関する / 類: mắc lỗi,vocab
720,奪う,うばう,ubau,Đoạt,cướp đoạt -  làm say đắm,Động từ nhóm 1,状況に合わせて適切に奪う。,Cướp đoạt một cách phù hợp theo tình huống.,奪 (Đoạt: cướp đoạt/đoạt lấy),[0],連: 奪うに関する / 類: cướp đoạt,vocab
721,しまう,しまう,shimau,-,cất đi,Động từ nhóm 1,状況に合わせて適切にしまう。,Cất đi một cách phù hợp theo tình huống.,-,[0],連: しまうに関する / 類: cất đi,vocab
722,怠ける,なまける,namakeru,Đãi,lười biếng,Động từ nhóm 2,状況に合わせて適切に怠ける。,Lười biếng một cách phù hợp theo tình huống.,怠 (Đãi: lười biếng/chểnh mảng),[1],連: 怠けるに関する / 類: lười biếng,vocab
723,失う,うしなう,ushinau,Thất,mất,Động từ nhóm 1,状況に合わせて適切に失う。,Mất một cách phù hợp theo tình huống.,失 (Thất: mất/thất bại),[1],連: 失うに関する / 類: mất,vocab
724,攻める,せめる,semeru,Công,tấn công -  táo bạo,Động từ nhóm 2,状況に合わせて適切に攻める。,Tấn công một cách phù hợp theo tình huống.,攻 (Công: tấn công/công kích),[0],連: 攻めるに関する / 類: tấn công,vocab
725,にらむ,にらむ,niramu,-,lườm -  liếc -  nhìn chằm chằm,Động từ nhóm 1,状況に合わせて適切ににらむ。,Lườm một cách phù hợp theo tình huống.,-,[0],連: にらむに関する / 類: lườm,vocab
726,責める,せめる,semeru,Trách,đổ lỗi -  trách móc,Động từ nhóm 2,状況に合わせて適切に責める。,Đổ lỗi một cách phù hợp theo tình huống.,責 (Trách: trách nhiệm/trách móc),[0],連: 責めるに関する / 類: đổ lỗi,vocab
727,裏切る,うらぎる,uragiru,Lý Thiết,phản bội -  bán đứng,Động từ nhóm 1,状況に合わせて適切に裏切る。,Phản bội một cách phù hợp theo tình huống.,裏 (Lý: mặt trái/phía sau) + 切 (Thiết: cắt/sát sườn),[1],連: 裏切るに関する / 類: phản bội,vocab
728,頼る,たよる,tayoru,Lại,dựa dẫm -  dựa vào -  nhờ cậy,Động từ nhóm 1,状況に合わせて適切に頼る。,Dựa dẫm một cách phù hợp theo tình huống.,頼 (Lại: nhờ cậy/tin cậy),[0],連: 頼るに関する / 類: dựa dẫm,vocab
729,遭う,あう,au,Tao,gặp gỡ -  gặp phải,Động từ nhóm 1,状況に合わせて適切に遭う。,Gặp gỡ một cách phù hợp theo tình huống.,遭 (Tao: gặp phải/tao ngộ),[0],連: 遭うに関する / 類: gặp gỡ,vocab
730,招く,まねく,maneku,Chiêu,mời -  rủ,Động từ nhóm 1,状況に合わせて適切に招く。,Mời một cách phù hợp theo tình huống.,招 (Chiêu: mời gọi/chiêu đãi),[0],連: 招くに関する / 類: mời,vocab
731,引っ掛かる,ひっかかる,hikkakaru,Dẫn Quải,bị mắc vào -  bị vướng vào,Động từ nhóm 1,状況に合わせて適切に引っ掛かる。,Bị mắc vào một cách phù hợp theo tình huống.,引 (Dẫn: kéo/dẫn dắt) + 掛 (Quải: treo lên/bắt đầu),[1],連: 引っ掛かるに関する / 類: bị mắc vào,vocab
732,引っ掛ける,ひっかける,hikkakeru,Dẫn Quải,mắc -  vướng -  hất -  bắn...,Động từ nhóm 2,状況に合わせて適切に引っ掛ける。,Mắc một cách phù hợp theo tình huống.,引 (Dẫn: kéo/dẫn dắt) + 掛 (Quải: treo lên/bắt đầu),[1],連: 引っ掛けるに関する / 類: mắc,vocab
733,ひっくり返る,ひっくりかえる,hikkurikaeru,Phản,đảo lộn -  lật ngược,Động từ nhóm 2,状況に合わせて適切にひっくり返る。,Đảo lộn một cách phù hợp theo tình huống.,返 (Phản: trả lại/đáp lại),[1],連: ひっくり返るに関する / 類: đảo lộn,vocab
734,ひっくり返す,ひっくりかえす,hikkurikaesu,Phản,đảo ngược -  lật ngửa,Động từ nhóm 1,状況に合わせて適切にひっくり返す。,Đảo ngược một cách phù hợp theo tình huống.,返 (Phản: trả lại/đáp lại),[1],連: ひっくり返すに関する / 類: đảo ngược,vocab
735,ずれる,ずれる,zureru,-,trượt,Danh từ,ずれるについて詳しく調査する。,Nghiên cứu kỹ lưỡng về trượt.,-,[0],連: ずれるに関する / 類: trượt,vocab
736,ずらす,ずらす,zurasu,-,lùi lại (lịch trình -  kế hoạch),Danh từ,ずらすについて詳しく調査する。,Nghiên cứu kỹ lưỡng về lùi lại (lịch trình.,-,[0],連: ずらすに関する / 類: lùi lại (lịch trình,vocab
737,崩れる,くずれる,kuzureru,Băng,sạt lở -  sụp đổ -  lụi tàn,Động từ nhóm 2,状況に合わせて適切に崩れる。,Sạt lở một cách phù hợp theo tình huống.,崩 (Băng: sụp đổ/tan vỡ),[1],連: 崩れるに関する / 類: sạt lở,vocab
738,崩す,くずす,kuzusu,Băng,thay đổi -  đổi (tiền) -  sụp -  vỡ -  mất đi,Động từ nhóm 1,状況に合わせて適切に崩す。,Thay đổi một cách phù hợp theo tình huống.,崩 (Băng: sụp đổ/tan vỡ),[0],連: 崩すに関する / 類: thay đổi,vocab
739,荒れる,あれる,areru,Hoang,hỗn loạn -  động trời -  nứt nẻ -  tức giận,Động từ nhóm 2,状況に合わせて適切に荒れる。,Hỗn loạn một cách phù hợp theo tình huống.,荒 (Hoang: hoang vu/hung dữ/bão táp),[0],連: 荒れるに関する / 類: hỗn loạn,vocab
740,荒らす,あらす,arasu,Hoang,làm lộn xộn -  tung tóe -  phá hoại,Động từ nhóm 1,状況に合わせて適切に荒らす。,Làm lộn xộn một cách phù hợp theo tình huống.,荒 (Hoang: hoang vu/hung dữ/bão táp),[0],連: 荒らすに関する / 類: làm lộn xộn,vocab
741,認める,みとめる,mitomeru,Nhận,thừa nhận -  thú nhận -  khẳng định,Động từ nhóm 2,状況に合わせて適切に認める。,Thừa nhận một cách phù hợp theo tình huống.,認 (Nhận: thừa nhận/công nhận),[1],連: 認めるに関する / 類: thừa nhận,vocab
742,見直す,みなおす,minaosu,Kiến Trực,nhìn lại -  rà soát,Động từ nhóm 1,状況に合わせて適切に見直す。,Nhìn lại một cách phù hợp theo tình huống.,見 (Kiến: nhìn/quan sát/gặp) + 直 (Trực: thẳng thắn/trực tiếp/sửa),[1],連: 見直すに関する / 類: nhìn lại,vocab
743,見慣れる,みなれる,minareru,Kiến Quán,quen -  nhẵn mặt,Động từ nhóm 2,状況に合わせて適切に見慣れる。,Quen một cách phù hợp theo tình huống.,見 (Kiến: nhìn/quan sát/gặp) + 慣 (Quán: quen thuộc/thói quen),[1],連: 見慣れるに関する / 類: quen,vocab
744,求める,もとめる,motomeru,Cầu,cầu mong -  mong muốn -  hỏi,Động từ nhóm 2,状況に合わせて適切に求める。,Cầu mong một cách phù hợp theo tình huống.,求 (Cầu: yêu cầu/tìm kiếm),[1],連: 求めるに関する / 類: cầu mong,vocab
745,漏れる,もれる,moreru,Lậu,rò rỉ -  bỏ sót -  thiếu -  thốt ra...,Động từ nhóm 2,状況に合わせて適切に漏れる。,Rò rỉ một cách phù hợp theo tình huống.,漏 (Lậu: rò rỉ/lọt ra),[0],連: 漏れるに関する / 類: rò rỉ,vocab
746,漏らす,もらす,morasu,Lậu,biểu hiện -  lộ -  bỏ sót,Động từ nhóm 1,状況に合わせて適切に漏らす。,Biểu hiện một cách phù hợp theo tình huống.,漏 (Lậu: rò rỉ/lọt ra),[0],連: 漏らすに関する / 類: biểu hiện,vocab
747,なる,なる,naru,-,trở nên -  trở thành -  kêu -  gáy -  ra quả,Động từ nhóm 1,状況に合わせて適切になる。,Trở nên một cách phù hợp theo tình huống.,-,[0],連: なるに関する / 類: trở nên,vocab
748,焦げる,こげる,kogeru,Tiêu,bị cháy,Động từ nhóm 1,状況に合わせて適切に焦げる。,Bị cháy một cách phù hợp theo tình huống.,焦 (Tiêu: cháy sém/sốt ruột),[0],連: 焦げるに関する / 類: bị cháy,vocab
749,反する,はんする,hansuru,Phản,trái lại,Động từ する,計画を慎重に反する。,Thực hiện trái lại kế hoạch một cách thận trọng.,反 (Phản: phản đối/ngược lại),[1],連: 反するに関する / 類: trái lại,vocab
750,膨れる,ふくれる,fukureru,Bành,phồng -  sưng -  hơn dỗi,Động từ nhóm 2,状況に合わせて適切に膨れる。,Phồng một cách phù hợp theo tình huống.,膨 (Bành: phình to/phồng lên),[1],連: 膨れるに関する / 類: phồng,vocab
751,膨らむ,ふくらむ,fukuramu,Bành,phồng -  phình -  tăng lên...,Động từ nhóm 1,状況に合わせて適切に膨らむ。,Phồng một cách phù hợp theo tình huống.,膨 (Bành: phình to/phồng lên),[1],連: 膨らむに関する / 類: phồng,vocab
752,膨らます,ふくらます,fukuramasu,Bành,thổi phồng -  làm phong phú,Tính từ -na,膨らますな態度で対応する。,Ứng phó bằng một thái độ thổi phồng.,膨 (Bành: phình to/phồng lên),[1],連: 膨らますに関する / 類: thổi phồng,vocab
753,とがる,とがる,togaru,-,nhọn,Danh từ,とがるについて詳しく調査する。,Nghiên cứu kỹ lưỡng về nhọn.,-,[0],連: とがるに関する / 類: nhọn,vocab
754,当てはまる,あてはまる,atehamaru,Đương,áp dụng -  hợp với -  đúng,Động từ nhóm 1,状況に合わせて適切に当てはまる。,Áp dụng một cách phù hợp theo tình huống.,当 (Đương: chính xác/đảm đương),[1],連: 当てはまるに関する / 類: áp dụng,vocab
755,就く,つく,tsuku,Tựu,đi theo -  đi cùng -  đảm nhiệm -  nắm giữ -  tiếp nhận,Động từ nhóm 1,状況に合わせて適切に就く。,Đi theo một cách phù hợp theo tình huống.,就 (Tựu: bắt đầu/đạt được/đi làm),[0],連: 就くに関する / 類: đi theo,vocab
756,受け持つ,うけもつ,ukemotsu,Thụ Trì,đảm nhận,Động từ nhóm 1,状況に合わせて適切に受け持つ。,Đảm nhận một cách phù hợp theo tình huống.,受 (Thụ: nhận/tiếp nhận) + 持 (Trì: cầm/nắm giữ/duy trì),[1],連: 受け持つに関する / 類: đảm nhận,vocab
757,従う,したがう,shitagau,Tùng,theo -  tuân theo -  tuân thủ,Động từ nhóm 1,状況に合わせて適切に従う。,Theo một cách phù hợp theo tình huống.,従 (Tùng: tuân theo/tùy tùng),[1],連: 従うに関する / 類: theo,vocab
758,つぶやく,つぶやく,tsubuyaku,-,thì thầm,Danh từ,つぶやくについて詳しく調査する。,Nghiên cứu kỹ lưỡng về thì thầm.,-,[1],連: つぶやくに関する / 類: thì thầm,vocab
759,述べる,のべる,noberu,Thuật,phát biểu -  bày tỏ -  trình bày,Động từ nhóm 1,状況に合わせて適切に述べる。,Phát biểu một cách phù hợp theo tình huống.,述 (Thuật: trình bày/miêu tả),[0],連: 述べるに関する / 類: phát biểu,vocab
760,目覚める,めざめる,mezameru,Mục Giác,thức giấc -  quan tâm -  tự nhận thức,Động từ nhóm 2,状況に合わせて適切に目覚める。,Thức giấc một cách phù hợp theo tình huống.,目 (Mục: mắt/mục tiêu) + 覚 (Giác: ghi nhớ/tỉnh giấc/cảm giác),[1],連: 目覚めるに関する / 類: thức giấc,vocab
761,限る,かぎる,kagiru,Hạn,giới hạn -  hạn chế -  không bắt buộc,Động từ nhóm 1,状況に合わせて適切に限る。,Giới hạn một cách phù hợp theo tình huống.,限 (Hạn: giới hạn/hạn độ),[0],連: 限るに関する / 類: giới hạn,vocab
762,片寄る,かたよる,katayoru,Phiến Ký,nghiêng -  lệch -  thiếu...,Động từ nhóm 1,状況に合わせて適切に片寄る。,Nghiêng một cách phù hợp theo tình huống.,片 (Phiến: một bên/mảnh vụn) + 寄 (Ký: gửi/ghé qua),[1],連: 片寄るに関する / 類: nghiêng,vocab
763,薄まる,うすまる,usumaru,Bạc,suy nhược -  nhạt đi -  phai nhòa,Động từ nhóm 1,状況に合わせて適切に薄まる。,Suy nhược một cách phù hợp theo tình huống.,薄 (Bạc: mỏng manh/nhạt nhòa),[1],連: 薄まるに関する / 類: suy nhược,vocab
764,薄める,うすめる,usumeru,Bạc,làm nhạt đi; làm thưa bớt -  làm loãng,Động từ nhóm 2,状況に合わせて適切に薄める。,Làm nhạt đi một cách phù hợp theo tình huống.,薄 (Bạc: mỏng manh/nhạt nhòa),[1],連: 薄めるに関する / 類: làm nhạt đi; làm thưa bớt,vocab
765,薄れる,うすれる,usureru,Bạc,nhạt dần -  phai dần,Động từ nhóm 2,状況に合わせて適切に薄れる。,Nhạt dần một cách phù hợp theo tình huống.,薄 (Bạc: mỏng manh/nhạt nhòa),[1],連: 薄れるに関する / 類: nhạt dần,vocab
766,透き通る,すきとおる,sukitooru,Thấu Thông,trong suốt -  trong vắt,Động từ nhóm 1,状況に合わせて適切に透き通る。,Trong suốt một cách phù hợp theo tình huống.,透 (Thấu: trong suốt/xuyên thấu) + 通 (Thông: thông suốt/đi lại/hiểu biết),[1],連: 透き通るに関する / 類: trong suốt,vocab
767,静まる・鎮まる,しずまる,shizumaru,Tĩnh Trấn,yên tĩnh -  dịu đi -  im lặng,Động từ nhóm 1,状況に合わせて適切に静まる・鎮まる。,Yên tĩnh một cách phù hợp theo tình huống.,静 (Tĩnh: yên tĩnh/thanh tĩnh) + 鎮 (Trấn: trấn tĩnh/dẹp yên),[1],連: 静まる・鎮まるに関する / 類: yên tĩnh,vocab
768,静める・鎮める,しずめる,shizumeru,Tĩnh Trấn,trấn tĩnh -  làm bớt đi,Động từ nhóm 2,状況に合わせて適切に静める・鎮める。,Trấn tĩnh một cách phù hợp theo tình huống.,静 (Tĩnh: yên tĩnh/thanh tĩnh) + 鎮 (Trấn: trấn tĩnh/dẹp yên),[1],連: 静める・鎮めるに関する / 類: trấn tĩnh,vocab
769,優れる,すぐれる,sugureru,Ưu,giỏi -  ưu tú -  hoàn hảo,Động từ nhóm 2,状況に合わせて適切に優れる。,Giỏi một cách phù hợp theo tình huống.,優 (Ưu: ưu tú/dịu dàng),[1],連: 優れるに関する / 類: giỏi,vocab
770,落ち着く,おちつく,ochitsuku,Lạc Trước,bình tĩnh -  lắng xuống -  quyết định -  đơn giản,Tính từ -na,落ち着くな態度で対応する。,Ứng phó bằng một thái độ bình tĩnh.,落 (Lạc: rơi xuống/rụng) + 着 (Trước: mặc quần áo/đến nơi),[1],連: 落ち着くに関する / 類: bình tĩnh,vocab
771,長引く,ながびく,nagabiku,Trường Dẫn,kéo dài,Động từ nhóm 1,状況に合わせて適切に長引く。,Kéo dài một cách phù hợp theo tình huống.,長 (Trường: dài/lớn nhất/thủ trưởng) + 引 (Dẫn: kéo/dẫn dắt),[1],連: 長引くに関する / 類: kéo dài,vocab
772,衰える,おとろえる,otoroeru,Suy,yếu dần đi -  sa sút,Động từ nhóm 2,状況に合わせて適切に衰える。,Yếu dần đi một cách phù hợp theo tình huống.,衰 (Suy: suy yếu/suy thoái),[1],連: 衰えるに関する / 類: yếu dần đi,vocab
773,備わる,そなわる,sonawaru,Bị,lắp đặt -  sẵn có -  sở hữu..,Động từ nhóm 1,状況に合わせて適切に備わる。,Lắp đặt một cách phù hợp theo tình huống.,備 (Bị: chuẩn bị/trang bị),[1],連: 備わるに関する / 類: lắp đặt,vocab
774,備える,そなえる,sonaeru,Bị,chuẩn bị -  trang bị -  cung cấp,Động từ nhóm 2,状況に合わせて適切に備える。,Chuẩn bị một cách phù hợp theo tình huống.,備 (Bị: chuẩn bị/trang bị),[1],連: 備えるに関する / 類: chuẩn bị,vocab
775,蓄える,たくわえる,takuwaeru,Súc,tích lũy -  dự trữ,Động từ nhóm 2,状況に合わせて適切に蓄える。,Tích lũy một cách phù hợp theo tình huống.,蓄 (Súc: tích lũy/chứa chấp),[1],連: 蓄えるに関する / 類: tích lũy,vocab
776,整う,ととのう,totonou,Chỉnh,Đã sẵn sàng -  chuẩn bị -  sắp đặt,Động từ nhóm 1,状況に合わせて適切に整う。,Đã sẵn sàng một cách phù hợp theo tình huống.,整 (Chỉnh: chỉnh đốn/sắp xếp),[1],連: 整うに関する / 類: Đã sẵn sàng,vocab
777,整える・調える,ととのえる,totonoeru,Chỉnh Điệu,hoàn thiện -  chỉnh chu -  điều chinh,Động từ nhóm 2,状況に合わせて適切に整える・調える。,Hoàn thiện một cách phù hợp theo tình huống.,整 (Chỉnh: chỉnh đốn/sắp xếp) + 調 (Điệu: điều tra/giai điệu/điều chỉnh),[1],連: 整える・調えるに関する / 類: hoàn thiện,vocab
778,覆う,おおう,oou,Phúc,phủ -  bao bọc -  bịt,Động từ nhóm 1,状況に合わせて適切に覆う。,Phủ một cách phù hợp theo tình huống.,覆 (Phúc: phủ lên/lật ngược),[0],連: 覆うに関する / 類: phủ,vocab
779,照る,てる,teru,Chiếu,chiếu sáng,Động từ nhóm 2,状況に合わせて適切に照る。,Chiếu sáng một cách phù hợp theo tình huống.,照 (Chiếu: chiếu sáng/đối chiếu),[0],連: 照るに関する / 類: chiếu sáng,vocab
780,照らす,てらす,terasu,Chiếu,chiếu theo -  căn cứ vào,Động từ nhóm 1,状況に合わせて適切に照らす。,Chiếu theo một cách phù hợp theo tình huống.,照 (Chiếu: chiếu sáng/đối chiếu),[0],連: 照らすに関する / 類: chiếu theo,vocab
781,染まる,そまる,somaru,Nhiễm,nhuộm -  nhiễm,Động từ nhóm 1,状況に合わせて適切に染まる。,Nhuộm một cách phù hợp theo tình huống.,染 (Nhiễm: nhiễm/nhuộm màu),[0],連: 染まるに関する / 類: nhuộm,vocab
782,染める,そめる,someru,Nhiễm,nhuộm -  nhúng tay,Động từ nhóm 2,状況に合わせて適切に染める。,Nhuộm một cách phù hợp theo tình huống.,染 (Nhiễm: nhiễm/nhuộm màu),[0],連: 染めるに関する / 類: nhuộm,vocab
783,ダブル,だぶる,daburu,-,gấp đôi -  trùng nhau -  nhắc lai,Danh từ,ダブルについて詳しく調査する。,Nghiên cứu kỹ lưỡng về gấp đôi.,-,[0],連: ダブルに関する / 類: gấp đôi,vocab
784,あこがれる,あこがれる,akogareru,-,mong ước -  mơ ước -  ngưỡng mộ -  khao khát,Danh từ,あこがれるについて詳しく調査する。,Nghiên cứu kỹ lưỡng về mong ước.,-,[1],連: あこがれるに関する / 類: mong ước,vocab
785,うらやむ,うらやむ,urayamu,-,đố kỵ,Danh từ,うらやむについて詳しく調査する。,Nghiên cứu kỹ lưỡng về đố kỵ.,-,[1],連: うらやむに関する / 類: đố kỵ,vocab
786,あきらめる,あきらめる,akirameru,-,từ bỏ,Động từ nhóm 2,状況に合わせて適切にあきらめる。,Từ bỏ một cách phù hợp theo tình huống.,-,[1],連: あきらめるに関する / 類: từ bỏ,vocab
787,あきれる,あきれる,akireru,-,ngạc nhiên -  cạn lời -  bó tay,Danh từ,あきれるについて詳しく調査する。,Nghiên cứu kỹ lưỡng về ngạc nhiên.,-,[1],連: あきれるに関する / 類: ngạc nhiên,vocab
788,恐れる,おそれる,osoreru,Khủng,sợ -  nguy cơ -  khủng khiếp,Động từ nhóm 2,状況に合わせて適切に恐れる。,Sợ một cách phù hợp theo tình huống.,恐 (Khủng: lo sợ/khủng khiếp),[1],連: 恐れるに関する / 類: sợ,vocab
789,恨む,うらむ,uramu,Hận,hận -  căm thù -  oán hận,Động từ nhóm 1,状況に合わせて適切に恨む。,Hận một cách phù hợp theo tình huống.,恨 (Hận: oán hận/hận thù),[0],連: 恨むに関する / 類: hận,vocab
790,慰める,なぐさめる,nagusameru,Úy,an ủi -  động viên,Động từ nhóm 2,状況に合わせて適切に慰める。,An ủi một cách phù hợp theo tình huống.,慰 (Úy: an ủi/động viên),[1],連: 慰めるに関する / 類: an ủi,vocab
791,インテリア,いんてりあ,interia,-,nội thất,Danh từ,インテリアについて詳しく調査する。,Nghiên cứu kỹ lưỡng về nội thất.,-,[1],連: インテリアに関する / 類: nội thất,vocab
792,コーナー,こーなー,koonaa,-,góc,Danh từ,コーナーについて詳しく調査する。,Nghiên cứu kỹ lưỡng về góc.,-,[1],連: コーナーに関する / 類: góc,vocab
793,カウンター,かうんたー,kauntaa,-,quầy tính tiền,Tính từ -na,カウンターな態度で対応する。,Ứng phó bằng một thái độ quầy tính tiền.,-,[1],連: カウンターに関する / 類: quầy tính tiền,vocab
794,スペース,すぺーす,supeesu,-,khoảng trống,Danh từ,スペースについて詳しく調査する。,Nghiên cứu kỹ lưỡng về khoảng trống.,-,[1],連: スペースに関する / 類: khoảng trống,vocab
795,オープン,おーぷん,oopun,-,cửa mở,Danh từ,オープンについて詳しく調査する。,Nghiên cứu kỹ lưỡng về cửa mở.,-,[1],連: オープンに関する / 類: cửa mở,vocab
796,センター,せんたー,sentaa,-,trung tâm,Danh từ,センターについて詳しく調査する。,Nghiên cứu kỹ lưỡng về trung tâm.,-,[1],連: センターに関する / 類: trung tâm,vocab
797,カルチャー,かるちゃー,karuchaa,-,văn hóa,Danh từ,カルチャーについて詳しく調査する。,Nghiên cứu kỹ lưỡng về văn hóa.,-,[1],連: カルチャーに関する / 類: văn hóa,vocab
798,ブーム,ぶーむ,buumu,-,bùng nổ,Danh từ,ブームについて詳しく調査する。,Nghiên cứu kỹ lưỡng về bùng nổ.,-,[0],連: ブームに関する / 類: bùng nổ,vocab
799,$1\times7*-x-$ ション,$1\times7*-x-$ しょん,$1\times7*-x-$shon,-,thông tin,Danh từ,$1\times7*-x-$ ションについて詳しく調査する。,Nghiên cứu kỹ lưỡng về thông tin.,-,[1],連: $1\times7*-x-$ ションに関する / 類: thông tin,vocab
800,キャッチ,きゃっち,kyatchi,-,bắt lấy,Danh từ,キャッチについて詳しく調査する。,Nghiên cứu kỹ lưỡng về bắt lấy.,-,[1],連: キャッチに関する / 類: bắt lấy,vocab
801,メディア,めでぃあ,media,-,truyền thông,Danh từ,メディアについて詳しく調査する。,Nghiên cứu kỹ lưỡng về truyền thông.,-,[1],連: メディアに関する / 類: truyền thông,vocab
802,コメント,こめんと,komento,-,bình luận,Danh từ,コメントについて詳しく調査する。,Nghiên cứu kỹ lưỡng về bình luận.,-,[1],連: コメントに関する / 類: bình luận,vocab
803,コラム,こらむ,koramu,-,cột,Danh từ,コラムについて詳しく調査する。,Nghiên cứu kỹ lưỡng về cột.,-,[0],連: コラムに関する / 類: cột,vocab
804,エピソード,えぴそーど,episoodo,-,chương; phần,Danh từ,エピソードについて詳しく調査する。,Nghiên cứu kỹ lưỡng về chương.,-,[1],連: エピソードに関する / 類: chương; phần,vocab
805,アリバイ,ありばい,aribai,-,chứng cứ ngoại phạm,Danh từ,アリバイについて詳しく調査する。,Nghiên cứu kỹ lưỡng về chứng cứ ngoại phạm.,-,[1],連: アリバイに関する / 類: chứng cứ ngoại phạm,vocab
806,シリーズ,しりーず,shiriizu,-,loạt,Danh từ,シリーズについて詳しく調査する。,Nghiên cứu kỹ lưỡng về loạt.,-,[1],連: シリーズに関する / 類: loạt,vocab
807,ポイント,ぽいんと,pointo,-,điểm mấu chốt,Danh từ,ポイントについて詳しく調査する。,Nghiên cứu kỹ lưỡng về điểm mấu chốt.,-,[1],連: ポイントに関する / 類: điểm mấu chốt,vocab
808,キー,きー,kii,-,chìa khóa,Danh từ,キーについて詳しく調査する。,Nghiên cứu kỹ lưỡng về chìa khóa.,-,[0],連: キーに関する / 類: chìa khóa,vocab
809,マスター,ますたー,masutaa,-,thuần thục,Danh từ,マスターについて詳しく調査する。,Nghiên cứu kỹ lưỡng về thuần thục.,-,[1],連: マスターに関する / 類: thuần thục,vocab
810,ビジネス,びじねす,bijinesu,-,business,Danh từ,ビジネスについて詳しく調査する。,Nghiên cứu kỹ lưỡng về business.,-,[1],連: ビジネスに関する / 類: business,vocab
811,キャリア,きゃりあ,kyaria,-,kinh nghiệm,Danh từ,キャリアについて詳しく調査する。,Nghiên cứu kỹ lưỡng về kinh nghiệm.,-,[1],連: キャリアに関する / 類: kinh nghiệm,vocab
812,ベテラン,べてらん,beteran,-,chuyên gia,Danh từ,ベテランについて詳しく調査する。,Nghiên cứu kỹ lưỡng về chuyên gia.,-,[1],連: ベテランに関する / 類: chuyên gia,vocab
813,フリー,ふりー,furii,-,tự do,Danh từ,フリーについて詳しく調査する。,Nghiên cứu kỹ lưỡng về tự do.,-,[0],連: フリーに関する / 類: tự do,vocab
814,エコノミー,えこのみー,ekonomii,-,kinh tế,Danh từ,エコノミーについて詳しく調査する。,Nghiên cứu kỹ lưỡng về kinh tế.,-,[1],連: エコノミーに関する / 類: kinh tế,vocab
815,キャッシュ,きゃっしゅ,kyasshu,-,tiền mặt,Danh từ,キャッシュについて詳しく調査する。,Nghiên cứu kỹ lưỡng về tiền mặt.,-,[1],連: キャッシュに関する / 類: tiền mặt,vocab
816,インフレ,いんふれ,infure,-,lạm phát,Danh từ,インフレについて詳しく調査する。,Nghiên cứu kỹ lưỡng về lạm phát.,-,[1],連: インフレに関する / 類: lạm phát,vocab
817,デモ,でも,demo,-,cuộc biểu tình,Danh từ,デモについて詳しく調査する。,Nghiên cứu kỹ lưỡng về cuộc biểu tình.,-,[0],連: デモに関する / 類: cuộc biểu tình,vocab
818,$x-7]-,$x-7]-,$x-7]-,-,nhà chế tạo,Danh từ,$x-7]-について詳しく調査する。,Nghiên cứu kỹ lưỡng về nhà chế tạo.,-,[1],連: $x-7]-に関する / 類: nhà chế tạo,vocab
819,システム,しすてむ,shisutemu,-,hệ thống,Danh từ,システムについて詳しく調査する。,Nghiên cứu kỹ lưỡng về hệ thống.,-,[1],連: システムに関する / 類: hệ thống,vocab
820,ケース,けーす,keesu,-,trường hợp,Danh từ,ケースについて詳しく調査する。,Nghiên cứu kỹ lưỡng về trường hợp.,-,[0],連: ケースに関する / 類: trường hợp,vocab
821,パターン,ぱたーん,pataan,-,mẫu,Danh từ,パターンについて詳しく調査する。,Nghiên cứu kỹ lưỡng về mẫu.,-,[1],連: パターンに関する / 類: mẫu,vocab
822,プラン,ぷらん,puran,-,kế hoạch,Danh từ,プランについて詳しく調査する。,Nghiên cứu kỹ lưỡng về kế hoạch.,-,[0],連: プランに関する / 類: kế hoạch,vocab
823,トラブル,とらぶる,toraburu,-,rắc rối,Động từ nhóm 1,状況に合わせて適切にトラブル。,Rắc rối một cách phù hợp theo tình huống.,-,[1],連: トラブルに関する / 類: rắc rối,vocab
824,エラー,えらー,eraa,-,lỗi,Danh từ,エラーについて詳しく調査する。,Nghiên cứu kỹ lưỡng về lỗi.,-,[0],連: エラーに関する / 類: lỗi,vocab
825,クレーム,くれーむ,kureemu,-,phàn nàn,Danh từ,クレームについて詳しく調査する。,Nghiên cứu kỹ lưỡng về phàn nàn.,-,[1],連: クレームに関する / 類: phàn nàn,vocab
826,キャンセル,きゃんせる,kyanseru,-,hủy bỏ,Động từ nhóm 2,状況に合わせて適切にキャンセル。,Hủy bỏ một cách phù hợp theo tình huống.,-,[1],連: キャンセルに関する / 類: hủy bỏ,vocab
827,ストップ,すとっぷ,sutoppu,-,dừng lại,Danh từ,ストップについて詳しく調査する。,Nghiên cứu kỹ lưỡng về dừng lại.,-,[1],連: ストップに関する / 類: dừng lại,vocab
828,カット,かっと,katto,-,cắt bớt,Danh từ,カットについて詳しく調査する。,Nghiên cứu kỹ lưỡng về cắt bớt.,-,[0],連: カットに関する / 類: cắt bớt,vocab
829,カバー,かばー,kabaa,-,bao bọc,Danh từ,カバーについて詳しく調査する。,Nghiên cứu kỹ lưỡng về bao bọc.,-,[0],連: カバーに関する / 類: bao bọc,vocab
830,リハビリ,りはびり,rihabiri,-,hồi phục chức năng,Danh từ,リハビリについて詳しく調査する。,Nghiên cứu kỹ lưỡng về hồi phục chức năng.,-,[1],連: リハビリに関する / 類: hồi phục chức năng,vocab
831,プレッシャー,ぷれっしゃー,puresshaa,-,sức ép,Danh từ,プレッシャーについて詳しく調査する。,Nghiên cứu kỹ lưỡng về sức ép.,-,[1],連: プレッシャーに関する / 類: sức ép,vocab
832,カウンセリング,かうんせりんぐ,kaunseringu,-,tư vấn tâm lý,Danh từ,カウンセリングについて詳しく調査する。,Nghiên cứu kỹ lưỡng về tư vấn tâm lý.,-,[1],連: カウンセリングに関する / 類: tư vấn tâm lý,vocab
833,キャラクター,きゃらくたー,kyarakutaa,-,nhân vật,Danh từ,キャラクターについて詳しく調査する。,Nghiên cứu kỹ lưỡng về nhân vật.,-,[1],連: キャラクターに関する / 類: nhân vật,vocab
834,ユニークな,ゆにーくな,yuniikuna,-,độc nhất,Tính từ -na,ユニークな態度で対応する。,Ứng phó bằng một thái độ độc nhất.,-,[1],連: ユニークなに関する / 類: độc nhất,vocab
835,ルーズな,るーずな,ruuzuna,-,lơ đễnh,Tính từ -na,ルーズな態度で対応する。,Ứng phó bằng một thái độ lơ đễnh.,-,[1],連: ルーズなに関する / 類: lơ đễnh,vocab
836,ロマンチックな,ろまんちっくな,romanchikkuna,-,lãng mạn,Tính từ -na,ロマンチックな態度で対応する。,Ứng phó bằng một thái độ lãng mạn.,-,[1],連: ロマンチックなに関する / 類: lãng mạn,vocab
837,センス,せんす,sensu,-,giác quan,Danh từ,センスについて詳しく調査する。,Nghiên cứu kỹ lưỡng về giác quan.,-,[0],連: センスに関する / 類: giác quan,vocab
838,エコロジー,えころじー,ekorojii,-,sinh thái học,Danh từ,エコロジーについて詳しく調査する。,Nghiên cứu kỹ lưỡng về sinh thái học.,-,[1],連: エコロジーに関する / 類: sinh thái học,vocab
839,ダム,だむ,damu,-,Đê,Danh từ,ダムについて詳しく調査する。,Nghiên cứu kỹ lưỡng về Đê.,-,[0],連: ダムに関する / 類: Đê,vocab
840,コンクリート,こんくりーと,konkuriito,-,bê tông,Danh từ,コンクリートについて詳しく調査する。,Nghiên cứu kỹ lưỡng về bê tông.,-,[1],連: コンクリートに関する / 類: bê tông,vocab
841,単純な,たんじゅんな,tanjunna,Đơn Thuần,đơn giản,Tính từ -na,単純な態度で対応する。,Ứng phó bằng một thái độ đơn giản.,単 (Đơn: đơn giản/đơn độc) + 純 (Thuần: thuần khiết/trong sáng),[1],連: 単純なに関する / 類: đơn giản,vocab
842,純粋な,じゅんすいな,junsuina,Thuần Túy,trong sáng -  ngây thơ -  tỉnh khôi -  tinh khiết,Tính từ -na,純粋な態度で対応する。,Ứng phó bằng một thái độ trong sáng.,純 (Thuần: thuần khiết/trong sáng) + 粋 (Túy: tinh túy/sành điệu),[1],連: 純粋なに関する / 類: trong sáng,vocab
843,透明な,とうめいな,toumeina,Thấu Minh,trong suốt -  trong veo,Tính từ -na,透明な態度で対応する。,Ứng phó bằng một thái độ trong suốt.,透 (Thấu: trong suốt/xuyên thấu) + 明 (Minh: sáng sủa/rõ ràng),[1],連: 透明なに関する / 類: trong suốt,vocab
844,爽やかな,さわやかな,sawayakana,Sảng,sảng khoái -  tươi -  thoáng,Tính từ -na,爽やかな態度で対応する。,Ứng phó bằng một thái độ sảng khoái.,爽 (Sảng: sảng khoái/mát mẻ),[1],連: 爽やかなに関する / 類: sảng khoái,vocab
845,素直な,すなおな,sunaona,Tố Trực,chân thành -  thật thà -  ngoan ngoãn,Tính từ -na,素直な態度で対応する。,Ứng phó bằng một thái độ chân thành.,素 (Tố: yếu tố/mộc mạc/chất phác) + 直 (Trực: thẳng thắn/trực tiếp/sửa),[1],連: 素直なに関する / 類: chân thành,vocab
846,率直な,そっちょくな,sotchokuna,Suất Trực,trực tỉnh -  thẳng thắn,Tính từ -na,率直な態度で対応する。,Ứng phó bằng một thái độ trực tỉnh.,率 (Suất: tỷ lệ/dẫn dắt) + 直 (Trực: thẳng thắn/trực tiếp/sửa),[1],連: 率直なに関する / 類: trực tỉnh,vocab
847,誠実な,せいじつな,seijitsuna,Thành Thực,thật thà -  chân thành,Tính từ -na,誠実な態度で対応する。,Ứng phó bằng một thái độ thật thà.,誠 (Thành: chân thành/thành thật) + 実 (Thực: sự thật/thực tế/quả),[1],連: 誠実なに関する / 類: thật thà,vocab
848,謙虚な,けんきょな,kenkyona,Khiêm Hư,khiêm tốn,Tính từ -na,謙虚な態度で対応する。,Ứng phó bằng một thái độ khiêm tốn.,謙 (Khiêm: khiêm tốn/khiêm nhường) + 虚 (Hư: hư vô/trống rỗng),[1],連: 謙虚なに関する / 類: khiêm tốn,vocab
849,賢い,かしこい,kashikoi,Hiền,thông minh -  khôn ngoan,Tính từ -i,この問題は非常に賢い。,Vấn đề này rất thông minh.,賢 (Hiền: thông minh/hiền minh),[1],連: 賢いに関する / 類: thông minh,vocab
850,慎重な,しんちょうな,shinchouna,Thận Trọng,thận trọng -  cẩn thận,Tính từ -na,慎重な態度で対応する。,Ứng phó bằng một thái độ thận trọng.,慎 (Thận: thận trọng/cẩn thận) + 重 (Trọng: nặng nề/quan trọng/chồng chất),[1],連: 慎重なに関する / 類: thận trọng,vocab
851,穏やかな,おだやかな,odayakana,Ổn,yên ả -  ôn hòa -  bình yên,Tính từ -na,穏やかな態度で対応する。,Ứng phó bằng một thái độ yên ả.,穏 (Ổn: yên ổn/ôn hòa),[1],連: 穏やかなに関する / 類: yên ả,vocab
852,真剣な,しんけんな,shinkenna,Chân Kiếm,nghiêm túc -  nghiêm trọng,Tính từ -na,真剣な態度で対応する。,Ứng phó bằng một thái độ nghiêm túc.,真 (Chân: chân thật/đích thực) + 剣 (Kiếm: thanh kiếm),[1],連: 真剣なに関する / 類: nghiêm túc,vocab
853,正式な,せいしきな,seishikina,Chính Thức,chính thức -  gốc,Tính từ -na,正式な態度で対応する。,Ứng phó bằng một thái độ chính thức.,正 (Chính: đúng đắn/chính xác) + 式 (Thức: nghi thức/công thức),[1],連: 正式なに関する / 類: chính thức,vocab
854,主な,おもな,omona,Chủ,chính -  chủ yếu,Tính từ -na,主な態度で対応する。,Ứng phó bằng một thái độ chính.,主 (Chủ: làm chủ/chủ nhân),[0],連: 主なに関する / 類: chính,vocab
855,主要な,しゅような,shuyouna,Chủ Yếu,Mấu chốt,Tính từ -na,主要な態度で対応する。,Ứng phó bằng một thái độ Mấu chốt.,主 (Chủ: làm chủ/chủ nhân) + 要 (Yếu: quan trọng/cần thiết),[1],連: 主要なに関する / 類: Mấu chốt,vocab
856,貴重な,きちょうな,kichouna,Quý Trọng,quý trọng,Tính từ -na,貴重な態度で対応する。,Ứng phó bằng một thái độ quý trọng.,貴 (Quý: quý giá/cao quý) + 重 (Trọng: nặng nề/quan trọng/chồng chất),[1],連: 貴重なに関する / 類: quý trọng,vocab
857,偉大な,いだいな,idaina,Vĩ Đại,vĩ đại,Tính từ -na,偉大な態度で対応する。,Ứng phó bằng một thái độ vĩ đại.,偉 (Vĩ: vĩ đại/cao lớn) + 大 (Đại: to lớn/vĩ đại),[1],連: 偉大なに関する / 類: vĩ đại,vocab
858,偉い,えらい,erai,Vĩ,tuyệt vời -  giỏi -  vĩ đại,Danh từ,偉いについて詳しく調査する。,Nghiên cứu kỹ lưỡng về tuyệt vời.,偉 (Vĩ: vĩ đại/cao lớn),[0],連: 偉いに関する / 類: tuyệt vời,vocab
859,独特な,どくとくな,dokutokuna,Độc Đặc,riêng biệt -  đặc biệt -  độc đáo,Tính từ -na,独特な態度で対応する。,Ứng phó bằng một thái độ riêng biệt.,独 (Độc: độc nhất/cô độc) + 特 (Đặc: đặc biệt/riêng biệt),[1],連: 独特なに関する / 類: riêng biệt,vocab
860,特殊な,とくしゅな,tokushuna,Đặc Thù,đặc biệt -  đặc thù,Tính từ -na,特殊な態度で対応する。,Ứng phó bằng một thái độ đặc biệt.,特 (Đặc: đặc biệt/riêng biệt) + 殊 (Thù: đặc thù/khác biệt),[1],連: 特殊なに関する / 類: đặc biệt,vocab
861,奇妙な,きみょうな,kimyouna,Kỳ Diệu,kỳ lạ -  lạ lùng,Tính từ -na,奇妙な態度で対応する。,Ứng phó bằng một thái độ kỳ lạ.,奇 (Kỳ: kỳ lạ/hiếm có) + 妙 (Diệu: kỳ diệu/khéo léo),[1],連: 奇妙なに関する / 類: kỳ lạ,vocab
862,妙な,みょうな,myouna,Diệu,lạ thường,Tính từ -na,妙な態度で対応する。,Ứng phó bằng một thái độ lạ thường.,妙 (Diệu: kỳ diệu/khéo léo),[1],連: 妙なに関する / 類: lạ thường,vocab
863,怪しい,あやしい,ayashii,Quái,đáng nghi -  nghi ngờ,Tính từ -i,この問題は非常に怪しい。,Vấn đề này rất đáng nghi.,怪 (Quái: kỳ quái/quái dị),[1],連: 怪しいに関する / 類: đáng nghi,vocab
864,異常な,いじょうな,ijouna,Dị Thường,khác thường -  bất thường,Tính từ -na,異常な態度で対応する。,Ứng phó bằng một thái độ khác thường.,異 (Dị: khác thường/dị biệt) + 常 (Thường: thường ngày/bình thường),[1],連: 異常なに関する / 類: khác thường,vocab
865,高度な,こうどな,koudona,Cao Độ,độ cao -  tiên tiến,Tính từ -na,高度な態度で対応する。,Ứng phó bằng một thái độ độ cao.,高 (Cao: cao quý/đắt đỏ/chiều cao) + 度 (Độ: mức độ/lần),[1],連: 高度なに関する / 類: độ cao,vocab
866,新たな,あらたな,aratana,Tân,thay mới -  làm mới,Tính từ -na,新たな態度で対応する。,Ứng phó bằng một thái độ thay mới.,新 (Tân: mới mẻ/tươi mới),[1],連: 新たなに関する / 類: thay mới,vocab
867,合理的な,ごうりてきな,gouritekina,Hợp Lý Đích,hợp lý -  tính logic,Tính từ -na,合理的な態度で対応する。,Ứng phó bằng một thái độ hợp lý.,合 (Hợp: thích hợp/gặp gỡ) + 理 (Lý: lý do/chân lý/xử lý) + 的 (Đích: mục đích/mang tính),[1],連: 合理的なに関する / 類: hợp lý,vocab
868,器用な,きような,kiyouna,Khí Dụng,tinh xảo -  tài giỏi -  khéo léo,Tính từ -na,器用な態度で対応する。,Ứng phó bằng một thái độ tinh xảo.,器 (Khí: dụng cụ/khí cụ) + 用 (Dụng: sử dụng/công dụng),[1],連: 器用なに関する / 類: tinh xảo,vocab
869,手軽な,てがるな,tegaruna,Thủ Khinh,nhẹ nhàng -  đơn giản,Tính từ -na,手軽な態度で対応する。,Ứng phó bằng một thái độ nhẹ nhàng.,手 (Thủ: bàn tay/người làm) + 軽 (Khinh: nhẹ nhàng/coi nhẹ),[1],連: 手軽なに関する / 類: nhẹ nhàng,vocab
870,手ごろな,てごろな,tegorona,Thủ,hợp lý -  phù hợp -  vừa phải,Tính từ -na,手ごろな態度で対応する。,Ứng phó bằng một thái độ hợp lý.,手 (Thủ: bàn tay/người làm),[1],連: 手ごろなに関する / 類: hợp lý,vocab
871,高価な,こうかな,koukana,Cao Giá,đắt,Tính từ -na,高価な態度で対応する。,Ứng phó bằng một thái độ đắt.,高 (Cao: cao quý/đắt đỏ/chiều cao) + 価 (Giá: giá cả/giá trị),[1],連: 高価なに関する / 類: đắt,vocab
872,ぜいたくな,ぜいたくな,zeitakuna,-,sang chảnh -  xa hoa -  phung phí (phong cách sống),Tính từ -na,ぜいたくな態度で対応する。,Ứng phó bằng một thái độ sang chảnh.,-,[1],連: ぜいたくなに関する / 類: sang chảnh,vocab
873,豪華な,ごうかな,goukana,Hào Hoa,hào hoa -  lộng lẫy -  rực rỡ,Tính từ -na,豪華な態度で対応する。,Ứng phó bằng một thái độ hào hoa.,豪 (Hào: hào hiệp/hào nhoáng) + 華 (Hoa: hoa lệ/lộng lẫy),[1],連: 豪華なに関する / 類: hào hoa,vocab
874,高級な,こうきゅうな,koukyuuna,Cao Cấp,chất lượng cao -  hàng hiệu,Tính từ -na,高級な態度で対応する。,Ứng phó bằng một thái độ chất lượng cao.,高 (Cao: cao quý/đắt đỏ/chiều cao) + 級 (Cấp: cấp bậc/đẳng cấp),[1],連: 高級なに関する / 類: chất lượng cao,vocab
875,上等な,じょうとうな,joutouna,Thượng Đẳng,cao cấp -  xịn sò,Tính từ -na,上等な態度で対応する。,Ứng phó bằng một thái độ cao cấp.,上 (Thượng: trên/lên) + 等 (Đẳng: bình đẳng/vân vân),[1],連: 上等なに関する / 類: cao cấp,vocab
876,上品な,じょうひんな,jouhinna,Thượng Phẩm,quý phái -  lịch thiệp,Tính từ -na,上品な態度で対応する。,Ứng phó bằng một thái độ quý phái.,上 (Thượng: trên/lên) + 品 (Phẩm: sản phẩm/phẩm chất),[1],連: 上品なに関する / 類: quý phái,vocab
877,適度な,てきどな,tekidona,Thích Độ,mức độ thích hợp -  điều độ,Tính từ -na,適度な態度で対応する。,Ứng phó bằng một thái độ mức độ thích hợp.,適 (Thích: thích hợp/phù hợp) + 度 (Độ: mức độ/lần),[1],連: 適度なに関する / 類: mức độ thích hợp,vocab
878,快適な,かいてきな,kaitekina,Khoái Thích,dễ chịu -  sảng khoái,Tính từ -na,快適な態度で対応する。,Ứng phó bằng một thái độ dễ chịu.,快 (Khoái: sảng khoái/vui vẻ) + 適 (Thích: thích hợp/phù hợp),[1],連: 快適なに関する / 類: dễ chịu,vocab
879,快い,こころよい,kokoroyoi,Khoái,hài lòng -  dễ chịu -  sẵn lòng,Tính từ -i,この問題は非常に快い。,Vấn đề này rất hài lòng.,快 (Khoái: sảng khoái/vui vẻ),[1],連: 快いに関する / 類: hài lòng,vocab
880,順調な,じゅんちょうな,junchouna,Thuận Điệu,thuận lợi; tốt; trôi chảy,Tính từ -na,順調な態度で対応する。,Ứng phó bằng một thái độ thuận lợi.,順 (Thuận: thuận tiện/thứ tự) + 調 (Điệu: điều tra/giai điệu/điều chỉnh),[1],連: 順調なに関する / 類: thuận lợi; tốt; trôi chảy,vocab
881,活発な,かっぱつな,kappatsuna,Hoạt Phát,hoạt bát -  sôi nổi -  nhanh nhẹn -  linh hoạt,Tính từ -na,活発な態度で対応する。,Ứng phó bằng một thái độ hoạt bát.,活 (Hoạt: hoạt động/sinh hoạt) + 発 (Phát: phát triển/xuất phát),[1],連: 活発なに関する / 類: hoạt bát,vocab
882,的確な,てきかくな,tekikakuna,Đích Xác,chính xác -  rõ ràng,Tính từ -na,的確な態度で対応する。,Ứng phó bằng một thái độ chính xác.,的 (Đích: mục đích/mang tính) + 確 (Xác: chính xác/xác thực),[1],連: 的確なに関する / 類: chính xác,vocab
883,確実な,かくじつな,kakujitsuna,Xác Thực,Xác thực -  chắc chắn,Tính từ -na,確実な態度で対応する。,Ứng phó bằng một thái độ Xác thực.,確 (Xác: chính xác/xác thực) + 実 (Thực: sự thật/thực tế/quả),[1],連: 確実なに関する / 類: Xác thực,vocab
884,明らかな,あきらかな,akirakana,Minh,rõ ràng -  sáng tỏ,Tính từ -na,明らかな態度で対応する。,Ứng phó bằng một thái độ rõ ràng.,明 (Minh: sáng sủa/rõ ràng),[1],連: 明らかなに関する / 類: rõ ràng,vocab
885,あいまいな,あいまいな,aimaina,-,mơ hồ,Tính từ -na,あいまいな態度で対応する。,Ứng phó bằng một thái độ mơ hồ.,-,[1],連: あいまいなに関する / 類: mơ hồ,vocab
886,具体的な,ぐたいてきな,gutaitekina,Cụ Thể Đích,cụ thể -  rõ ràng,Tính từ -na,具体的な態度で対応する。,Ứng phó bằng một thái độ cụ thể.,具 (Cụ: dụng cụ/công cụ) + 体 (Thể: cơ thể/thân thể) + 的 (Đích: mục đích/mang tính),[1],連: 具体的なに関する / 類: cụ thể,vocab
887,抽象的な,ちゅうしょうてきな,chuushoutekina,Trừu Tượng Đích,trừu tượng -  viển vông,Tính từ -na,抽象的な態度で対応する。,Ứng phó bằng một thái độ trừu tượng.,抽 (Trừu: rút ra/trừu xuất) + 象 (Tượng: hình tượng/con voi) + 的 (Đích: mục đích/mang tính),[1],連: 抽象的なに関する / 類: trừu tượng,vocab
888,等しい,ひとしい,hitoshii,Đẳng,giống nhau -  đều đặn,Tính từ -i,この問題は非常に等しい。,Vấn đề này rất giống nhau.,等 (Đẳng: bình đẳng/vân vân),[1],連: 等しいに関する / 類: giống nhau,vocab
889,平等な,びょうどうな,byoudouna,Bình Đẳng,bình đẳng -  công bằng,Tính từ -na,平等な態度で対応する。,Ứng phó bằng một thái độ bình đẳng.,平 (Bình: bình đẳng/hòa bình) + 等 (Đẳng: bình đẳng/vân vân),[1],連: 平等なに関する / 類: bình đẳng,vocab
890,公平な,こうへいな,kouheina,Công Bình,công bằng,Tính từ -na,公平な態度で対応する。,Ứng phó bằng một thái độ công bằng.,公 (Công: công cộng/công khai) + 平 (Bình: bình đẳng/hòa bình),[1],連: 公平なに関する / 類: công bằng,vocab
891,人物,じんぶつ,jinbutsu,Nhân Vật,nhân vật,Danh từ,人物について詳しく調査する。,Nghiên cứu kỹ lưỡng về nhân vật.,人 (Nhân: người/nhân loại) + 物 (Vật: đồ vật/sự vật),[1],連: 人物に関する / 類: nhân vật,vocab
892,者,もの,mono,Giả,người -  kẻ,Danh từ,者について詳しく調査する。,Nghiên cứu kỹ lưỡng về người.,者 (Giả: người/kẻ),[0],連: 者に関する / 類: người,vocab
893,各自,かくじ,kakuji,Các Tự,mỗi người,Danh từ,各自について詳しく調査する。,Nghiên cứu kỹ lưỡng về mỗi người.,各 (Các: mỗi/từng cái) + 自 (Tự: bản thân/tự mình),[0],連: 各自に関する / 類: mỗi người,vocab
894,気分,きぶん,kibun,Khí Phân,tâm trạng -  tinh thần -  cảm xúc,Danh từ,気分について詳しく調査する。,Nghiên cứu kỹ lưỡng về tâm trạng.,気 (Khí: không khí/tâm trạng/khí chất) + 分 (Phân: chia/phần/hiểu),[0],連: 気分に関する / 類: tâm trạng,vocab
895,気配,けはい,kehai,Khí Phối,cảm giác -  linh cảm,Danh từ,気配について詳しく調査する。,Nghiên cứu kỹ lưỡng về cảm giác.,気 (Khí: không khí/tâm trạng/khí chất) + 配 (Phối: phân phát/phối hợp/lo lắng),[0],連: 気配に関する / 類: cảm giác,vocab
896,生きがい,いきがい,ikigai,Sinh,mục đích sống -  lẽ sống,Danh từ,生きがいについて詳しく調査する。,Nghiên cứu kỹ lưỡng về mục đích sống.,生 (Sinh: sinh sống/sinh đẻ/sống),[1],連: 生きがいに関する / 類: mục đích sống,vocab
897,行儀,ぎょうぎ,gyougi,Hành Nghi,tác phong -  cách cư xử,Danh từ,行儀について詳しく調査する。,Nghiên cứu kỹ lưỡng về tác phong.,行 (Hành: đi/tiến hành/hàng lối) + 儀 (Nghi: nghi thức/lễ nghi),[1],連: 行儀に関する / 類: tác phong,vocab
898,品,ひん,hin,Phẩm,phẩm giá -  mặt hàng -  hàng hóa,Danh từ,品について詳しく調査する。,Nghiên cứu kỹ lưỡng về phẩm giá.,品 (Phẩm: sản phẩm/phẩm chất),[0],連: 品に関する / 類: phẩm giá,vocab
899,姿,すがた,sugata,Tư,bộ dạng -  bóng dáng -  tư thế,Danh từ,姿について詳しく調査する。,Nghiên cứu kỹ lưỡng về bộ dạng.,姿 (Tư: dáng vẻ/tư thế),[0],連: 姿に関する / 類: bộ dạng,vocab
900,姿勢,しせい,shisei,Tư Thế,tư thế -  thái độ -  lập trường,Danh từ,姿勢について詳しく調査する。,Nghiên cứu kỹ lưỡng về tư thế.,姿 (Tư: dáng vẻ/tư thế) + 勢 (Thế: thế lực/khí thế),[0],連: 姿勢に関する / 類: tư thế,vocab
901,見かけ,みかけ,mikake,Kiến,nhìn bề ngoài -  diện mạo,Danh từ,見かけについて詳しく調査する。,Nghiên cứu kỹ lưỡng về nhìn bề ngoài.,見 (Kiến: nhìn/quan sát/gặp),[0],連: 見かけに関する / 類: nhìn bề ngoài,vocab
902,ふり,ふり,furi,-,giả vờ,Danh từ,ふりについて詳しく調査する。,Nghiên cứu kỹ lưỡng về giả vờ.,-,[0],連: ふりに関する / 類: giả vờ,vocab
903,苦情,くじょう,kujou,Khổ Tình,phàn nàn -  than phiền -  càu nhàu -  khiếu nại,Danh từ,苦情について詳しく調査する。,Nghiên cứu kỹ lưỡng về phàn nàn.,苦 (Khổ: đau khổ/cay đắng) + 情 (Tình: tình cảm/hoàn cảnh),[1],連: 苦情に関する / 類: phàn nàn,vocab
904,口実,こうじつ,koujitsu,Khẩu Thực,ngụy biện -  viện cớ -  bào chữa,Danh từ,口実について詳しく調査する。,Nghiên cứu kỹ lưỡng về ngụy biện.,口 (Khẩu: miệng/cửa ngõ) + 実 (Thực: sự thật/thực tế/quả),[1],連: 口実に関する / 類: ngụy biện,vocab
905,動機,どうき,douki,Động Cơ,động cơ -  nguyên nhân -  lý do,Danh từ,動機について詳しく調査する。,Nghiên cứu kỹ lưỡng về động cơ.,動 (Động: hoạt động/chuyển động) + 機 (Cơ: máy móc/cơ hội),[0],連: 動機に関する / 類: động cơ,vocab
906,皮肉,ひにく,hiniku,Bì Nhục,giễu cợt -  mỉa mai,Danh từ,皮肉について詳しく調査する。,Nghiên cứu kỹ lưỡng về giễu cợt.,皮 (Bì: da/vỏ bọc) + 肉 (Nhục: thịt/cơ bắp),[0],連: 皮肉に関する / 類: giễu cợt,vocab
907,意義,いぎ,igi,Ý Nghĩa,ý nghĩa,Danh từ,意義について詳しく調査する。,Nghiên cứu kỹ lưỡng về ý nghĩa.,意 (Ý: ý chí/ý nghĩa) + 義 (Nghĩa: ý nghĩa/chính nghĩa),[0],連: 意義に関する / 類: ý nghĩa,vocab
908,主義,しゅぎ,shugi,Chủ Nghĩa,nguyên tắc -  niềm tin,Danh từ,主義について詳しく調査する。,Nghiên cứu kỹ lưỡng về nguyên tắc.,主 (Chủ: làm chủ/chủ nhân) + 義 (Nghĩa: ý nghĩa/chính nghĩa),[0],連: 主義に関する / 類: nguyên tắc,vocab
909,精神,せいしん,seishin,Tinh Thần,tinh thần,Danh từ,精神について詳しく調査する。,Nghiên cứu kỹ lưỡng về tinh thần.,精 (Tinh: tinh hoa/tinh thần/tinh lực) + 神 (Thần: thần thánh/tinh thần),[1],連: 精神に関する / 類: tinh thần,vocab
910,年代,ねんだい,nendai,Niên Đại,số năm -  thời gian -  thế hệ -  cũ kĩ -  lâu đời,Danh từ,年代について詳しく調査する。,Nghiên cứu kỹ lưỡng về số năm.,年 (Niên: năm/tuổi) + 代 (Đại: thay thế/thời đại),[1],連: 年代に関する / 類: số năm,vocab
911,世代,せだい,sedai,Thế Đại,thời đại -  thế hệ,Danh từ,世代について詳しく調査する。,Nghiên cứu kỹ lưỡng về thời đại.,世 (Thế: thế giới/đời) + 代 (Đại: thay thế/thời đại),[0],連: 世代に関する / 類: thời đại,vocab
912,基礎,きそ,kiso,Cơ Sở,cơ bản -  gốc -  nền móng,Danh từ,基礎について詳しく調査する。,Nghiên cứu kỹ lưỡng về cơ bản.,基 (Cơ: cơ bản/nền móng) + 礎 (Sở: nền móng/cơ sở),[0],連: 基礎に関する / 類: cơ bản,vocab
913,基準,きじゅん,kijun,Cơ Chuẩn,tiêu chí -  quy chuẩn,Danh từ,基準について詳しく調査する。,Nghiên cứu kỹ lưỡng về tiêu chí.,基 (Cơ: cơ bản/nền móng) + 準 (Chuẩn: chuẩn mực/chuẩn bị),[1],連: 基準に関する / 類: tiêu chí,vocab
914,標準,ひょうじゅん,hyoujun,Tiêu Chuẩn,mặc định -  chuẩn,Danh từ,標準について詳しく調査する。,Nghiên cứu kỹ lưỡng về mặc định.,標 (Tiêu: mục tiêu/tiêu chuẩn) + 準 (Chuẩn: chuẩn mực/chuẩn bị),[1],連: 標準に関する / 類: mặc định,vocab
915,典型,てんけい,tenkei,Điển Hình,điển hình -  kiểu cách,Danh từ,典型について詳しく調査する。,Nghiên cứu kỹ lưỡng về điển hình.,典 (Điển: kinh điển/điển lễ) + 型 (Hình: khuôn mẫu/kiểu dáng),[1],連: 典型に関する / 類: điển hình,vocab
916,方言,ほうげん,hougen,Phương Ngôn,tiếng địa phương,Danh từ,方言について詳しく調査する。,Nghiên cứu kỹ lưỡng về tiếng địa phương.,方 (Phương: hướng/cách thức/vị) + 言 (Ngôn: nói/ngôn từ),[1],連: 方言に関する / 類: tiếng địa phương,vocab
917,分布,ぶんぷ,bunpu,Phân Bố,phân bố -  phân phối,Danh từ,分布について詳しく調査する。,Nghiên cứu kỹ lưỡng về phân bố.,分 (Phân: chia/phần/hiểu) + 布 (Bố: vải vóc/phân bố),[0],連: 分布に関する / 類: phân bố,vocab
918,発展,はってん,hatten,Phát Triển,phát triển -  dẫn đến -  thành ra,Danh từ,発展について詳しく調査する。,Nghiên cứu kỹ lưỡng về phát triển.,発 (Phát: phát triển/xuất phát) + 展 (Triển: phát triển/triển lãm),[1],連: 発展に関する / 類: phát triển,vocab
919,文明,ぶんめい,bunmei,Văn Minh,văn minh,Danh từ,文明について詳しく調査する。,Nghiên cứu kỹ lưỡng về văn minh.,文 (Văn: câu văn/văn hóa) + 明 (Minh: sáng sủa/rõ ràng),[1],連: 文明に関する / 類: văn minh,vocab
920,普及,ふきゅう,fukyuu,Phổ Cập,phổ cập -  phổ biến,Danh từ,普及について詳しく調査する。,Nghiên cứu kỹ lưỡng về phổ cập.,普 (Phổ: phổ biến/rộng khắp) + 及 (Cập: lan tới/đạt tới),[1],連: 普及に関する / 類: phổ cập,vocab
921,制限,せいげん,seigen,Chế Hạn,hạn chế,Danh từ,制限について詳しく調査する。,Nghiên cứu kỹ lưỡng về hạn chế.,制 (Chế: chế tạo/chế độ) + 限 (Hạn: giới hạn/hạn độ),[1],連: 制限に関する / 類: hạn chế,vocab
922,限度,げんど,gendo,Hạn Độ,giới hạn -  hạn mức,Danh từ,限度について詳しく調査する。,Nghiên cứu kỹ lưỡng về giới hạn.,限 (Hạn: giới hạn/hạn độ) + 度 (Độ: mức độ/lần),[0],連: 限度に関する / 類: giới hạn,vocab
923,限界,げんかい,genkai,Hạn Giới,giới hạn,Danh từ,限界について詳しく調査する。,Nghiên cứu kỹ lưỡng về giới hạn.,限 (Hạn: giới hạn/hạn độ) + 界 (Giới: thế giới/ranh giới),[1],連: 限界に関する / 類: giới hạn,vocab
924,検討,けんとう,kentou,Kiểm Thảo,cân nhắc -  xem xét,Danh từ,検討について詳しく調査する。,Nghiên cứu kỹ lưỡng về cân nhắc.,検 (Kiểm: kiểm tra/xem xét) + 討 (Thảo: thảo luận/chinh phạt),[1],連: 検討に関する / 類: cân nhắc,vocab
925,選択,せんたく,sentaku,Tuyển Trạch,lựa chọn,Động từ nhóm 1,状況に合わせて適切に選択。,Lựa chọn một cách phù hợp theo tình huống.,選 (Tuyển: lựa chọn/tuyển chọn) + 択 (Trạch: lựa chọn/tuyển chọn),[1],連: 選択に関する / 類: lựa chọn,vocab
926,考慮,こうりょ,kouryo,Khảo Lự,xem xét -  suy tính,Danh từ,考慮について詳しく調査する。,Nghiên cứu kỹ lưỡng về xem xét.,考 (Khảo: suy nghĩ/khảo sát) + 慮 (Lự: lo nghĩ/suy xét),[1],連: 考慮に関する / 類: xem xét,vocab
927,重視,じゅうし,juushi,Trọng Thị,xem trọng -  coi trọng,Danh từ,重視について詳しく調査する。,Nghiên cứu kỹ lưỡng về xem trọng.,重 (Trọng: nặng nề/quan trọng/chồng chất) + 視 (Thị: thị giác/nhìn nhận),[1],連: 重視に関する / 類: xem trọng,vocab
928,見当,けんとう,kentou,Kiến Đương,phỏng đoán -  ước tính,Động từ nhóm 1,状況に合わせて適切に見当。,Phỏng đoán một cách phù hợp theo tình huống.,見 (Kiến: nhìn/quan sát/gặp) + 当 (Đương: chính xác/đảm đương),[1],連: 見当に関する / 類: phỏng đoán,vocab
929,訂正,ていせい,teisei,Đính Chính,đính chính -  sửa lại,Danh từ,訂正について詳しく調査する。,Nghiên cứu kỹ lưỡng về đính chính.,訂 (Đính: đính chính/sửa lại) + 正 (Chính: đúng đắn/chính xác),[1],連: 訂正に関する / 類: đính chính,vocab
930,修正,しゅうせい,shuusei,Tu Chính,chỉnh sửa -  khắc phục,Danh từ,修正について詳しく調査する。,Nghiên cứu kỹ lưỡng về chỉnh sửa.,修 (Tu: tu sửa/tu học) + 正 (Chính: đúng đắn/chính xác),[1],連: 修正に関する / 類: chỉnh sửa,vocab
931,反抗,はんこう,hankou,Phản Kháng,phản kháng -  chống đối,Danh từ,反抗について詳しく調査する。,Nghiên cứu kỹ lưỡng về phản kháng.,反 (Phản: phản đối/ngược lại) + 抗 (Kháng: chống cự/đối kháng),[1],連: 反抗に関する / 類: phản kháng,vocab
932,抵抗,ていこう,teikou,Đề Kháng,đề kháng -  kháng cự,Danh từ,抵抗について詳しく調査する。,Nghiên cứu kỹ lưỡng về đề kháng.,抵 (Đề: chống cự/đối kháng) + 抗 (Kháng: chống cự/đối kháng),[1],連: 抵抗に関する / 類: đề kháng,vocab
933,災難,さいなん,sainan,Tai Nan,rủi ro -  đen đủi -  thiên tai,Danh từ,災難について詳しく調査する。,Nghiên cứu kỹ lưỡng về rủi ro.,災 (Tai: tai họa/tai nạn) + 難 (Nan: khó khăn/gian nan),[1],連: 災難に関する / 類: rủi ro,vocab
934,汚染,おせん,osen,Ô Nhiễm,ô nhiễm,Danh từ,汚染について詳しく調査する。,Nghiên cứu kỹ lưỡng về ô nhiễm.,汚 (Ô: ô nhiễm/dơ bẩn) + 染 (Nhiễm: nhiễm/nhuộm màu),[0],連: 汚染に関する / 類: ô nhiễm,vocab
935,害,がい,gai,Hại,có hại,Danh từ,害について詳しく調査する。,Nghiên cứu kỹ lưỡng về có hại.,害 (Hại: tác hại/thiệt hại),[0],連: 害に関する / 類: có hại,vocab
936,伝染,でんせん,densen,Truyền Nhiễm,truyền nhiễm -  lan truyền,Danh từ,伝染について詳しく調査する。,Nghiên cứu kỹ lưỡng về truyền nhiễm.,伝 (Truyền: truyền bá/truyền đạt) + 染 (Nhiễm: nhiễm/nhuộm màu),[1],連: 伝染に関する / 類: truyền nhiễm,vocab
937,対策,たいさく,taisaku,Đối Sách,biện pháp -  đối sách,Danh từ,対策について詳しく調査する。,Nghiên cứu kỹ lưỡng về biện pháp.,対 (Đối: đối diện/đối lập) + 策 (Sách: sách lược/chính sách),[1],連: 対策に関する / 類: biện pháp,vocab
938,処置,しょち,shochi,Xử Trí,xử lý -  điều trị,Danh từ,処置について詳しく調査する。,Nghiên cứu kỹ lưỡng về xử lý.,処 (Xử: xử lý/nơi chốn) + 置 (Trí: đặt để/bố trí),[0],連: 処置に関する / 類: xử lý,vocab
939,処分,しょぶん,shobun,Xử Phân,xử lí -  trừng phạt -  vứt bỏ,Danh từ,処分について詳しく調査する。,Nghiên cứu kỹ lưỡng về xử lí.,処 (Xử: xử lý/nơi chốn) + 分 (Phân: chia/phần/hiểu),[1],連: 処分に関する / 類: xử lí,vocab
940,処理,しょり,shori,Xử Lý,sơ chế -  xử lý,Danh từ,処理について詳しく調査する。,Nghiên cứu kỹ lưỡng về sơ chế.,処 (Xử: xử lý/nơi chốn) + 理 (Lý: lý do/chân lý/xử lý),[0],連: 処理に関する / 類: sơ chế,vocab
941,輪,わ,wa,Luân,vòng -  lặp,Danh từ,輪について詳しく調査する。,Nghiên cứu kỹ lưỡng về vòng.,輪 (Luân: bánh xe/vòng tròn),[0],連: 輪に関する / 類: vòng,vocab
942,でこぼこ,でこぼこ,dekoboko,-,lồi lõm,Danh từ,でこぼこについて詳しく調査する。,Nghiên cứu kỹ lưỡng về lồi lõm.,-,[1],連: でこぼこに関する / 類: lồi lõm,vocab
943,跡,あと,ato,Tích,dấu vết -  vết tích,Danh từ,跡について詳しく調査する。,Nghiên cứu kỹ lưỡng về dấu vết.,跡 (Tích: dấu vết/vết tích),[0],連: 跡に関する / 類: dấu vết,vocab
944,手間,てま,tema,Thủ Gian,thời gian -  công sức,Danh từ,手間について詳しく調査する。,Nghiên cứu kỹ lưỡng về thời gian.,手 (Thủ: bàn tay/người làm) + 間 (Gian: khoảng cách/thế gian/thời gian),[0],連: 手間に関する / 類: thời gian,vocab
945,能率,のうりつ,nouritsu,Năng Suất,hiệu quả -  năng suất,Danh từ,能率について詳しく調査する。,Nghiên cứu kỹ lưỡng về hiệu quả.,能 (Năng: khả năng/tài năng) + 率 (Suất: tỷ lệ/dẫn dắt),[1],連: 能率に関する / 類: hiệu quả,vocab
946,性能,せいのう,seinou,Tính Năng,hiệu năng -  hiệu suất,Danh từ,性能について詳しく調査する。,Nghiên cứu kỹ lưỡng về hiệu năng.,性 (Tính: tính cách/bản tính) + 能 (Năng: khả năng/tài năng),[1],連: 性能に関する / 類: hiệu năng,vocab
947,操作,そうさ,sousa,Thao Tác,thao tác -  vận hành,Danh từ,操作について詳しく調査する。,Nghiên cứu kỹ lưỡng về thao tác.,操 (Thao: thao tác/điều khiển) + 作 (Tác: làm/chế tác),[0],連: 操作に関する / 類: thao tác,vocab
948,発揮,はっき,hakki,Phát Huy,phát huy -  gắng sức,Danh từ,発揮について詳しく調査する。,Nghiên cứu kỹ lưỡng về phát huy.,発 (Phát: phát triển/xuất phát) + 揮 (Huy: chỉ huy/phát huy),[0],連: 発揮に関する / 類: phát huy,vocab
949,頂点,ちょうてん,chouten,Đỉnh Điểm,đỉnh -  đứng đầu -  đứng top,Danh từ,頂点について詳しく調査する。,Nghiên cứu kỹ lưỡng về đỉnh.,頂 (Đỉnh: đỉnh cao/nhận lấy) + 点 (Điểm: điểm số/chấm điểm/vết),[1],連: 頂点に関する / 類: đỉnh,vocab
950,周辺,しゅうへん,shuuhen,Chu Biên,xung quanh -  ngoại vi,Danh từ,周辺について詳しく調査する。,Nghiên cứu kỹ lưỡng về xung quanh.,周 (Chu: xung quanh/chu vi) + 辺 (Biên: xung quanh/bên cạnh),[1],連: 周辺に関する / 類: xung quanh,vocab
951,現場,げんば,genba,Hiện Trường,công trường -  nơi làm việc,Danh từ,現場について詳しく調査する。,Nghiên cứu kỹ lưỡng về công trường.,現 (Hiện: hiện tại/xuất hiện) + 場 (Trường: nơi chốn/hội trường),[0],連: 現場に関する / 類: công trường,vocab
952,状況,じょうきょう,joukyou,Trạng Huống,tình hình -  tình huống,Danh từ,状況について詳しく調査する。,Nghiên cứu kỹ lưỡng về tình hình.,状 (Trạng: hình trạng/trạng thái) + 況 (Huống: tình huống/tình hình),[1],連: 状況に関する / 類: tình hình,vocab
953,組織,そしき,soshiki,Tổ Chức,tổ chức,Danh từ,組織について詳しく調査する。,Nghiên cứu kỹ lưỡng về tổ chức.,組 (Tổ: tổ chức/kết hợp/nhóm) + 織 (Chức: dệt vải/tổ chức),[0],連: 組織に関する / 類: tổ chức,vocab
954,制度,せいど,seido,Chế Độ,chế độ -  hệ thống,Danh từ,制度について詳しく調査する。,Nghiên cứu kỹ lưỡng về chế độ.,制 (Chế: chế tạo/chế độ) + 度 (Độ: mức độ/lần),[0],連: 制度に関する / 類: chế độ,vocab
955,構成,こうせい,kousei,Cấu Thành,cấu trúc,Danh từ,構成について詳しく調査する。,Nghiên cứu kỹ lưỡng về cấu trúc.,構 (Cấu: cấu trúc/xây dựng) + 成 (Thành: hoàn thành/trở thành),[1],連: 構成に関する / 類: cấu trúc,vocab
956,形式,けいしき,keishiki,Hình Thức,hình thức -  định dạng,Danh từ,形式について詳しく調査する。,Nghiên cứu kỹ lưỡng về hình thức.,形 (Hình: hình dáng/hình thức) + 式 (Thức: nghi thức/công thức),[1],連: 形式に関する / 類: hình thức,vocab
957,傾向,けいこう,keikou,Khuynh Hướng,xu hướng -  hiện tượng -  khuynh hướng,Danh từ,傾向について詳しく調査する。,Nghiên cứu kỹ lưỡng về xu hướng.,傾 (Khuynh: nghiêng/nghiêng ngả) + 向 (Hướng: hướng về/phía),[1],連: 傾向に関する / 類: xu hướng,vocab
958,方針,ほうしん,houshin,Phương Châm,phương châm; chính sách,Danh từ,方針について詳しく調査する。,Nghiên cứu kỹ lưỡng về phương châm.,方 (Phương: hướng/cách thức/vị) + 針 (Châm: cây kim/phương châm),[1],連: 方針に関する / 類: phương châm; chính sách,vocab
959,徹底,てってい,tettei,Triệt Đế,triệt để -  tỉ mỉ -  kỹ lưỡng,Danh từ,徹底について詳しく調査する。,Nghiên cứu kỹ lưỡng về triệt để.,徹 (Triệt: triệt để/thấu suốt) + 底 (Đế: đáy/nền tảng),[1],連: 徹底に関する / 類: triệt để,vocab
960,分析,ぶんせき,bunseki,Phân Tích,phân tích,Danh từ,分析について詳しく調査する。,Nghiên cứu kỹ lưỡng về phân tích.,分 (Phân: chia/phần/hiểu) + 析 (Tích: phân tích/chia nhỏ),[1],連: 分析に関する / 類: phân tích,vocab
961,維持,いじ,iji,Duy Trì,duy trì,Danh từ,維持について詳しく調査する。,Nghiên cứu kỹ lưỡng về duy trì.,維 (Duy: duy trì/gìn giữ) + 持 (Trì: cầm/nắm giữ/duy trì),[0],連: 維持に関する / 類: duy trì,vocab
962,管理,かんり,kanri,Quản Lý,quản lý -  bảo quản,Danh từ,管理について詳しく調査する。,Nghiên cứu kỹ lưỡng về quản lý.,管 (Quản: quản lý/ống dẫn) + 理 (Lý: lý do/chân lý/xử lý),[0],連: 管理に関する / 類: quản lý,vocab
963,行方,ゆくえ,yukue,Hành Phương,tung tích -  hành tung,Danh từ,行方について詳しく調査する。,Nghiên cứu kỹ lưỡng về tung tích.,行 (Hành: đi/tiến hành/hàng lối) + 方 (Phương: hướng/cách thức/vị),[0],連: 行方に関する / 類: tung tích,vocab
964,端,はし,hashi,Đoan,cạnh -  ven -  bở -  mép,Danh từ,端について詳しく調査する。,Nghiên cứu kỹ lưỡng về cạnh.,端 (Đoan: đầu mút/chính đoan),[0],連: 端に関する / 類: cạnh,vocab
965,場,ば,ba,Trường,địa điểm -  nơi -  chỗ -  nơi,Danh từ,場について詳しく調査する。,Nghiên cứu kỹ lưỡng về địa điểm.,場 (Trường: nơi chốn/hội trường),[0],連: 場に関する / 類: địa điểm,vocab
966,分野,ぶんや,bunya,Phân Dã,lĩnh vực,Danh từ,分野について詳しく調査する。,Nghiên cứu kỹ lưỡng về lĩnh vực.,分 (Phân: chia/phần/hiểu) + 野 (Dã: cánh đồng/lĩnh vực),[0],連: 分野に関する / 類: lĩnh vực,vocab
967,需要,じゅよう,juyou,Nhu Yếu,nhu cầu -  cung cầu,Danh từ,需要について詳しく調査する。,Nghiên cứu kỹ lưỡng về nhu cầu.,需 (Nhu: nhu cầu/cần dùng) + 要 (Yếu: quan trọng/cần thiết),[1],連: 需要に関する / 類: nhu cầu,vocab
968,供給,きょうきゅう,kyoukyuu,Cung Cấp,cung cấp,Danh từ,供給について詳しく調査する。,Nghiên cứu kỹ lưỡng về cung cấp.,供 (Cung: cung cấp/đứa trẻ) + 給 (Cấp: cung cấp/tiền lương),[1],連: 供給に関する / 類: cung cấp,vocab
969,物資,ぶっし,busshi,Vật Tư,vật tư -  cứu trợ,Danh từ,物資について詳しく調査する。,Nghiên cứu kỹ lưỡng về vật tư.,物 (Vật: đồ vật/sự vật) + 資 (Tư: tài sản/tư bản/nguyên liệu),[0],連: 物資に関する / 類: vật tư,vocab
970,用途,ようと,youto,Dụng Đồ,sử dụng -  công dụng,Danh từ,用途について詳しく調査する。,Nghiên cứu kỹ lưỡng về sử dụng.,用 (Dụng: sử dụng/công dụng) + 途 (Đồ: con đường/giữa chừng),[0],連: 用途に関する / 類: sử dụng,vocab
971,関連,かんれん,kanren,Quan Liên,liên quan -  quan hệ,Danh từ,関連について詳しく調査する。,Nghiên cứu kỹ lưỡng về liên quan.,関 (Quan: liên quan/quan hệ/cửa ải) + 連 (Liên: kết nối/liên lạc/dẫn theo),[1],連: 関連に関する / 類: liên quan,vocab
972,消耗,しょうもう,shoumou,Tiêu Hao,tiêu thụ -  tiêu hao,Danh từ,消耗について詳しく調査する。,Nghiên cứu kỹ lưỡng về tiêu thụ.,消 (Tiêu: tiêu biến/tắt/xóa) + 耗 (Hao: tiêu hao/hao hụt),[1],連: 消耗に関する / 類: tiêu thụ,vocab
973,欠陥,けっかん,kekkan,Khiếm Hãm,sai sót -  lỗi,Danh từ,欠陥について詳しく調査する。,Nghiên cứu kỹ lưỡng về sai sót.,欠 (Khiếm: thiếu sót/khiếm khuyết) + 陥 (Hãm: rơi vào/sụt lún),[1],連: 欠陥に関する / 類: sai sót,vocab
974,予備,よび,yobi,Dự Bị,dự phòng -  dự trữ -  dự bị,Danh từ,予備について詳しく調査する。,Nghiên cứu kỹ lưỡng về dự phòng.,予 (Dự: dự báo/trước) + 備 (Bị: chuẩn bị/trang bị),[0],連: 予備に関する / 類: dự phòng,vocab
975,付属,ふぞく,fuzoku,Phó Thuộc,trực thuộc -  đính kèm,Danh từ,付属について詳しく調査する。,Nghiên cứu kỹ lưỡng về trực thuộc.,付 (Phó: gắn/dính/kèm) + 属 (Thuộc: thuộc về/phụ thuộc),[0],連: 付属に関する / 類: trực thuộc,vocab
976,手当,てあて,teate,Thủ Đương,trị liệu -  chuẩn bị -  trợ cấp -  thù lao,Danh từ,手当について詳しく調査する。,Nghiên cứu kỹ lưỡng về trị liệu.,手 (Thủ: bàn tay/người làm) + 当 (Đương: chính xác/đảm đương),[0],連: 手当に関する / 類: trị liệu,vocab
977,元,もと,moto,Nguyên,nguyên -  ban đầu -  lý do,Danh từ,元について詳しく調査する。,Nghiên cứu kỹ lưỡng về nguyên.,元 (Nguyên: nguồn gốc/ban đầu),[0],連: 元に関する / 類: nguyên,vocab
978,面,めん,men,Diện,mặt -  bề mặt -  diện mạo,Danh từ,面について詳しく調査する。,Nghiên cứu kỹ lưỡng về mặt.,面 (Diện: mặt/bề mặt/phương diện),[0],連: 面に関する / 類: mặt,vocab
979,說,せつ,setsu,Thuyết,thuyết -  ý kiến,Danh từ,說について詳しく調査する。,Nghiên cứu kỹ lưỡng về thuyết.,說 (Thuyết: thuyết minh/giải thích),[0],連: 說に関する / 類: thuyết,vocab
980,差,さ,sa,Sai,sai khác -  khoảng cách -  hiệu số,Danh từ,差について詳しく調査する。,Nghiên cứu kỹ lưỡng về sai khác.,差 (Sai: sai khác/khoảng cách),[0],連: 差に関する / 類: sai khác,vocab
981,間,ま,ma,Gian,giữa -  trong khoảng,Danh từ,間について詳しく調査する。,Nghiên cứu kỹ lưỡng về giữa.,間 (Gian: khoảng cách/thế gian/thời gian),[0],連: 間に関する / 類: giữa,vocab
982,分,ぶん,bun,Phân,thành phần -  điều kiện,Danh từ,分について詳しく調査する。,Nghiên cứu kỹ lưỡng về thành phần.,分 (Phân: chia/phần/hiểu),[0],連: 分に関する / 類: thành phần,vocab
983,筋,すじ,suji,Cân,logic -  hợp lí -  tố chất,Danh từ,筋について詳しく調査する。,Nghiên cứu kỹ lưỡng về logic.,筋 (Cân: gân cốt/cốt truyện/mạch lạc),[0],連: 筋に関する / 類: logic,vocab
984,余裕,よゆう,yoyuu,Dư Dụ,phần dư,Danh từ,余裕について詳しく調査する。,Nghiên cứu kỹ lưỡng về phần dư.,余 (Dư: thừa/dư thừa) + 裕 (Dụ: dư dả/sung túc),[0],連: 余裕に関する / 類: phần dư,vocab
985,負担,ふたん,futan,Phụ Đam,gánh vác -  trách nhiệm,Danh từ,負担について詳しく調査する。,Nghiên cứu kỹ lưỡng về gánh vác.,負 (Phụ: thua cuộc/gánh chịu) + 担 (Đam: gánh vác/đảm đương),[0],連: 負担に関する / 類: gánh vác,vocab
986,保証,ほしょう,hoshou,Bảo Chứng,Cam kết -  bảo hành -  bảo lãnh,Động từ nhóm 1,状況に合わせて適切に保証。,Cam kết một cách phù hợp theo tình huống.,保 (Bảo: bảo vệ/duy trì) + 証 (Chứng: bằng chứng/chứng nhận),[1],連: 保証に関する / 類: Cam kết,vocab
987,催促,さいそく,saisoku,Thôi Xúc,thúc giục -  hối thúc,Danh từ,催促について詳しく調査する。,Nghiên cứu kỹ lưỡng về thúc giục.,催 (Thôi: tổ chức/thôi thúc) + 促 (Xúc: thúc đẩy/hối thúc),[1],連: 催促に関する / 類: thúc giục,vocab
988,成立,せいりつ,seiritsu,Thành Lập,thành lập -  hình thành -  thành lập,Danh từ,成立について詳しく調査する。,Nghiên cứu kỹ lưỡng về thành lập.,成 (Thành: hoàn thành/trở thành) + 立 (Lập: đứng/thành lập),[1],連: 成立に関する / 類: thành lập,vocab
989,矛盾,むじゅん,mujun,Mâu Thuẫn,mâu thuẫn,Danh từ,矛盾について詳しく調査する。,Nghiên cứu kỹ lưỡng về mâu thuẫn.,矛 (Mâu: cây giáo/mâu thuẫn) + 盾 (Thuẫn: cái khiên/mâu thuẫn),[1],連: 矛盾に関する / 類: mâu thuẫn,vocab
990,存在,そんざい,sonzai,Tồn Tại,tồn tại -  sẵn có,Danh từ,存在について詳しく調査する。,Nghiên cứu kỹ lưỡng về tồn tại.,存 (Tồn: tồn tại/bảo tồn) + 在 (Tại: tồn tại/ở tại),[1],連: 存在に関する / 類: tồn tại,vocab
991,編む,あむ,amu,Biên,đan,Động từ nhóm 1,状況に合わせて適切に編む。,Đan một cách phù hợp theo tình huống.,編 (Biên: biên soạn/đan dệt),[0],連: 編むに関する / 類: đan,vocab
992,縫う,ぬう,nuu,Phùng,may -  khâu lại,Động từ nhóm 1,状況に合わせて適切に縫う。,May một cách phù hợp theo tình huống.,縫 (Phùng: khâu/may vá),[0],連: 縫うに関する / 類: may,vocab
993,指す,さす,sasu,Chỉ,biểu thị -  ám chỉ,Động từ nhóm 1,状況に合わせて適切に指す。,Biểu thị một cách phù hợp theo tình huống.,指 (Chỉ: ngón tay/chỉ ra),[0],連: 指すに関する / 類: biểu thị,vocab
994,示す,しめす,shimesu,Thị,chỉ -  bày tỏ -  biểu hiện,Động từ nhóm 1,状況に合わせて適切に示す。,Chỉ một cách phù hợp theo tình huống.,示 (Thị: biểu thị/cho thấy),[0],連: 示すに関する / 類: chỉ,vocab
995,注ぐ,そそぐ,sosogu,Chú,rót -  dồn -  tưới,Động từ nhóm 1,コップにお茶を注ぐ。,Rót trà vào cốc.,注 (Chú: chú ý/rót vào),[0],連: 注ぐに関する / 類: rót,vocab
996,すすぐ,すすぐ,susugu,-,rửa -  súc,Danh từ,すすぐについて詳しく調査する。,Nghiên cứu kỹ lưỡng về rửa.,-,[0],連: すすぐに関する / 類: rửa,vocab
997,触る,さわる,sawaru,Xúc,sở -  chạm,Động từ nhóm 1,状況に合わせて適切に触る。,Sở một cách phù hợp theo tình huống.,触 (Xúc: chạm vào/tiếp xúc),[0],連: 触るに関する / 類: sở,vocab
998,触れる,ふれる,fureru,Xúc,chạm -  đề cập -  tiếp xúc,Động từ nhóm 2,状況に合わせて適切に触れる。,Chạm một cách phù hợp theo tình huống.,触 (Xúc: chạm vào/tiếp xúc),[0],連: 触れるに関する / 類: chạm,vocab
999,抱く,いだく,idaku,Bão,ôm -  mang -  chứa đựng,Động từ nhóm 1,状況に合わせて適切に抱く。,Ôm một cách phù hợp theo tình huống.,抱 (Bão: ôm/mang hoài bão),[0],連: 抱くに関する / 類: ôm,vocab
1000,抱える,かかえる,kakaeru,Bão,Ôm -  mang -  cầm trong tay,Động từ nhóm 2,状況に合わせて適切に抱える。,Ôm một cách phù hợp theo tình huống.,抱 (Bão: ôm/mang hoài bão),[1],連: 抱えるに関する / 類: Ôm,vocab
1001,担ぐ,かつぐ,katsugu,Đam,mang -  vác -  lừa bịp -  mê tín,Động từ nhóm 1,状況に合わせて適切に担ぐ。,Mang một cách phù hợp theo tình huống.,担 (Đam: gánh vác/đảm đương),[0],連: 担ぐに関する / 類: mang,vocab
1002,剥がす,はがす,hagasu,Bác,bóc ra -  lột vỏ,Động từ nhóm 1,状況に合わせて適切に剥がす。,Bóc ra một cách phù hợp theo tình huống.,剥 (Bác: bóc/lột vỏ),[0],連: 剥がすに関する / 類: bóc ra,vocab
1003,描く,えがく,egaku,Miêu,vẽ -  phác họa,Động từ nhóm 1,状況に合わせて適切に描く。,Vẽ một cách phù hợp theo tình huống.,描 (Miêu: miêu tả/vẽ),[0],連: 描くに関する / 類: vẽ,vocab
1004,砕ける,くだける,kudakeru,Toái,bị vỡ -  trơn -  hỏng,Động từ nhóm 2,状況に合わせて適切に砕ける。,Bị vỡ một cách phù hợp theo tình huống.,砕 (Toái: đập nát/tan vỡ),[1],連: 砕けるに関する / 類: bị vỡ,vocab
1005,砕く,くだく,kudaku,Toái,nghiên -  đập nhỏ -  giải quyết vấn đề,Động từ nhóm 1,状況に合わせて適切に砕く。,Nghiên một cách phù hợp theo tình huống.,砕 (Toái: đập nát/tan vỡ),[0],連: 砕くに関する / 類: nghiên,vocab
1006,ふさがる,ふさがる,fusagaru,-,bị tắc -  nghẽn -  ngập tràn -  bịt kin,Động từ nhóm 1,状況に合わせて適切にふさがる。,Bị tắc một cách phù hợp theo tình huống.,-,[1],連: ふさがるに関する / 類: bị tắc,vocab
1007,ふさぐ,ふさぐ,fusagu,-,Bế tắc -  trầm cảm -  bịt,Danh từ,ふさぐについて詳しく調査する。,Nghiên cứu kỹ lưỡng về Bế tắc.,-,[0],連: ふさぐに関する / 類: Bế tắc,vocab
1008,避ける,さける,sakeru,Tị,Phòng -  tránh -  tránh né,Động từ nhóm 2,状況に合わせて適切に避ける。,Phòng một cách phù hợp theo tình huống.,避 (Tị: né tránh/tránh xa),[0],連: 避けるに関する / 類: Phòng,vocab
1009,よける,よける,yokeru,-,tránh -  để qua một bên -  né,Động từ nhóm 2,状況に合わせて適切によける。,Tránh một cách phù hợp theo tình huống.,-,[0],連: よけるに関する / 類: tránh,vocab
1010,それる,それる,soreru,-,trượt -  lệch -  lạc đề,Danh từ,それるについて詳しく調査する。,Nghiên cứu kỹ lưỡng về trượt.,-,[0],連: それるに関する / 類: trượt,vocab
1011,そらす,そらす,sorasu,-,trốn tránh -  lảng tránh,Động từ nhóm 1,状況に合わせて適切にそらす。,Trốn tránh một cách phù hợp theo tình huống.,-,[0],連: そらすに関する / 類: trốn tránh,vocab
1012,見つめる,みつめる,mitsumeru,Kiến,nhìn chằm chằm -  chăm chú,Động từ nhóm 2,状況に合わせて適切に見つめる。,Nhìn chằm chằm một cách phù hợp theo tình huống.,見 (Kiến: nhìn/quan sát/gặp),[1],連: 見つめるに関する / 類: nhìn chằm chằm,vocab
1013,眺める,ながめる,nagameru,Thiếu,nhìn -  ngắm,Động từ nhóm 2,状況に合わせて適切に眺める。,Nhìn một cách phù hợp theo tình huống.,眺 (Thiếu: ngắm nhìn/phóng tầm mắt),[1],連: 眺めるに関する / 類: nhìn,vocab
1014,見合わせる,みあわせる,miawaseru,Kiến Hợp,nhìn nhau -  bị hoãn -  hoãn lại,Động từ nhóm 2,状況に合わせて適切に見合わせる。,Nhìn nhau một cách phù hợp theo tình huống.,見 (Kiến: nhìn/quan sát/gặp) + 合 (Hợp: thích hợp/gặp gỡ),[1],連: 見合わせるに関する / 類: nhìn nhau,vocab
1015,見送る,みおくる,miokuru,Kiến Tống,Đưa tiễn -  hoàn -  bỏ lỡ,Động từ nhóm 1,状況に合わせて適切に見送る。,Đưa tiễn một cách phù hợp theo tình huống.,見 (Kiến: nhìn/quan sát/gặp) + 送 (Tống: gửi đi/tiễn đưa),[1],連: 見送るに関する / 類: Đưa tiễn,vocab
1016,訪れる,おとずれる,otozureru,Phóng,ghé thăm,Động từ nhóm 2,状況に合わせて適切に訪れる。,Ghé thăm một cách phù hợp theo tình huống.,訪 (Phóng: thăm hỏi/viếng thăm),[1],連: 訪れるに関する / 類: ghé thăm,vocab
1017,引き返す,ひきかえす,hikikaesu,Dẫn Phản,quay ngược lại,Động từ nhóm 1,状況に合わせて適切に引き返す。,Quay ngược lại một cách phù hợp theo tình huống.,引 (Dẫn: kéo/dẫn dắt) + 返 (Phản: trả lại/đáp lại),[1],連: 引き返すに関する / 類: quay ngược lại,vocab
1018,去る,さる,saru,Khứ,trước -  đã qua,Động từ nhóm 1,状況に合わせて適切に去る。,Trước một cách phù hợp theo tình huống.,去 (Khứ: qua đi/quá khứ),[0],連: 去るに関する / 類: trước,vocab
1019,すする,すする,susuru,-,húp -  hút -  khịt mũi,Động từ する,計画を慎重にすする。,Thực hiện húp kế hoạch một cách thận trọng.,-,[0],連: すするに関する / 類: húp,vocab
1020,味わう,あじわう,ajiwau,Vị,thưởng thức -  trải nghiệm -  nhấm nháp -  tận hưởng,Động từ nhóm 1,状況に合わせて適切に味わう。,Thưởng thức một cách phù hợp theo tình huống.,味 (Vị: mùi vị/hương vị),[1],連: 味わうに関する / 類: thưởng thức,vocab
1021,匂う,におう,niou,Mùi,có mùi -  đáng nghi,Động từ nhóm 1,状況に合わせて適切に匂う。,Có mùi một cách phù hợp theo tình huống.,匂 (Mùi: mùi hương/mùi vị),[0],連: 匂うに関する / 類: có mùi,vocab
1022,飢える,うえる,ueru,Cơ,đói -  thèm -  khao khát,Động từ nhóm 2,状況に合わせて適切に飢える。,Đói một cách phù hợp theo tình huống.,飢 (Cơ: đói khát/cơ hàn),[0],連: 飢えるに関する / 類: đói,vocab
1023,問う,とう,tou,Vấn,đòi hỏi -  yêu cầu,Động từ nhóm 1,状況に合わせて適切に問う。,Đòi hỏi một cách phù hợp theo tình huống.,問 (Vấn: hỏi/vấn đề),[0],連: 問うに関する / 類: đòi hỏi,vocab
1024,語る,かたる,kataru,Ngữ,kể lại -  thuật lại,Động từ nhóm 1,状況に合わせて適切に語る。,Kể lại một cách phù hợp theo tình huống.,語 (Ngữ: ngôn ngữ/kể chuyện),[0],連: 語るに関する / 類: kể lại,vocab
1025,誓う,ちかう,chikau,Thệ,thề -  hứa,Động từ nhóm 1,状況に合わせて適切に誓う。,Thề một cách phù hợp theo tình huống.,誓 (Thệ: thề nguyện/tuyên thệ),[0],連: 誓うに関する / 類: thề,vocab
1026,支える,ささえる,sasaeru,Chi,hỗ trợ -  giữ -  duy trì -  nâng đỡ,Động từ nhóm 2,状況に合わせて適切に支える。,Hỗ trợ một cách phù hợp theo tình huống.,支 (Chi: chống đỡ/chi trả),[1],連: 支えるに関する / 類: hỗ trợ,vocab
1027,費やす,ついやす,tsuiyasu,Phí,tiêu hao -  hao phí,Động từ nhóm 1,状況に合わせて適切に費やす。,Tiêu hao một cách phù hợp theo tình huống.,費 (Phí: chi phí/tiêu phí),[1],連: 費やすに関する / 類: tiêu hao,vocab
1028,用いる,もちいる,mochiiru,Dụng,sử dụng -  tiếp nhận -  bổ nhiệm,Động từ nhóm 2,状況に合わせて適切に用いる。,Sử dụng một cách phù hợp theo tình huống.,用 (Dụng: sử dụng/công dụng),[1],連: 用いるに関する / 類: sử dụng,vocab
1029,改まる,あらたまる,aratamaru,Cải,thay đổi -  khách sáo -  giữ ý,Động từ nhóm 1,状況に合わせて適切に改まる。,Thay đổi một cách phù hợp theo tình huống.,改 (Cải: cải thiện/sửa đổi),[1],連: 改まるに関する / 類: thay đổi,vocab
1030,改める,あらためる,aratameru,Cải,cải tiến -  thay đổi -  kiểm tra xác nhận -  cải thiện,Động từ nhóm 2,状況に合わせて適切に改める。,Cải tiến một cách phù hợp theo tình huống.,改 (Cải: cải thiện/sửa đổi),[1],連: 改めるに関する / 類: cải tiến,vocab
1031,収まる・納まる,おさまる,osamaru,Thu Nạp,thỏa lòng -  vừa vặn -  lắng xuống,Động từ nhóm 1,状況に合わせて適切に収まる・納まる。,Thỏa lòng một cách phù hợp theo tình huống.,収 (Thu: thu hoạch/thu nhận) + 納 (Nạp: nộp vào/thu nạp),[1],連: 収まる・納まるに関する / 類: thỏa lòng,vocab
1032,収める,おさめる,osameru,Thu,giải quyết -  đạt được -  cất giấu -  thu được -  nộp...,Động từ nhóm 2,状況に合わせて適切に収める。,Giải quyết một cách phù hợp theo tình huống.,収 (Thu: thu hoạch/thu nhận),[1],連: 収めるに関する / 類: giải quyết,vocab
1033,沿う・添う,そう,sou,Duyên Thiêm,dọc theo -  men theo,Động từ nhóm 1,状況に合わせて適切に沿う・添う。,Dọc theo một cách phù hợp theo tình huống.,沿 (Duyên: dọc theo/men theo) + 添 (Thiêm: thêm vào/đính kèm),[0],連: 沿う・添うに関する / 類: dọc theo,vocab
1034,添える,そえる,soeru,Thiêm,gắn với,Động từ nhóm 2,状況に合わせて適切に添える。,Gắn với một cách phù hợp theo tình huống.,添 (Thiêm: thêm vào/đính kèm),[0],連: 添えるに関する / 類: gắn với,vocab
1035,兼ねる,かねる,kaneru,Kiêm,kết hợp,Động từ nhóm 2,状況に合わせて適切に兼ねる。,Kết hợp một cách phù hợp theo tình huống.,兼 (Kiêm: kiêm nhiệm/kết hợp),[0],連: 兼ねるに関する / 類: kết hợp,vocab
1036,適する,てきする,tekisuru,Thích,hợp -  xứng đáng,Động từ する,計画を慎重に適する。,Thực hiện hợp kế hoạch một cách thận trọng.,適 (Thích: thích hợp/phù hợp),[1],連: 適するに関する / 類: hợp,vocab
1037,相当する,そうとうする,soutousuru,Tương Đương,tương ứng -  tương đương,Động từ する,計画を慎重に相当する。,Thực hiện tương ứng kế hoạch một cách thận trọng.,相 (Tương: tương hỗ/bộ mặt) + 当 (Đương: chính xác/đảm đương),[1],連: 相当するに関する / 類: tương ứng,vocab
1038,伴う,ともなう,tomonau,Bạn,kéo theo -  dìu dắt -  phát sinh,Động từ nhóm 1,状況に合わせて適切に伴う。,Kéo theo một cách phù hợp theo tình huống.,伴 (Bạn: đi cùng/kèm theo),[1],連: 伴うに関する / 類: kéo theo,vocab
1039,響く,ひびく,hibiku,Hưởng,vang vọng -  chấn động -  dội lại -  ảnh hưởng đến,Động từ nhóm 1,状況に合わせて適切に響く。,Vang vọng một cách phù hợp theo tình huống.,響 (Hưởng: tiếng vang/ảnh hưởng),[0],連: 響くに関する / 類: vang vọng,vocab
1040,次ぐ,つぐ,tsugu,Thứ,tiếp theo -  nối tiếp,Động từ nhóm 1,状況に合わせて適切に次ぐ。,Tiếp theo một cách phù hợp theo tình huống.,次 (Thứ: tiếp theo/kế tiếp),[0],連: 次ぐに関する / 類: tiếp theo,vocab
1041,略す,りゃくす,ryakusu,Lược,lượt bớt -  viết tắt -  tóm gọn,Động từ nhóm 1,状況に合わせて適切に略す。,Lượt bớt một cách phù hợp theo tình huống.,略 (Lược: tóm lược/lược bỏ),[1],連: 略すに関する / 類: lượt bớt,vocab
1042,迫る,せまる,semaru,Bách,tiến sát -  sức ép -  đến với,Động từ nhóm 1,状況に合わせて適切に迫る。,Tiến sát một cách phù hợp theo tình huống.,迫 (Bách: áp bức/tiến gần/bách bách),[0],連: 迫るに関する / 類: tiến sát,vocab
1043,狙う,ねらう,nerau,Thư,nhắm đến -  thả thính -  rình rập -  để ý đến,Động từ nhóm 1,状況に合わせて適切に狙う。,Nhắm đến một cách phù hợp theo tình huống.,狙 (Thư: nhắm vào/rình rập),[0],連: 狙うに関する / 類: nhắm đến,vocab
1044,犯す,おかす,okasu,Phạm,phạm -  phạm phải,Động từ nhóm 1,状況に合わせて適切に犯す。,Phạm một cách phù hợp theo tình huống.,犯 (Phạm: tội phạm/xâm phạm),[0],連: 犯すに関する / 類: phạm,vocab
1045,侵す,おかす,okasu,Xâm,xâm phạm -  bị bệnh nặng,Động từ nhóm 1,状況に合わせて適切に侵す。,Xâm phạm một cách phù hợp theo tình huống.,侵 (Xâm: xâm phạm/xâm chiếm),[0],連: 侵すに関する / 類: xâm phạm,vocab
1046,冒す,おかす,okasu,Mạo,can đảm -  đương đầu,Động từ nhóm 1,状況に合わせて適切に冒す。,Can đảm một cách phù hợp theo tình huống.,冒 (Mạo: mạo hiểm/liều lĩnh),[0],連: 冒すに関する / 類: can đảm,vocab
1047,脅す,おどす,odosu,Hiếp,bắt nạt -  đe dọa,Động từ nhóm 1,状況に合わせて適切に脅す。,Bắt nạt một cách phù hợp theo tình huống.,脅 (Hiếp: đe dọa/uy hiếp),[0],連: 脅すに関する / 類: bắt nạt,vocab
1048,脅かす,おびやかす,obiyakasu,Hiếp,hù dọa,Động từ nhóm 1,状況に合わせて適切に脅かす。,Hù dọa một cách phù hợp theo tình huống.,脅 (Hiếp: đe dọa/uy hiếp),[1],連: 脅かすに関する / 類: hù dọa,vocab
1049,逆らう,さからう,sakarau,Nghịch,ngược ý -  ngược dòng,Động từ nhóm 1,状況に合わせて適切に逆らう。,Ngược ý một cách phù hợp theo tình huống.,逆 (Nghịch: ngược lại/nghịch cảnh),[1],連: 逆らうに関する / 類: ngược ý,vocab
1050,妨げる,さまたげる,samatageru,Phương,ngăn chặn -  gây trở ngại -  cản trở,Động từ nhóm 1,状況に合わせて適切に妨げる。,Ngăn chặn một cách phù hợp theo tình huống.,妨 (Phương: cản trở/phương hại),[1],連: 妨げるに関する / 類: ngăn chặn,vocab
1051,打ち消す,うちけす,uchikesu,Đả Tiêu,phủ nhận -  bác bỏ,Động từ nhóm 1,状況に合わせて適切に打ち消す。,Phủ nhận một cách phù hợp theo tình huống.,打 (Đả: đánh/đập) + 消 (Tiêu: tiêu biến/tắt/xóa),[1],連: 打ち消すに関する / 類: phủ nhận,vocab
1052,応じる,おうじる,oujiru,Ứng,chấp nhận -  đáp ứng,Động từ nhóm 1,状況に合わせて適切に応じる。,Chấp nhận một cách phù hợp theo tình huống.,応 (Ứng: đáp ứng/phản ứng),[1],連: 応じるに関する / 類: chấp nhận,vocab
1053,承る,うけたまわる,uketamawaru,Thừa,nhận -  nghe (Khiêm nhường ngữ của 聞く),Động từ nhóm 1,状況に合わせて適切に承る。,Nhận một cách phù hợp theo tình huống.,承 (Thừa: tiếp nhận/thấu hiểu),[1],連: 承るに関する / 類: nhận,vocab
1054,頂戴する,ちょうだいする,choudaisuru,Đỉnh Đái,Làm...cho tôi,Động từ する,計画を慎重に頂戴する。,Thực hiện Làm...cho tôi kế hoạch một cách thận trọng.,頂 (Đỉnh: đỉnh cao/nhận lấy) + 戴 (Đái: đội lên đầu/nhận lấy),[1],連: 頂戴するに関する / 類: Làm...cho tôi,vocab
1055,学ぶ,まなぶ,manabu,Học,học hỏi,Động từ nhóm 1,状況に合わせて適切に学ぶ。,Học hỏi một cách phù hợp theo tình huống.,学 (Học: học tập/khoa học),[0],連: 学ぶに関する / 類: học hỏi,vocab
1056,練る,ねる,neru,Luyện,nhào trộn -  gọt giũa -  trau chuốt,Động từ nhóm 2,状況に合わせて適切に練る。,Nhào trộn một cách phù hợp theo tình huống.,練 (Luyện: rèn luyện/luyện tập),[0],連: 練るに関する / 類: nhào trộn,vocab
1057,負う,おう,ou,Phụ,mang -  vác,Động từ nhóm 1,状況に合わせて適切に負う。,Mang một cách phù hợp theo tình huống.,負 (Phụ: thua cuộc/gánh chịu),[0],連: 負うに関する / 類: mang,vocab
1058,果たす,はたす,hatasu,Quả,hoàn thành,Động từ nhóm 1,状況に合わせて適切に果たす。,Hoàn thành một cách phù hợp theo tình huống.,果 (Quả: kết quả/hoa quả),[0],連: 果たすに関する / 類: hoàn thành,vocab
1059,引き受ける,ひきうける,hikiukeru,Dẫn Thụ,nhận -  đảm nhiệm,Động từ nhóm 2,状況に合わせて適切に引き受ける。,Nhận một cách phù hợp theo tình huống.,引 (Dẫn: kéo/dẫn dắt) + 受 (Thụ: nhận/tiếp nhận),[1],連: 引き受けるに関する / 類: nhận,vocab
1060,増す,ます,masu,Tăng,tăng lên,Động từ nhóm 1,状況に合わせて適切に増す。,Tăng lên một cách phù hợp theo tình huống.,増 (Tăng: tăng thêm/gia tăng),[0],連: 増すに関する / 類: tăng lên,vocab
1061,欠ける,かける,kakeru,Khiếm,bỏ lỡ -  thiếu sót,Động từ nhóm 2,状況に合わせて適切に欠ける。,Bỏ lỡ một cách phù hợp theo tình huống.,欠 (Khiếm: thiếu sót/khiếm khuyết),[0],連: 欠けるに関する / 類: bỏ lỡ,vocab
1062,欠かす,かかす,kakasu,Khiếm,thiếu -  bỏ qua,Động từ nhóm 1,状況に合わせて適切に欠かす。,Thiếu một cách phù hợp theo tình huống.,欠 (Khiếm: thiếu sót/khiếm khuyết),[0],連: 欠かすに関する / 類: thiếu,vocab
1063,澄む,すむ,sumu,Trừng,trong sạch -  sáng -  trong trẻo,Động từ nhóm 1,状況に合わせて適切に澄む。,Trong sạch một cách phù hợp theo tình huống.,澄 (Trừng: trong trẻo/thanh khiết),[0],連: 澄むに関する / 類: trong sạch,vocab
1064,濁る,にごる,nigoru,Trọc,dính bùn -  đục,Động từ nhóm 1,状況に合わせて適切に濁る。,Dính bùn một cách phù hợp theo tình huống.,濁 (Trọc: đục ngầu/vẩn đục),[0],連: 濁るに関する / 類: dính bùn,vocab
1065,濁す,にごす,nigosu,Trọc,ngập ngừng -  làm đục -  mơ hổ,Động từ nhóm 1,状況に合わせて適切に濁す。,Ngập ngừng một cách phù hợp theo tình huống.,濁 (Trọc: đục ngầu/vẩn đục),[0],連: 濁すに関する / 類: ngập ngừng,vocab
1066,生じる,しょうじる,shoujiru,Sinh,phát sinh -  nguyên nhân,Động từ nhóm 1,状況に合わせて適切に生じる。,Phát sinh một cách phù hợp theo tình huống.,生 (Sinh: sinh sống/sinh đẻ/sống),[1],連: 生じるに関する / 類: phát sinh,vocab
1067,及ぶ,およぶ,oyobu,Cập,đạt đến -  lan ra -  đuổi kịp,Động từ nhóm 1,状況に合わせて適切に及ぶ。,Đạt đến một cách phù hợp theo tình huống.,及 (Cập: lan tới/đạt tới),[0],連: 及ぶに関する / 類: đạt đến,vocab
1068,及ぼす,およぼす,oyobosu,Cập,gây ra ( ảnh hưởng -  hại ),Động từ nhóm 1,状況に合わせて適切に及ぼす。,Gây ra ( ảnh hưởng một cách phù hợp theo tình huống.,及 (Cập: lan tới/đạt tới),[1],連: 及ぼすに関する / 類: gây ra ( ảnh hưởng,vocab
1069,至る,いたる,itaru,Chí,dẫn đến -  đi đến -  đạt tới,Động từ nhóm 1,状況に合わせて適切に至る。,Dẫn đến một cách phù hợp theo tình huống.,至 (Chí: đến nơi/tột cùng),[0],連: 至るに関する / 類: dẫn đến,vocab
1070,達する,たっする,tassuru,Đạt,đến -  chạm tới,Động từ する,計画を慎重に達する。,Thực hiện đến kế hoạch một cách thận trọng.,達 (Đạt: đạt được/thông đạt/nhóm người),[1],連: 達するに関する / 類: đến,vocab
1071,実る,みのる,minoru,Thực,đạt kết quả -  chín -  ra quả,Động từ nhóm 1,状況に合わせて適切に実る。,Đạt kết quả một cách phù hợp theo tình huống.,実 (Thực: sự thật/thực tế/quả),[0],連: 実るに関する / 類: đạt kết quả,vocab
1072,暮れる,くれる,kureru,Mộ,tối -  hết -  lặn ( mặt trời ),Động từ nhóm 2,状況に合わせて適切に暮れる。,Tối một cách phù hợp theo tình huống.,暮 (Mộ: chiều tối/sinh sống),[0],連: 暮れるに関する / 類: tối,vocab
1073,劣る,おとる,otoru,Liệt,kém hơn,Động từ nhóm 1,状況に合わせて適切に劣る。,Kém hơn một cách phù hợp theo tình huống.,劣 (Liệt: kém cỏi/yếu kém),[0],連: 劣るに関する / 類: kém hơn,vocab
1074,異なる,ことなる,kotonaru,Dị,khác,Động từ nhóm 1,状況に合わせて適切に異なる。,Khác một cách phù hợp theo tình huống.,異 (Dị: khác thường/dị biệt),[1],連: 異なるに関する / 類: khác,vocab
1075,乱れる,みだれる,midareru,Loạn,hỗn hoạn -  bị nhầm lẫn,Động từ nhóm 2,状況に合わせて適切に乱れる。,Hỗn hoạn một cách phù hợp theo tình huống.,乱 (Loạn: rối loạn/hỗn loạn),[1],連: 乱れるに関する / 類: hỗn hoạn,vocab
1076,乱す,みだす,midasu,Loạn,lộn xộn -  làm đảo lộn -  làm hỏng -  chen ngang,Động từ nhóm 1,状況に合わせて適切に乱す。,Lộn xộn một cách phù hợp theo tình huống.,乱 (Loạn: rối loạn/hỗn loạn),[0],連: 乱すに関する / 類: lộn xộn,vocab
1077,緩む,ゆるす,yurusu,Hoãn,nới lỏng -  được thư giãn -  thả lỏng,Động từ nhóm 1,状況に合わせて適切に緩む。,Nới lỏng một cách phù hợp theo tình huống.,緩 (Hoãn: nới lỏng/chậm trễ),[0],連: 緩むに関する / 類: nới lỏng,vocab
1078,緩める,ゆるめる,yurumeru,Hoãn,lỏng -  thư giãn -  hạ xuống,Động từ nhóm 2,状況に合わせて適切に緩める。,Lỏng một cách phù hợp theo tình huống.,緩 (Hoãn: nới lỏng/chậm trễ),[1],連: 緩めるに関する / 類: lỏng,vocab
1079,さびる,さびる,sabiru,-,bị rỉ sét -  héo mòn,Danh từ,さびるについて詳しく調査する。,Nghiên cứu kỹ lưỡng về bị rỉ sét.,-,[0],連: さびるに関する / 類: bị rỉ sét,vocab
1080,接する,せっする,sessuru,Tiếp,gắn với -  tiếp xúc -  trực tiếp,Động từ する,計画を慎重に接する。,Thực hiện gắn với kế hoạch một cách thận trọng.,接 (Tiếp: tiếp xúc/kết nối),[1],連: 接するに関する / 類: gắn với,vocab
1081,属する,ぞくする,zokusuru,Thuộc,thuộc về,Động từ する,計画を慎重に属する。,Thực hiện thuộc về kế hoạch một cách thận trọng.,属 (Thuộc: thuộc về/phụ thuộc),[1],連: 属するに関する / 類: thuộc về,vocab
1082,占める,しめる,shimeru,Chiếm,chiếm -  giữ (vị trí) -  đứng đầu,Động từ nhóm 2,状況に合わせて適切に占める。,Chiếm một cách phù hợp theo tình huống.,占 (Chiếm: chiếm cứ/bói toán),[0],連: 占めるに関する / 類: chiếm,vocab
1083,くたびれる,くたびれる,kutabireru,-,bị mệt -  sờn -  hỏng( quần áo),Động từ nhóm 2,状況に合わせて適切にくたびれる。,Bị mệt một cách phù hợp theo tình huống.,-,[1],連: くたびれるに関する / 類: bị mệt,vocab
1084,恵まれる,めぐまれる,megumareru,Huệ,được ban cho -  may mắn có được,Động từ nhóm 2,状況に合わせて適切に恵まれる。,Được ban cho một cách phù hợp theo tình huống.,恵 (Huệ: ân huệ/ban cho),[1],連: 恵まれるに関する / 類: được ban cho,vocab
1085,湧く,わく,waku,Dũng,trỗi dậy -  trào ra -  phát sinh,Động từ nhóm 1,状況に合わせて適切に湧く。,Trỗi dậy một cách phù hợp theo tình huống.,湧 (Dũng: phun ra/trào dâng),[0],連: 湧くに関する / 類: trỗi dậy,vocab
1086,ほほえむ,ほほえむ,hohoemu,-,cười,Động từ nhóm 1,状況に合わせて適切にほほえむ。,Cười một cách phù hợp theo tình huống.,-,[1],連: ほほえむに関する / 類: cười,vocab
1087,ふざける,ふざける,fuzakeru,-,quậy phá -  đùa cợt,Danh từ,ふざけるについて詳しく調査する。,Nghiên cứu kỹ lưỡng về quậy phá.,-,[1],連: ふざけるに関する / 類: quậy phá,vocab
1088,悔やむ,くやむ,kuyamu,Hối,hối tiếc -  ăn năn -  buồn bã -  ân hận,Động từ nhóm 1,状況に合わせて適切に悔やむ。,Hối tiếc một cách phù hợp theo tình huống.,悔 (Hối: hối hận/tiếc nuối),[0],連: 悔やむに関する / 類: hối tiếc,vocab
1089,ためらう,ためらう,tamerau,-,chần chừ -  lưỡng lự,Danh từ,ためらうについて詳しく調査する。,Nghiên cứu kỹ lưỡng về chần chừ.,-,[1],連: ためらうに関する / 類: chần chừ,vocab
1090,敬う,うやまう,uyamau,Kính,tôn trọng -  kính trọng,Động từ nhóm 1,状況に合わせて適切に敬う。,Tôn trọng một cách phù hợp theo tình huống.,敬 (Kính: kính trọng/tôn kính),[1],連: 敬うに関する / 類: tôn trọng,vocab
1091,さっぱり,さっぱり,sappari,-,sảng khoái -  thẳng tính,Phó từ,さっぱり物事が進んでいる。,Mọi việc đang tiến triển (sảng khoái).,-,[1],連: さっぱりに関する / 類: sảng khoái,vocab
1092,すっきり,すっきり,sukkiri,-,gọn gàng -  trong sáng -  dễ chịu,Danh từ,すっきりについて詳しく調査する。,Nghiên cứu kỹ lưỡng về gọn gàng.,-,[1],連: すっきりに関する / 類: gọn gàng,vocab
1093,実に,じつに,jitsuni,Thực,thực sự là -  thực tế -  thực ra,Danh từ,実にについて詳しく調査する。,Nghiên cứu kỹ lưỡng về thực sự là.,実 (Thực: sự thật/thực tế/quả),[0],連: 実にに関する / 類: thực sự là,vocab
1094,思い切り,おもいきり,omoikiri,Tư Thiết,thỏa thích -  hết cỡ,Danh từ,思い切りについて詳しく調査する。,Nghiên cứu kỹ lưỡng về thỏa thích.,思 (Tư: suy nghĩ/tư tưởng) + 切 (Thiết: cắt/sát sườn),[1],連: 思い切りに関する / 類: thỏa thích,vocab
1095,何となく,なんとなく,nantonaku,Hà,Không hiểu sao -  đôi chút -  phần nào,Động từ nhóm 1,状況に合わせて適切に何となく。,Không hiểu sao một cách phù hợp theo tình huống.,何 (Hà: cái gì),[1],連: 何となくに関する / 類: Không hiểu sao,vocab
1096,何だか,なんだか,nandaka,Hà,sao mà -  không hiểu sao -  có cái gì đó,Danh từ,何だかについて詳しく調査する。,Nghiên cứu kỹ lưỡng về sao mà.,何 (Hà: cái gì),[1],連: 何だかに関する / 類: sao mà,vocab
1097,どうにか,どうにか,dounika,-,bằng mọi giá -  dù thế nào,Danh từ,どうにかについて詳しく調査する。,Nghiên cứu kỹ lưỡng về bằng mọi giá.,-,[1],連: どうにかに関する / 類: bằng mọi giá,vocab
1098,どうにも,どうにも,dounimo,-,chẳng thể làm gì,Danh từ,どうにもについて詳しく調査する。,Nghiên cứu kỹ lưỡng về chẳng thể làm gì.,-,[1],連: どうにもに関する / 類: chẳng thể làm gì,vocab
1099,何とか,なんとか,nantoka,Hà,điều gì đó -  thứ gì đó,Danh từ,何とかについて詳しく調査する。,Nghiên cứu kỹ lưỡng về điều gì đó.,何 (Hà: cái gì),[1],連: 何とかに関する / 類: điều gì đó,vocab
1100,何とも,なんとも,nantomo,Hà,Không... 1 chút nào -  có trường hợp,Danh từ,何ともについて詳しく調査する。,Nghiên cứu kỹ lưỡng về Không... 1 chút nào.,何 (Hà: cái gì),[1],連: 何ともに関する / 類: Không... 1 chút nào,vocab
1101,わざと,わざと,wazato,-,cố ý -  cố tình,Danh từ,わざとについて詳しく調査する。,Nghiên cứu kỹ lưỡng về cố ý.,-,[0],連: わざとに関する / 類: cố ý,vocab
1102,わざわざ,わざわざ,wazawaza,-,Mất công... ( nhưng không được gì ),Phó từ,わざわざ物事が進んでいる。,Mọi việc đang tiến triển (Mất công... ( nhưng không được gì )).,-,[1],連: わざわざに関する / 類: Mất công... ( nhưng không được gì ),vocab
1103,せっかく,せっかく,sekkaku,-,Mất công... ( nhưng có kết quả ) -  hiếm lắm mới -  nỗ lực phấn đấu,Danh từ,せっかくについて詳しく調査する。,Nghiên cứu kỹ lưỡng về Mất công... ( nhưng có kết quả ).,-,[1],連: せっかくに関する / 類: Mất công... ( nhưng có kết quả ),vocab
1104,あいにく,あいにく,ainiku,-,đáng tiếc -  không may,Danh từ,あいにくについて詳しく調査する。,Nghiên cứu kỹ lưỡng về đáng tiếc.,-,[1],連: あいにくに関する / 類: đáng tiếc,vocab
1105,案の定,あんのじょう,annojou,Án Định,như mong đợi,Động từ nhóm 1,状況に合わせて適切に案の定。,Như mong đợi một cách phù hợp theo tình huống.,案 (Án: đề案/kế hoạch) + 定 (Định: cố định/quy định),[1],連: 案の定に関する / 類: như mong đợi,vocab
1106,いよいよ,いよいよ,iyoiyo,-,cuối cùng -  đã đến lúc -  càng ngày càng,Phó từ,いよいよ物事が進んでいる。,Mọi việc đang tiến triển (cuối cùng).,-,[1],連: いよいよに関する / 類: cuối cùng,vocab
1107,さすが,さすが,sasuga,-,quả là -  như dự đoán -  thật đúng là,Danh từ,さすがについて詳しく調査する。,Nghiên cứu kỹ lưỡng về quả là.,-,[0],連: さすがに関する / 類: quả là,vocab
1108,とにかく,とにかく,tonikaku,-,dù sao thì -  nói chung là,Động từ nhóm 1,状況に合わせて適切にとにかく。,Dù sao thì một cách phù hợp theo tình huống.,-,[1],連: とにかくに関する / 類: dù sao thì,vocab
1109,ともかく,ともかく,tomokaku,-,dù sao -  đặt (cái gì) sang một bên,Động từ nhóm 1,状況に合わせて適切にともかく。,Dù sao một cách phù hợp theo tình huống.,-,[1],連: ともかくに関する / 類: dù sao,vocab
1110,せめて,せめて,semete,-,ít nhất là,Phó từ,せめて物事が進んでいる。,Mọi việc đang tiến triển (ít nhất là).,-,[0],連: せめてに関する / 類: ít nhất là,vocab
1111,せいぜい,せいぜい,seizei,-,Tối đa -  không hơn được nữa -  căng lắm là,Tính từ -i,この問題は非常にせいぜい。,Vấn đề này rất Tối đa.,-,[1],連: せいぜいに関する / 類: Tối đa,vocab
1112,どうせ,どうせ,douse,-,dù cho -  đằng nào thì,Phó từ,どうせ物事が進んでいる。,Mọi việc đang tiến triển (dù cho).,-,[0],連: どうせに関する / 類: dù cho,vocab
1113,ぎっしり,ぎっしり,gisshiri,-,lèn chặt -  chặt kín -  sin sit,Phó từ,ぎっしり物事が進んでいる。,Mọi việc đang tiến triển (lèn chặt).,-,[1],連: ぎっしりに関する / 類: lèn chặt,vocab
1114,ずらりと,ずらりと,zurarito,-,hàng loạt,Danh từ,ずらりとについて詳しく調査する。,Nghiên cứu kỹ lưỡng về hàng loạt.,-,[1],連: ずらりとに関する / 類: hàng loạt,vocab
1115,あっさり,あっさり,assari,-,Thanh đạm -  dễ dàng -  nhanh chóng,Phó từ,あっさり物事が進んでいる。,Mọi việc đang tiến triển (Thanh đạm).,-,[1],連: あっさりに関する / 類: Thanh đạm,vocab
1116,しんと・しいんと,しんと・しいんと,shinto・shiinto,-,yên lặng -  lặng lẽ,Danh từ,しんと・しいんとについて詳しく調査する。,Nghiên cứu kỹ lưỡng về yên lặng.,-,[1],連: しんと・しいんとに関する / 類: yên lặng,vocab
1117,ちゃんと,ちゃんと,chanto,-,nghiêm túc -  cẩn thận -  chắc chắn -  nhanh chóng,Danh từ,ちゃんとについて詳しく調査する。,Nghiên cứu kỹ lưỡng về nghiêm túc.,-,[1],連: ちゃんとに関する / 類: nghiêm túc,vocab
1118,続々,ぞくぞく,zokuzoku,Tục,liên tục -  nối đuôi nhau,Danh từ,続々について詳しく調査する。,Nghiên cứu kỹ lưỡng về liên tục.,続 (Tục: tiếp tục/liên tục),[1],連: 続々に関する / 類: liên tục,vocab
1119,どっと,どっと,dotto,-,bất thình lình -  bất chợt,Danh từ,どっとについて詳しく調査する。,Nghiên cứu kỹ lưỡng về bất thình lình.,-,[0],連: どっとに関する / 類: bất thình lình,vocab
1120,ばったり,ばったり,battari,-,đột nhiên -  bất ngờ -  tình cờ,Phó từ,ばったり物事が進んでいる。,Mọi việc đang tiến triển (đột nhiên).,-,[1],連: ばったりに関する / 類: đột nhiên,vocab
1121,さっさと,さっさと,sassato,-,nhanh chóng -  gấp rút,Danh từ,さっさとについて詳しく調査する。,Nghiên cứu kỹ lưỡng về nhanh chóng.,-,[1],連: さっさとに関する / 類: nhanh chóng,vocab
1122,さっと,さっと,satto,-,thoắt 1 cái -  trong tích tắc,Danh từ,さっとについて詳しく調査する。,Nghiên cứu kỹ lưỡng về thoắt 1 cái.,-,[0],連: さっとに関する / 類: thoắt 1 cái,vocab
1123,すっと,すっと,sutto,-,Nhanh như chớp -  thoải mái -  nhẹ nhàng,Danh từ,すっとについて詳しく調査する。,Nghiên cứu kỹ lưỡng về Nhanh như chớp.,-,[0],連: すっとに関する / 類: Nhanh như chớp,vocab
1124,せっせと,せっせと,sesseto,-,siêng năng -  cần cù,Danh từ,せっせとについて詳しく調査する。,Nghiên cứu kỹ lưỡng về siêng năng.,-,[1],連: せっせとに関する / 類: siêng năng,vocab
1125,ざっと,ざっと,zatto,-,Qua loa -  đại khái -  lướt qua,Danh từ,ざっとについて詳しく調査する。,Nghiên cứu kỹ lưỡng về Qua loa.,-,[0],連: ざっとに関する / 類: Qua loa,vocab
1126,こっそり,こっそり,kossori,-,Vụng trộm -  lén lút -  nhẹ nhàng -  rón rén,Danh từ,こっそりについて詳しく調査する。,Nghiên cứu kỹ lưỡng về Vụng trộm.,-,[1],連: こっそりに関する / 類: Vụng trộm,vocab
1127,生き生き,いきいき,ikiiki,Sinh Sinh,sinh động -  phấn khích -  hoạt bát -  tràn trề,Danh từ,生き生きについて詳しく調査する。,Nghiên cứu kỹ lưỡng về sinh động.,生 (Sinh: sinh sống/sinh đẻ/sống) + 生 (Sinh: sinh sống/sinh đẻ/sống),[1],連: 生き生きに関する / 類: sinh động,vocab
1128,ぼんやり,ぼんやり,bonyari,-,mờ ảo -  không rõ -  mông lung,Danh từ,ぼんやりについて詳しく調査する。,Nghiên cứu kỹ lưỡng về mờ ảo.,-,[1],連: ぼんやりに関する / 類: mờ ảo,vocab
1129,ふと,ふと,futo,-,đột nhiên -  bất chợt,Danh từ,ふとについて詳しく調査する。,Nghiên cứu kỹ lưỡng về đột nhiên.,-,[0],連: ふとに関する / 類: đột nhiên,vocab
1130,じかに,じかに,jikani,-,trực tiếp,Danh từ,じかにについて詳しく調査する。,Nghiên cứu kỹ lưỡng về trực tiếp.,-,[0],連: じかにに関する / 類: trực tiếp,vocab
1131,一度に,いちどに,ichidoni,Nhất Độ,1 lúc -  1 lần,Danh từ,一度にについて詳しく調査する。,Nghiên cứu kỹ lưỡng về 1 lúc.,一 (Nhất: một/nhất thể) + 度 (Độ: mức độ/lần),[1],連: 一度にに関する / 類: 1 lúc,vocab
1132,一斉に,いっせいに,isseini,Nhất Tề,cùng lúc -  đồng loạt -  đồng thanh,Danh từ,一斉にについて詳しく調査する。,Nghiên cứu kỹ lưỡng về cùng lúc.,一 (Nhất: một/nhất thể) + 斉 (Tề: đồng đều/chỉnh tề),[1],連: 一斉にに関する / 類: cùng lúc,vocab
1133,共に,ともに,tomoni,Cộng,cùng với,Danh từ,共にについて詳しく調査する。,Nghiên cứu kỹ lưỡng về cùng với.,共 (Cộng: cùng nhau/chung),[0],連: 共にに関する / 類: cùng với,vocab
1134,相互に,そうごに,sougoni,Tương Hỗ,lẫn nhau -  cùng nhau,Danh từ,相互にについて詳しく調査する。,Nghiên cứu kỹ lưỡng về lẫn nhau.,相 (Tương: tương hỗ/bộ mặt) + 互 (Hỗ: lẫn nhau/tương hỗ),[1],連: 相互にに関する / 類: lẫn nhau,vocab
1135,一人一人,ひとりひとり,hitorihitori,Nhất Nhân Nhất Nhân,từng người một -  lần lượt -  mỗi người,Danh từ,一人一人について詳しく調査する。,Nghiên cứu kỹ lưỡng về từng người một.,一 (Nhất: một/nhất thể) + 人 (Nhân: người/nhân loại) + 一 (Nhất: một/nhất thể) + 人 (Nhân: người/nhân loại),[1],連: 一人一人に関する / 類: từng người một,vocab
1136,いちいち,いちいち,ichiichi,-,chi li -  xét nét -  hở 1 chút là...,Danh từ,いちいちについて詳しく調査する。,Nghiên cứu kỹ lưỡng về chi li.,-,[1],連: いちいちに関する / 類: chi li,vocab
1137,所々,ところどころ,tokorodokoro,Sở,đây đó -  đôi chỗ,Danh từ,所々について詳しく調査する。,Nghiên cứu kỹ lưỡng về đây đó.,所 (Sở: nơi chốn/điểm),[1],連: 所々に関する / 類: đây đó,vocab
1138,どうか,どうか,douka,-,làm ơn,Danh từ,どうかについて詳しく調査する。,Nghiên cứu kỹ lưỡng về làm ơn.,-,[0],連: どうかに関する / 類: làm ơn,vocab
1139,できれば・できたら,できれば・できたら,dekireba・dekitara,-,nếu có thể,Liên từ,努力を重ねた、できれば・できたら成功を収めた。,"Đã nỗ lực không ngừng, nếu có thể đã gặt hái thành công.",-,[1],連: できれば・できたらに関する / 類: nếu có thể,vocab
1140,たいして,たいして,taishite,-,Không...nhiều; không... lắm -  so với,Danh từ,たいしてについて詳しく調査する。,Nghiên cứu kỹ lưỡng về Không...nhiều.,-,[1],連: たいしてに関する / 類: Không...nhiều; không... lắm,vocab
1141,恐らく,おそらく,osoraku,Khủng,có lẽ -  e rằng -  sợ là,Động từ nhóm 1,状況に合わせて適切に恐らく。,Có lẽ một cách phù hợp theo tình huống.,恐 (Khủng: lo sợ/khủng khiếp),[1],連: 恐らくに関する / 類: có lẽ,vocab
1142,むしろ,むしろ,mushiro,-,hơn -  tốt,Phó từ,むしろ物事が進んでいる。,Mọi việc đang tiến triển (hơn).,-,[0],連: むしろに関する / 類: hơn,vocab
1143,果たして,はたして,hatashite,Quả,như dự đoán -  thật sự là,Phó từ,果たして物事が進んでいる。,Mọi việc đang tiến triển (như dự đoán).,果 (Quả: kết quả/hoa quả),[1],連: 果たしてに関する / 類: như dự đoán,vocab
1144,かえって,かえって,kaette,-,ngược lại -  ai ngờ là,Phó từ,かえって物事が進んでいる。,Mọi việc đang tiến triển (ngược lại).,-,[1],連: かえってに関する / 類: ngược lại,vocab
1145,必ずしも,かならずしも,kanarazushimo,Tất,không hẳn -  chưa chắc,Phó từ,必ずしも物事が進んでいる。,Mọi việc đang tiến triển (không hẳn).,必 (Tất: nhất định/cần thiết),[1],連: 必ずしもに関する / 類: không hẳn,vocab
1146,単に,たんに,tanni,Đơn,chỉ -  đơn giản,Tính từ -na,単にな態度で対応する。,Ứng phó bằng một thái độ chỉ.,単 (Đơn: đơn giản/đơn độc),[0],連: 単にに関する / 類: chỉ,vocab
1147,いまだに,いまだに,imadani,-,vẫn chưa -  vẫn còn,Phó từ,いまだに物事が進んでいる。,Mọi việc đang tiến triển (vẫn chưa).,-,[1],連: いまだにに関する / 類: vẫn chưa,vocab
1148,ついでに,ついでに,tsuideni,-,nhân tiện -  tiện thể,Phó từ,ついでに物事が進んでいる。,Mọi việc đang tiến triển (nhân tiện).,-,[1],連: ついでにに関する / 類: nhân tiện,vocab
1149,とりあえず,とりあえず,toriaezu,-,tạm thời -  trước mắt,Phó từ,とりあえず物事が進んでいる。,Mọi việc đang tiến triển (tạm thời).,-,[1],連: とりあえずに関する / 類: tạm thời,vocab
1150,万一(が),まんいち(が),man'ichi(ga),Vạn Nhất,nếu lỡ -  bất trắc,Danh từ,万一(が)について詳しく調査する。,Nghiên cứu kỹ lưỡng về nếu lỡ.,万 (Vạn: vạn/mười nghìn) + 一 (Nhất: một/nhất thể),[1],連: 万一(が)に関する / 類: nếu lỡ,vocab
1151,偶然,ぐうぜん,guuzen,Ngẫu Nhiên,ngẫu nhiên -  bất ngờ,Phó từ,駅で偶然昔の友達に会った。,Tôi ngẫu nhiên gặp lại người bạn cũ ở nhà ga.,偶 (Ngẫu: tình cờ/ngẫu nhiên) + 然 (Nhiên: tự nhiên/như vậy),[1],連: 偶然に関する / 類: ngẫu nhiên,vocab
1152,たまたま,たまたま,tamatama,-,tình cờ -  ngẫu nhiên,Phó từ,駅でたまたま昔の友達に会った。,Tôi tình cờ gặp lại người bạn cũ ở nhà ga.,-,[1],連: たまたまに関する / 類: tình cờ,vocab
1153,実際,じっさい,jissai,Thực Tế,thực tế là -  sự thực,Phó từ,実際物事が進んでいる。,Mọi việc đang tiến triển (thực tế là).,実 (Thực: sự thật/thực tế/quả) + 際 (Tế: dịp/khi/quốc tế),[1],連: 実際に関する / 類: thực tế là,vocab
1154,同様,どうよう,douyou,Đồng Dạng,giống như -  tương tự,Phó từ,同様物事が進んでいる。,Mọi việc đang tiến triển (giống như).,同 (Đồng: cùng nhau/giống nhau) + 様 (Dạng: hình dáng/ngài),[1],連: 同様に関する / 類: giống như,vocab
1155,元々,もともと,motomoto,Nguyên,ban đầu -  vốn dĩ,Phó từ,元々物事が進んでいる。,Mọi việc đang tiến triển (ban đầu).,元 (Nguyên: nguồn gốc/ban đầu),[1],連: 元々に関する / 類: ban đầu,vocab
1156,本来,ほんらい,honrai,Bản Lai,từ trước tới giờ -  nguyên bản -  bản chất,Tính từ -i,この問題は非常に本来。,Vấn đề này rất từ trước tới giờ.,本 (Bản: sách/nguồn gốc/gốc rễ) + 来 (Lai: đến/tương lai),[1],連: 本来に関する / 類: từ trước tới giờ,vocab
1157,ある,ある,aru,-,có -  một số,Liên thể từ (Từ bổ nghĩa danh từ),あるについて詳しく調査する。,Nghiên cứu kỹ lưỡng về có.,-,[0],連: あるに関する / 類: có,vocab
1158,あらゆる,あらゆる,arayuru,-,tất cả -  mọi,Phó từ,あらゆる可能性を検討する。,Xem xét tất cả khả năng có thể.,-,[1],連: あらゆるに関する / 類: tất cả,vocab
1159,たいした,たいした,taishita,-,to tát -  tuy không phải ~ nhưng,Liên thể từ (Từ bổ nghĩa danh từ),たいしたについて詳しく調査する。,Nghiên cứu kỹ lưỡng về to tát.,-,[1],連: たいしたに関する / 類: to tát,vocab
1160,いわゆる,いわゆる,iwayuru,-,nói nôm na là -  tức là -  nghĩa là -  nói cách khác...,Động từ nhóm 1,状況に合わせて適切にいわゆる。,Nói nôm na là một cách phù hợp theo tình huống.,-,[1],連: いわゆるに関する / 類: nói nôm na là,vocab