STT_Goc,Chuong,Ten_Chuong,Tu_Vung,Nghia
1,1,Chương 1: Quan hệ con người & Gia đình (人間関係と家族),人生 (じんせい),"Đời người, cuộc đời"
2,1,Chương 1: Quan hệ con người & Gia đình (人間関係と家族),人間 (にんげん),con người
3,1,Chương 1: Quan hệ con người & Gia đình (人間関係と家族),人 (ひと),người
4,1,Chương 1: Quan hệ con người & Gia đình (人間関係と家族),祖先 (そせん),"tổ tiên, tổ tông"
5,1,Chương 1: Quan hệ con người & Gia đình (人間関係と家族),親戚 (しんせき),họ hàng
6,1,Chương 1: Quan hệ con người & Gia đình (人間関係と家族),夫婦 (ふうふ),vợ chồng
7,1,Chương 1: Quan hệ con người & Gia đình (人間関係と家族),長男 (ちょうなん),trưởng nam
8,1,Chương 1: Quan hệ con người & Gia đình (人間関係と家族),主人 (しゅじん),"chồng, chủ tiệm"
9,1,Chương 1: Quan hệ con người & Gia đình (人間関係と家族),双子 (ふたご),sinh đôi
10,1,Chương 1: Quan hệ con người & Gia đình (人間関係と家族),迷子 (まいご),"lạc đường, lạc lối"
11,1,Chương 1: Quan hệ con người & Gia đình (人間関係と家族),他人 (たにん),"người dưng, người lạ"
12,1,Chương 1: Quan hệ con người & Gia đình (人間関係と家族),敵 (てき),kẻ thủ
13,1,Chương 1: Quan hệ con người & Gia đình (人間関係と家族),味方 (みかた),"bạn bè, đồng minh"
14,1,Chương 1: Quan hệ con người & Gia đình (人間関係と家族),筆者 (ひっしゃ),"tác giả, người viết"
15,1,Chương 1: Quan hệ con người & Gia đình (人間関係と家族),寿命 (じゅみょう),tuổi thọ
16,1,Chương 1: Quan hệ con người & Gia đình (人間関係と家族),将来 (しょうらい),tương lai
17,1,Chương 1: Quan hệ con người & Gia đình (人間関係と家族),才能 (さいのう),tài năng
18,1,Chương 1: Quan hệ con người & Gia đình (人間関係と家族),能力 (のうりょく),năng lực
19,1,Chương 1: Quan hệ con người & Gia đình (人間関係と家族),長所 (ちょうしょ),"sở trường, điểm mạnh"
20,1,Chương 1: Quan hệ con người & Gia đình (人間関係と家族),個性 (こせい),"cá tính, tính cách"
21,1,Chương 1: Quan hệ con người & Gia đình (人間関係と家族),遺伝 (いでん),di truyền
22,1,Chương 1: Quan hệ con người & Gia đình (人間関係と家族),動作 (どうさ),"động tác, hành vi, thao tác"
23,1,Chương 1: Quan hệ con người & Gia đình (人間関係と家族),真似 (まね),"bắt chước, copy"
24,1,Chương 1: Quan hệ con người & Gia đình (人間関係と家族),睡眠 (すいみん),ngủ
25,1,Chương 1: Quan hệ con người & Gia đình (人間関係と家族),食欲 (しょくよく),thèm ăn
26,1,Chương 1: Quan hệ con người & Gia đình (人間関係と家族),外食 (がいしょく),ăn ngoài
27,1,Chương 1: Quan hệ con người & Gia đình (人間関係と家族),家事 (かじ),"việc nhà, nội trợ"
28,1,Chương 1: Quan hệ con người & Gia đình (人間関係と家族),出産 (しゅっさん),sinh đẻ
29,1,Chương 1: Quan hệ con người & Gia đình (人間関係と家族),介護 (かいご),Điều dưỡng
30,1,Chương 1: Quan hệ con người & Gia đình (人間関係と家族),共働き (ともばたらき),2 vợ chồng cùng đi làm
31,1,Chương 1: Quan hệ con người & Gia đình (人間関係と家族),出勤 (しゅっきん),đi làm
32,1,Chương 1: Quan hệ con người & Gia đình (人間関係と家族),出世 (しゅっせ),"thành đạt, thăng tiến"
33,1,Chương 1: Quan hệ con người & Gia đình (人間関係と家族),地位 (ちい),"địa vị, chức vị"
34,1,Chương 1: Quan hệ con người & Gia đình (人間関係と家族),受験 (じゅけん),"Dự thi, tham gia kỳ thi"
35,1,Chương 1: Quan hệ con người & Gia đình (人間関係と家族),専攻 (せんこう),chuyên ngành
36,1,Chương 1: Quan hệ con người & Gia đình (人間関係と家族),支度 (したく),"chuẩn bị, sửa soạn"
37,1,Chương 1: Quan hệ con người & Gia đình (人間関係と家族),全身 (ぜんしん),"toàn bộ cơ thể, toàn thân"
38,1,Chương 1: Quan hệ con người & Gia đình (人間関係と家族),しわ,nếp nhăn
39,1,Chương 1: Quan hệ con người & Gia đình (人間関係と家族),服装 (ふくそう),"quần áo, trang phục"
40,2,"Chương 2: Cơ thể, Sức khỏe & Y tế (身体・健康と医療)",礼 (れい),"lễ nghi, cảm ơn, cúi chào"
41,2,"Chương 2: Cơ thể, Sức khỏe & Y tế (身体・健康と医療)",世辞 (せじ),"nịnh, ca tụng, khen, tâng bốc"
42,2,"Chương 2: Cơ thể, Sức khỏe & Y tế (身体・健康と医療)",言い訳 (いいわけ),"giải thích, biện minh"
43,2,"Chương 2: Cơ thể, Sức khỏe & Y tế (身体・健康と医療)",話題 (わだい),"chủ đề, đề tài"
44,2,"Chương 2: Cơ thể, Sức khỏe & Y tế (身体・健康と医療)",秘密 (ひみつ),bí mật
45,2,"Chương 2: Cơ thể, Sức khỏe & Y tế (身体・健康と医療)",尊敬 (そんけい),tôn kính
46,2,"Chương 2: Cơ thể, Sức khỏe & Y tế (身体・健康と医療)",謙そん (けんそん),khiên tốn
47,2,"Chương 2: Cơ thể, Sức khỏe & Y tế (身体・健康と医療)",期待 (きたい),"mong chờ, kỳ vọng"
48,2,"Chương 2: Cơ thể, Sức khỏe & Y tế (身体・健康と医療)",苦労 (くろう),gian khổ
49,2,"Chương 2: Cơ thể, Sức khỏe & Y tế (身体・健康と医療)",意志 (いし),ý chí
50,2,"Chương 2: Cơ thể, Sức khỏe & Y tế (身体・健康と医療)",感情 (かんじょう),"cảm xúc, cảm tính"
51,2,"Chương 2: Cơ thể, Sức khỏe & Y tế (身体・健康と医療)",材料 (ざいりょう),"nguyên liệu, vật liệu"
52,2,"Chương 2: Cơ thể, Sức khỏe & Y tế (身体・健康と医療)",石 (いし),đá
53,2,"Chương 2: Cơ thể, Sức khỏe & Y tế (身体・健康と医療)",ひも,dây
54,2,"Chương 2: Cơ thể, Sức khỏe & Y tế (身体・健康と医療)",券 (けん),vé
55,2,"Chương 2: Cơ thể, Sức khỏe & Y tế (身体・健康と医療)",名簿 (めいぼ),"danh bạ, danh sách"
56,2,"Chương 2: Cơ thể, Sức khỏe & Y tế (身体・健康と医療)",表 (ひょう),"bảng biểu, mặt trước"
57,2,"Chương 2: Cơ thể, Sức khỏe & Y tế (身体・健康と医療)",針 (はり),kim
58,2,"Chương 2: Cơ thể, Sức khỏe & Y tế (身体・健康と医療)",栓 (せん),"nút, nắp ( chai...)"
59,2,"Chương 2: Cơ thể, Sức khỏe & Y tế (身体・健康と医療)",湯気 (ゆげ),"Hơi nước, khí"
60,2,"Chương 2: Cơ thể, Sức khỏe & Y tế (身体・健康と医療)",日当たり (ひあたり),nơi có ánh sáng chiếu vào
61,2,"Chương 2: Cơ thể, Sức khỏe & Y tế (身体・健康と医療)",空 (から),"trống rỗng, bầu trời"
62,2,"Chương 2: Cơ thể, Sức khỏe & Y tế (身体・健康と医療)",斜め (ななめ),"Nghiêng, chéo, khác thường"
63,2,"Chương 2: Cơ thể, Sức khỏe & Y tế (身体・健康と医療)",履歴 (りれき),"lý lịch, lịch sử"
64,2,"Chương 2: Cơ thể, Sức khỏe & Y tế (身体・健康と医療)",娯楽 (ごらく),"thú vui, giải trí"
65,2,"Chương 2: Cơ thể, Sức khỏe & Y tế (身体・健康と医療)",司会 (しかい),"chủ trì buổi tiệc, MC"
66,2,"Chương 2: Cơ thể, Sức khỏe & Y tế (身体・健康と医療)",歓迎 (かんげい),hoan nghênh
67,2,"Chương 2: Cơ thể, Sức khỏe & Y tế (身体・健康と医療)",窓口 (まどぐち),"Quầy giao dịch, quầy tiếp khách"
68,2,"Chương 2: Cơ thể, Sức khỏe & Y tế (身体・健康と医療)",手続き (てつづき),"thủ tục, quy trình"
69,2,"Chương 2: Cơ thể, Sức khỏe & Y tế (身体・健康と医療)",徒歩 (とほ),đi bộ
70,2,"Chương 2: Cơ thể, Sức khỏe & Y tế (身体・健康と医療)",駐車 (ちゅうしゃ),đỗ xe
71,2,"Chương 2: Cơ thể, Sức khỏe & Y tế (身体・健康と医療)",違反 (いはん),vi phạm
72,2,"Chương 2: Cơ thể, Sức khỏe & Y tế (身体・健康と医療)",平日 (へいじつ),ngày thường
73,2,"Chương 2: Cơ thể, Sức khỏe & Y tế (身体・健康と医療)",日付 (ひづけ),ngày tháng
74,2,"Chương 2: Cơ thể, Sức khỏe & Y tế (身体・健康と医療)",日中 (にっちゅう),Trong ngày
75,2,"Chương 2: Cơ thể, Sức khỏe & Y tế (身体・健康と医療)",日程 (にってい),"lịch trình, hành trình"
76,2,"Chương 2: Cơ thể, Sức khỏe & Y tế (身体・健康と医療)",日帰り (ひがえり),đi về trong ngày
77,2,"Chương 2: Cơ thể, Sức khỏe & Y tế (身体・健康と医療)",順序 (じゅんじょ),thứ tự
78,2,"Chương 2: Cơ thể, Sức khỏe & Y tế (身体・健康と医療)",時期 (じき),"thời kì, thời điểm"
79,3,Chương 3: Sinh hoạt hàng ngày & Thói quen (日常生活と習慣),現在 (げんざい),hiện tại
80,3,Chương 3: Sinh hoạt hàng ngày & Thói quen (日常生活と習慣),臨時 (りんじ),tạm thời
81,3,Chương 3: Sinh hoạt hàng ngày & Thói quen (日常生活と習慣),費用 (ひよう),"chi phí, lệ phí"
82,3,Chương 3: Sinh hoạt hàng ngày & Thói quen (日常生活と習慣),定価 (ていか),giá niêm yết
83,3,Chương 3: Sinh hoạt hàng ngày & Thói quen (日常生活と習慣),割引 (わりびき),giảm giá
84,3,Chương 3: Sinh hoạt hàng ngày & Thói quen (日常生活と習慣),おまけ,"quà khuyến mại, quà kèm theo"
85,3,Chương 3: Sinh hoạt hàng ngày & Thói quen (日常生活と習慣),無料 (むりょう),miễn phí
86,3,Chương 3: Sinh hoạt hàng ngày & Thói quen (日常生活と習慣),現金 (げんきん),tiền mặt
87,3,Chương 3: Sinh hoạt hàng ngày & Thói quen (日常生活と習慣),合計 (ごうけい),tổng cộng
88,3,Chương 3: Sinh hoạt hàng ngày & Thói quen (日常生活と習慣),収入 (しゅうにゅう),thu nhập
89,3,Chương 3: Sinh hoạt hàng ngày & Thói quen (日常生活と習慣),支出 (ししゅつ),chi tiêu
90,3,Chương 3: Sinh hoạt hàng ngày & Thói quen (日常生活と習慣),予算 (よさん),ngân sách
91,3,Chương 3: Sinh hoạt hàng ngày & Thói quen (日常生活と習慣),利益 (りえき),"lợi nhuận, lợi ích"
92,3,Chương 3: Sinh hoạt hàng ngày & Thói quen (日常生活と習慣),赤字 (あかじ),"lỗ, thâm hụt"
93,3,Chương 3: Sinh hoạt hàng ngày & Thói quen (日常生活と習慣),経費 (けいひ),kinh phí
94,3,Chương 3: Sinh hoạt hàng ngày & Thói quen (日常生活と習慣),勘定 (かんじょう),"thanh toán, tính tiền"
95,3,Chương 3: Sinh hoạt hàng ngày & Thói quen (日常生活と習慣),弁償 (べんしょう),bồi thường
96,3,Chương 3: Sinh hoạt hàng ngày & Thói quen (日常生活と習慣),請求 (せいきゅう),yêu cầu
97,3,Chương 3: Sinh hoạt hàng ngày & Thói quen (日常生活と習慣),景気 (けいき),tình hình ( thường nói về kinh tế )
98,3,Chương 3: Sinh hoạt hàng ngày & Thói quen (日常生活と習慣),募金 (ぼきん),"quyên góp, gây quỹ"
99,3,Chương 3: Sinh hoạt hàng ngày & Thói quen (日常生活と習慣),募集 (ぼしゅう),tuyển dụng
100,3,Chương 3: Sinh hoạt hàng ngày & Thói quen (日常生活と習慣),価値 (かち),giá trị
101,3,Chương 3: Sinh hoạt hàng ngày & Thói quen (日常生活と習慣),好む (このむ),thích
102,3,Chương 3: Sinh hoạt hàng ngày & Thói quen (日常生活と習慣),嫌う (きらう),ghét
103,3,Chương 3: Sinh hoạt hàng ngày & Thói quen (日常生活と習慣),願う (ねがう),"ước, yêu cầu"
104,3,Chương 3: Sinh hoạt hàng ngày & Thói quen (日常生活と習慣),甘える (あまえる),nũng nịu
105,3,Chương 3: Sinh hoạt hàng ngày & Thói quen (日常生活と習慣),かわいがる,"yêu chiều, cưng chiều"
106,3,Chương 3: Sinh hoạt hàng ngày & Thói quen (日常生活と習慣),気付く (きづく),"nhận ra, chú ý đến"
107,3,Chương 3: Sinh hoạt hàng ngày & Thói quen (日常生活と習慣),疑う (うたがう),nghi ngờ
108,3,Chương 3: Sinh hoạt hàng ngày & Thói quen (日常生活と習慣),苦しむ (くるしむ),khổ sở
109,3,Chương 3: Sinh hoạt hàng ngày & Thói quen (日常生活と習慣),悲しむ (かなしむ),buồn
110,3,Chương 3: Sinh hoạt hàng ngày & Thói quen (日常生活と習慣),がっかりする,"thất vọng, chán nản"
111,3,Chương 3: Sinh hoạt hàng ngày & Thói quen (日常生活と習慣),励ます (はげます),"động viên, khích lệ"
112,3,Chương 3: Sinh hoạt hàng ngày & Thói quen (日常生活と習慣),うなずく,"gật đầu, đồng ý"
113,3,Chương 3: Sinh hoạt hàng ngày & Thói quen (日常生活と習慣),張り切る (はりきる),"hăng hái, làm việc chăm chỉ, cố gắng"
114,3,Chương 3: Sinh hoạt hàng ngày & Thói quen (日常生活と習慣),威張る (いばる),"kiêu ngạo, ba hoa khoác lác"
115,3,Chương 3: Sinh hoạt hàng ngày & Thói quen (日常生活と習慣),怒鳴る (どなる),"quát mắng, phát cáu"
116,3,Chương 3: Sinh hoạt hàng ngày & Thói quen (日常生活と習慣),暴れる (あばれる),"nổi giận, quậy phá, làm ẩm ĩ, nổi khùng"
117,3,Chương 3: Sinh hoạt hàng ngày & Thói quen (日常生活と習慣),しゃがむ,ngồi xổm
118,4,"Chương 4: Ăn uống, Ẩm thực & Nấu nướng (飲食・料理と食事)",どく,ra
119,4,"Chương 4: Ăn uống, Ẩm thực & Nấu nướng (飲食・料理と食事)",どける,"dịch chuyển, tránh ra"
120,4,"Chương 4: Ăn uống, Ẩm thực & Nấu nướng (飲食・料理と食事)",かぶる,"phủ lên, trùm lên, đậy"
121,4,"Chương 4: Ăn uống, Ẩm thực & Nấu nướng (飲食・料理と食事)",かぶせる,tránh đội
122,4,"Chương 4: Ăn uống, Ẩm thực & Nấu nướng (飲食・料理と食事)",かじる,"nhai, cắn, gặm, xé"
123,4,"Chương 4: Ăn uống, Ẩm thực & Nấu nướng (飲食・料理と食事)",撃つ (うつ),bắn
124,4,"Chương 4: Ăn uống, Ẩm thực & Nấu nướng (飲食・料理と食事)",漕ぐ (こぐ),"đạp xe, chèo, lái"
125,4,"Chương 4: Ăn uống, Ẩm thực & Nấu nướng (飲食・料理と食事)",敷く (しく),"trải thảm, lát"
126,4,"Chương 4: Ăn uống, Ẩm thực & Nấu nướng (飲食・料理と食事)",つぐ,"rót, dội, tưới"
127,4,"Chương 4: Ăn uống, Ẩm thực & Nấu nướng (飲食・料理と食事)",配る (くばる),phân phát
128,4,"Chương 4: Ăn uống, Ẩm thực & Nấu nướng (飲食・料理と食事)",放る (ほうる),"ném, bỏ mặc"
129,4,"Chương 4: Ăn uống, Ẩm thực & Nấu nướng (飲食・料理と食事)",掘る (ほる),"đào, khai quật, ngoáy mũi"
130,4,"Chương 4: Ăn uống, Ẩm thực & Nấu nướng (飲食・料理と食事)",まく,"rắc, rải, gieo"
131,4,"Chương 4: Ăn uống, Ẩm thực & Nấu nướng (飲食・料理と食事)",計る (はかる),"đếm thời gian, đo đạc"
132,4,"Chương 4: Ăn uống, Ẩm thực & Nấu nướng (飲食・料理と食事)",占う (うらなう),"dự đoán, bói"
133,4,"Chương 4: Ăn uống, Ẩm thực & Nấu nướng (飲食・料理と食事)",引っ張る (ひっぱる),"kéo, lôi kéo, gây trở ngại"
134,4,"Chương 4: Ăn uống, Ẩm thực & Nấu nướng (飲食・料理と食事)",突く (つく),"chọc, đâm, chống ( cằm, tay...)"
135,4,"Chương 4: Ăn uống, Ẩm thực & Nấu nướng (飲食・料理と食事)",突き当たる (つきあたる),"cuối đường, đối mặt với"
136,4,"Chương 4: Ăn uống, Ẩm thực & Nấu nướng (飲食・料理と食事)",立ち止まる (たちどまる),dừng lại
137,4,"Chương 4: Ăn uống, Ẩm thực & Nấu nướng (飲食・料理と食事)",近寄る (ちかよる),"tiếp cận, tới gần"
138,4,"Chương 4: Ăn uống, Ẩm thực & Nấu nướng (飲食・料理と食事)",横切る (よこぎる),"xuyên qua, băng ngang qua"
139,4,"Chương 4: Ăn uống, Ẩm thực & Nấu nướng (飲食・料理と食事)",転ぶ (ころぶ),ngã
140,4,"Chương 4: Ăn uống, Ẩm thực & Nấu nướng (飲食・料理と食事)",つまずく,"vấp, sẩy chân, vướng"
141,4,"Chương 4: Ăn uống, Ẩm thực & Nấu nướng (飲食・料理と食事)",ひく,"chèn, cán qua, tông phải"
142,4,"Chương 4: Ăn uống, Ẩm thực & Nấu nướng (飲食・料理と食事)",おぼれる,"chìm, đắm, chết đuổi"
143,4,"Chương 4: Ăn uống, Ẩm thực & Nấu nướng (飲食・料理と食事)",痛む (いたむ),đau
144,4,"Chương 4: Ăn uống, Ẩm thực & Nấu nướng (飲食・料理と食事)",かかる,"mắc bệnh, lây bệnh"
145,4,"Chương 4: Ăn uống, Ẩm thực & Nấu nướng (飲食・料理と食事)",酔う (よう),say
146,4,"Chương 4: Ăn uống, Ẩm thực & Nấu nướng (飲食・料理と食事)",吐く (はく),"nôn, ói"
147,4,"Chương 4: Ăn uống, Ẩm thực & Nấu nướng (飲食・料理と食事)",診る (みる),"chuẩn đoán, khám"
148,4,"Chương 4: Ăn uống, Ẩm thực & Nấu nướng (飲食・料理と食事)",見舞う (みまう),"đi thăm bệnh, hứng chịu, ập đến"
149,4,"Chương 4: Ăn uống, Ẩm thực & Nấu nướng (飲食・料理と食事)",勤める (つとめる),làm việc
150,4,"Chương 4: Ăn uống, Ẩm thực & Nấu nướng (飲食・料理と食事)",稼ぐ (かせぐ),"kiếm tiền, câu giờ"
151,4,"Chương 4: Ăn uống, Ẩm thực & Nấu nướng (飲食・料理と食事)",支払う (しはらう),"trả tiền, thanh toán"
152,4,"Chương 4: Ăn uống, Ẩm thực & Nấu nướng (飲食・料理と食事)",受け取る (うけとる),nhận
153,4,"Chương 4: Ăn uống, Ẩm thực & Nấu nướng (飲食・料理と食事)",払い込む (はらいこむ),"đóng, nộp, thanh toán"
154,4,"Chương 4: Ăn uống, Ẩm thực & Nấu nướng (飲食・料理と食事)",払い戻す (はらいもどす),"trả lại, hoàn trả"
155,4,"Chương 4: Ăn uống, Ẩm thực & Nấu nướng (飲食・料理と食事)",引き出す (ひきだす),"rút ra, tìm ra, kéo dài"
156,4,"Chương 4: Ăn uống, Ẩm thực & Nấu nướng (飲食・料理と食事)",もうかる,"có lợi nhuận, sinh lời"
157,5,"Chương 5: Nhà cửa, Nơi ở & Tiện ích (住まい・住宅と設備)",もうける,"kiếm lợi, có con"
158,5,"Chương 5: Nhà cửa, Nơi ở & Tiện ích (住まい・住宅と設備)",落ち込む (おちこむ),"thất vọng, suy sụp"
159,5,"Chương 5: Nhà cửa, Nơi ở & Tiện ích (住まい・住宅と設備)",売れる (うれる),bán chạy
160,5,"Chương 5: Nhà cửa, Nơi ở & Tiện ích (住まい・住宅と設備)",売り切れる (うりきれる),bán sạch
161,5,"Chương 5: Nhà cửa, Nơi ở & Tiện ích (住まい・住宅と設備)",くっ付く (くっつく),"bám chặt, dính chặt, quân quýt"
162,5,"Chương 5: Nhà cửa, Nơi ở & Tiện ích (住まい・住宅と設備)",くっ付ける (くっつける),"dính vào, gắn lại"
163,5,"Chương 5: Nhà cửa, Nơi ở & Tiện ích (住まい・住宅と設備)",固まる (かたまる),"cứng lại, nắm vững, đông lai"
164,5,"Chương 5: Nhà cửa, Nơi ở & Tiện ích (住まい・住宅と設備)",固める (かためる),"làm đông cứng, củng cố"
165,5,"Chương 5: Nhà cửa, Nơi ở & Tiện ích (住まい・住宅と設備)",縮む (ちぢむ),"ngắn lại, co lại"
166,5,"Chương 5: Nhà cửa, Nơi ở & Tiện ích (住まい・住宅と設備)",縮まる (ちぢまる),"rút ngắn, giảm bớt, thu gọn"
167,5,"Chương 5: Nhà cửa, Nơi ở & Tiện ích (住まい・住宅と設備)",縮める (ちぢめる),"thu gọn, nén lại, rút ngắn"
168,5,"Chương 5: Nhà cửa, Nơi ở & Tiện ích (住まい・住宅と設備)",沈む (しずむ),"chìm, lặn, bị nhấn xuống"
169,5,"Chương 5: Nhà cửa, Nơi ở & Tiện ích (住まい・住宅と設備)",沈める (しずめる),"chìm, lặn"
170,5,"Chương 5: Nhà cửa, Nơi ở & Tiện ích (住まい・住宅と設備)",下がる (さがる),"hạ xuống, lùi về, giảm"
171,5,"Chương 5: Nhà cửa, Nơi ở & Tiện ích (住まい・住宅と設備)",下げる (さげる),"giảm đi, cúi đầu, thu dọn bát đĩa"
172,5,"Chương 5: Nhà cửa, Nơi ở & Tiện ích (住まい・住宅と設備)",転がる (ころがる),"(tự) lăn, bị đổ ngã, nằm xuống, rải rác bừa bộn..."
173,5,"Chương 5: Nhà cửa, Nơi ở & Tiện ích (住まい・住宅と設備)",転がす (ころがす),"dắt, lắc, lăn"
174,5,"Chương 5: Nhà cửa, Nơi ở & Tiện ích (住まい・住宅と設備)",傾く (かたむく),"nghiêng, ngả, hướng về, đổ"
175,5,"Chương 5: Nhà cửa, Nơi ở & Tiện ích (住まい・住宅と設備)",傾ける (かたむける),"nghiêng, làn suy yếu, phê bình, chê bai..."
176,5,"Chương 5: Nhà cửa, Nơi ở & Tiện ích (住まい・住宅と設備)",裏返す (うらがえす),"lật úp, lộn ngược"
177,5,"Chương 5: Nhà cửa, Nơi ở & Tiện ích (住まい・住宅と設備)",散らかる (ちらかる),"bừa bộn, lôi thôi"
178,5,"Chương 5: Nhà cửa, Nơi ở & Tiện ích (住まい・住宅と設備)",散らかす (ちらかす),"vứt lung tung, bừa bãi"
179,5,"Chương 5: Nhà cửa, Nơi ở & Tiện ích (住まい・住宅と設備)",散らばる (ちらばる),"văng tứ tung, rải rác"
180,5,"Chương 5: Nhà cửa, Nơi ở & Tiện ích (住まい・住宅と設備)",刻む (きざむ),"cắt, chạm khắc, ghi lại"
181,5,"Chương 5: Nhà cửa, Nơi ở & Tiện ích (住まい・住宅と設備)",挟まる (はさまる),bị kẹp
182,5,"Chương 5: Nhà cửa, Nơi ở & Tiện ích (住まい・住宅と設備)",挟む (はさむ),"kẹp, nói chen vào"
183,5,"Chương 5: Nhà cửa, Nơi ở & Tiện ích (住まい・住宅と設備)",つぶれる,"sụp đổ, xẹp lép, phá sản"
184,5,"Chương 5: Nhà cửa, Nơi ở & Tiện ích (住まい・住宅と設備)",つぶす,hạ
185,5,"Chương 5: Nhà cửa, Nơi ở & Tiện ích (住まい・住宅と設備)",へこむ,"lõm, chán nản"
186,5,"Chương 5: Nhà cửa, Nơi ở & Tiện ích (住まい・住宅と設備)",ほどける,"cởi ra, giải quyết"
187,5,"Chương 5: Nhà cửa, Nơi ở & Tiện ích (住まい・住宅と設備)",ほどく,cởi
188,5,"Chương 5: Nhà cửa, Nơi ở & Tiện ích (住まい・住宅と設備)",枯れる (かれる),"bị héo, cạn khô, khàn giọng"
189,5,"Chương 5: Nhà cửa, Nơi ở & Tiện ích (住まい・住宅と設備)",枯らす (からす),làm cho héo
190,5,"Chương 5: Nhà cửa, Nơi ở & Tiện ích (住まい・住宅と設備)",傷む (いたむ),"hông, ôi thiu, tổn thương"
191,5,"Chương 5: Nhà cửa, Nơi ở & Tiện ích (住まい・住宅と設備)",湿る (しめる),"bị ẩm, iu ( đồ ăn )"
192,5,"Chương 5: Nhà cửa, Nơi ở & Tiện ích (住まい・住宅と設備)",凍る (こおる),"đông băng, lạnh cóng"
193,5,"Chương 5: Nhà cửa, Nơi ở & Tiện ích (住まい・住宅と設備)",震える (ふるえる),run rẩy
194,5,"Chương 5: Nhà cửa, Nơi ở & Tiện ích (住まい・住宅と設備)",輝く (かがやく),"tỏa sáng, huy hoàng"
195,5,"Chương 5: Nhà cửa, Nơi ở & Tiện ích (住まい・住宅と設備)",あふれる,"tràn, đầy, giàn giụa"
196,6,Chương 6: Giao thông & Đi lại (交通・移動と乗り物),余る (あまる),"còn sót lại, dư thừa"
197,6,Chương 6: Giao thông & Đi lại (交通・移動と乗り物),目立つ (めだつ),"nổi bật, đập vào mắt"
198,6,Chương 6: Giao thông & Đi lại (交通・移動と乗り物),見下ろす (みおろす),"nhìn xuống, coi khinh"
199,6,Chương 6: Giao thông & Đi lại (交通・移動と乗り物),戦う/闘う (たたかう),"đánh nhau, tranh chấp"
200,6,Chương 6: Giao thông & Đi lại (交通・移動と乗り物),敗れる (やぶれる),"bị đánh bại, thua"
201,6,Chương 6: Giao thông & Đi lại (交通・移動と乗り物),逃げる (にげる),"chạy trốn, tránh nạn"
202,6,Chương 6: Giao thông & Đi lại (交通・移動と乗り物),逃がす (にがす),"để mất; phóng sinh, thả"
203,6,Chương 6: Giao thông & Đi lại (交通・移動と乗り物),戻る (もどる),quay lại
204,6,Chương 6: Giao thông & Đi lại (交通・移動と乗り物),戻す (もどす),để trả lại
205,6,Chương 6: Giao thông & Đi lại (交通・移動と乗り物),はまる,"khớp, bị kẹt, nghiện, bị cuốn theo, khít, vừa"
206,6,Chương 6: Giao thông & Đi lại (交通・移動と乗り物),はめる,"đeo ( nhẫn, găng tay)"
207,6,Chương 6: Giao thông & Đi lại (交通・移動と乗り物),扱う (あつかう),"đối xử, xử lý, bán, sử dụng"
208,6,Chương 6: Giao thông & Đi lại (交通・移動と乗り物),関わる (かかわる),"liên quan, dính dáng"
209,6,Chương 6: Giao thông & Đi lại (交通・移動と乗り物),目指す (めざす),"hướng đến mục tiêu, nhắm đến"
210,6,Chương 6: Giao thông & Đi lại (交通・移動と乗り物),立つ・発つ (たつ),"khởi hành, rời khỏi, xuất phát"
211,6,Chương 6: Giao thông & Đi lại (交通・移動と乗り物),迎える (むかえる),đón
212,6,Chương 6: Giao thông & Đi lại (交通・移動と乗り物),持てる (もてる),"thu hút, đào hoa, có duyên"
213,6,Chương 6: Giao thông & Đi lại (交通・移動と乗り物),たとえる,"ví như, so với"
214,6,Chương 6: Giao thông & Đi lại (交通・移動と乗り物),努める (つとめる),"nỗ lực, cố gắng"
215,6,Chương 6: Giao thông & Đi lại (交通・移動と乗り物),務まる (つとまる),"nghĩa vụ, nhiệm vụ, có thê đảm đương, phù hợp với"
216,6,Chương 6: Giao thông & Đi lại (交通・移動と乗り物),務める (つとめる),"đảm nhiệm, đảm đương"
217,6,Chương 6: Giao thông & Đi lại (交通・移動と乗り物),取り消す (とりけす),"hủy bỏ, xóa bỏ"
218,6,Chương 6: Giao thông & Đi lại (交通・移動と乗り物),終える (おえる),kết thúc
219,6,Chương 6: Giao thông & Đi lại (交通・移動と乗り物),呼びかける (よびかける),kêu gọi
220,6,Chương 6: Giao thông & Đi lại (交通・移動と乗り物),呼び出す (よびだす),"triệu hồi, triệu tập"
221,6,Chương 6: Giao thông & Đi lại (交通・移動と乗り物),有難い (ありがたい),"điều đáng quý, đáng trân trọng, may quá, tốt quá"
222,6,Chương 6: Giao thông & Đi lại (交通・移動と乗り物),申し訳ない (もうしわけない),thành thật xin lỗi
223,6,Chương 6: Giao thông & Đi lại (交通・移動と乗り物),めでたい,"mừng, hoan hỉ"
224,6,Chương 6: Giao thông & Đi lại (交通・移動と乗り物),幸いな (さいわいな),"cảm kích, trân trọng, biết ơn"
225,6,Chương 6: Giao thông & Đi lại (交通・移動と乗り物),恋しい (こいしい),"thương nhớ, nhớ nhung"
226,6,Chương 6: Giao thông & Đi lại (交通・移動と乗り物),懐かしい (なつかしい),"thân thương, hoài niệm"
227,6,Chương 6: Giao thông & Đi lại (交通・移動と乗り物),幼い (おさない),"non nớt, bé bỏng"
228,6,Chương 6: Giao thông & Đi lại (交通・移動と乗り物),心細い (こころぼそい),"cô đơn, tủi thân, bất an"
229,6,Chương 6: Giao thông & Đi lại (交通・移動と乗り物),かわいそうな,"tội nghiệp, đáng thương"
230,6,Chương 6: Giao thông & Đi lại (交通・移動と乗り物),気の毒な (きのどくな),"đáng tiếc, đáng thương"
231,6,Chương 6: Giao thông & Đi lại (交通・移動と乗り物),貧しい (まずしい),"nghèo, thiếu thốn"
232,6,Chương 6: Giao thông & Đi lại (交通・移動と乗り物),惜しい (おしい),"đáng tiếc, lãng phí"
233,6,Chương 6: Giao thông & Đi lại (交通・移動と乗り物),仕方(が)ない (しかた(が)ない),"bó tay, không còn cách nào khác, đành chấp nhận"
234,6,Chương 6: Giao thông & Đi lại (交通・移動と乗り物),やむを得ない (やむをえない),"bất đắc dĩ, bất khả kháng"
235,7,Chương 7: Mua sắm & Tiêu dùng (買い物・消費とサービス),面倒臭い (めんどうくさい),"phiền hà, rắc rối"
236,7,Chương 7: Mua sắm & Tiêu dùng (買い物・消費とサービス),しつこい,"lằng nhằng, nói hoài, cảm ràm"
237,7,Chương 7: Mua sắm & Tiêu dùng (買い物・消費とサービス),くどい,"dài dòng, lắm lời"
238,7,Chương 7: Mua sắm & Tiêu dùng (買い物・消費とサービス),煙い (けむい),khói mù mịt
239,7,Chương 7: Mua sắm & Tiêu dùng (買い物・消費とサービス),邪魔な (じゃまな),"vướng víu, cản trở"
240,7,Chương 7: Mua sắm & Tiêu dùng (買い物・消費とサービス),うるさい,"dài dòng, phiền phức, ồn ào"
241,7,Chương 7: Mua sắm & Tiêu dùng (買い物・消費とサービス),騒々しい (そうぞうしい),"ồn ào, hỗn loạn, inh ỏi"
242,7,Chương 7: Mua sắm & Tiêu dùng (買い物・消費とサービス),慌ただしい (あわただしい),"bận túi bụi, không yên ổn"
243,7,Chương 7: Mua sắm & Tiêu dùng (買い物・消費とサービス),そそっかしい,"hấp tấp, nôn nóng, cẩu thả"
244,7,Chương 7: Mua sắm & Tiêu dùng (買い物・消費とサービス),思いがけない (おもいがけない),"không ngờ, vô tình"
245,7,Chương 7: Mua sắm & Tiêu dùng (買い物・消費とサービス),何気ない (なにげない),"ngẫu nhiên, tình cờ, không cô ý"
246,7,Chương 7: Mua sắm & Tiêu dùng (買い物・消費とサービス),とんでもない,ngoài sức tưởng tượng
247,7,Chương 7: Mua sắm & Tiêu dùng (買い物・消費とサービス),くだらない,"chán phèo, xàm, vô tích sự"
248,7,Chương 7: Mua sắm & Tiêu dùng (買い物・消費とサービス),ばかばかしい,"vớ vẫn, ngu ngốc"
249,7,Chương 7: Mua sắm & Tiêu dùng (買い物・消費とサービス),でたらめな,"bừa bãi, không căn cứ"
250,7,Chương 7: Mua sắm & Tiêu dùng (買い物・消費とサービス),だらしない,"câu thả, lỏng lẻo, luộm thuộm, bất cần"
251,7,Chương 7: Mua sắm & Tiêu dùng (買い物・消費とサービス),ずうずうしい,"vô liêm sỉ, trơ trẽn"
252,7,Chương 7: Mua sắm & Tiêu dùng (買い物・消費とサービス),ずるい,"ranh mãnh, láu cá, gian xảo"
253,7,Chương 7: Mua sắm & Tiêu dùng (買い物・消費とサービス),憎らしい (にくらしい),"đáng ghét, ghen tị"
254,7,Chương 7: Mua sắm & Tiêu dùng (買い物・消費とサービス),憎い (にくい),căm ghét
255,7,Chương 7: Mua sắm & Tiêu dùng (買い物・消費とサービス),険しい (けわしい),"hiểm trở, cộc cằn, nghiêm khắc, hung dữ"
256,7,Chương 7: Mua sắm & Tiêu dùng (買い物・消費とサービス),辛い (つらい),"đau đớn, khổ sở"
257,7,Chương 7: Mua sắm & Tiêu dùng (買い物・消費とサービス),きつい,"chật, gay go, khó khăn"
258,7,Chương 7: Mua sắm & Tiêu dùng (買い物・消費とサービス),緩い (ゆるい),"lỏng lẻo, thoải, nhẹ nhàng"
259,7,Chương 7: Mua sắm & Tiêu dùng (買い物・消費とサービス),鈍い (にぶい),"Cùn ( dao ), đần độn, yếu, chậm, lờ mờ"
260,7,Chương 7: Mua sắm & Tiêu dùng (買い物・消費とサービス),鋭い (するどい),"sắc bén, sắc sảo, nhạy bén"
261,7,Chương 7: Mua sắm & Tiêu dùng (買い物・消費とサービス),荒い・粗い (あらい),"thô bạo, cục súc, cộc cằn"
262,7,Chương 7: Mua sắm & Tiêu dùng (買い物・消費とサービス),強引な (ごういんな),"cưỡng bức, miễn cưỡng"
263,7,Chương 7: Mua sắm & Tiêu dùng (買い物・消費とサービス),勝手な (かってな),"tự ý, tự tiện, ích ki"
264,7,Chương 7: Mua sắm & Tiêu dùng (買い物・消費とサービス),強気な (つよきな),"táo bạo, mạnh mẽ"
265,7,Chương 7: Mua sắm & Tiêu dùng (買い物・消費とサービス),頑固な (がんこな),"bảo thủ, cố chấp"
266,7,Chương 7: Mua sắm & Tiêu dùng (買い物・消費とサービス),過剰な (かじょうな),"quá độ, thái quá"
267,7,Chương 7: Mua sắm & Tiêu dùng (買い物・消費とサービス),重大な (じゅうたいな),"trọng đại, quan trọng"
268,7,Chương 7: Mua sắm & Tiêu dùng (買い物・消費とサービス),深刻な (しんこくな),nghiêm trọng
269,7,Chương 7: Mua sắm & Tiêu dùng (買い物・消費とサービス),気楽な (きらくな),"thoải mái, thong thả"
270,7,Chương 7: Mua sắm & Tiêu dùng (買い物・消費とサービス),安易な (あんいな),"dễ dàng, đơn giản, bất cần"
271,7,Chương 7: Mua sắm & Tiêu dùng (買い物・消費とサービス),運 (うん),"số, vận mệnh"
272,7,Chương 7: Mua sắm & Tiêu dùng (買い物・消費とサービス),勘 (かん),"trực giác, linh cảm"
273,7,Chương 7: Mua sắm & Tiêu dùng (買い物・消費とサービス),感覚 (かんかく),"cảm giác, giác quan"
274,8,Chương 8: Cảm xúc & Tâm trạng con người (感情・気分と心理),神経 (しんけい),"thần kinh, tinh thần"
275,8,Chương 8: Cảm xúc & Tâm trạng con người (感情・気分と心理),記憶 (きおく),"ký ức, trí nhớ"
276,8,Chương 8: Cảm xúc & Tâm trạng con người (感情・気分と心理),様子 (ようす),"bộ dạng, tình trạng, tình hình"
277,8,Chương 8: Cảm xúc & Tâm trạng con người (感情・気分と心理),雰囲気 (ふんいき),"bầu không khí, phong thái"
278,8,Chương 8: Cảm xúc & Tâm trạng con người (感情・気分と心理),魅力 (みりょく),"sức hút, sức hấp dẫn, quyến rũ, ma lực"
279,8,Chương 8: Cảm xúc & Tâm trạng con người (感情・気分と心理),機嫌 (きげん),"tâm trạng, thần thái, sắc mặt"
280,8,Chương 8: Cảm xúc & Tâm trạng con người (感情・気分と心理),関心 (かんしん),quan tâm
281,8,Chương 8: Cảm xúc & Tâm trạng con người (感情・気分と心理),意欲 (いよく),"mong muốn, hứng thú"
282,8,Chương 8: Cảm xúc & Tâm trạng con người (感情・気分と心理),全力 (ぜんりょく),"sung sức, toàn lực"
283,8,Chương 8: Cảm xúc & Tâm trạng con người (感情・気分と心理),本気 (ほんき),"nghiêm túc, hết sức, hết minh"
284,8,Chương 8: Cảm xúc & Tâm trạng con người (感情・気分と心理),意識 (いしき),"nhận thức, để ý đến"
285,8,Chương 8: Cảm xúc & Tâm trạng con người (感情・気分と心理),感激 (かんげき),"cảm kích, xúc động"
286,8,Chương 8: Cảm xúc & Tâm trạng con người (感情・気分と心理),同情 (どうじょう),"đồng cảm, cảm thương"
287,8,Chương 8: Cảm xúc & Tâm trạng con người (感情・気分と心理),同意 (どうい),đồng ý
288,8,Chương 8: Cảm xúc & Tâm trạng con người (感情・気分と心理),同感 (どうかん),"đồng tình, cùng ý kiến"
289,8,Chương 8: Cảm xúc & Tâm trạng con người (感情・気分と心理),対立 (たいりつ),"xung đột, phản đối"
290,8,Chương 8: Cảm xúc & Tâm trạng con người (感情・気分と心理),主張 (しゅちょう),"chủ trương, quan điểm"
291,8,Chương 8: Cảm xúc & Tâm trạng con người (感情・気分と心理),要求 (ようきゅう),yêu cầu
292,8,Chương 8: Cảm xúc & Tâm trạng con người (感情・気分と心理),得 (とく),"lợi ích, lãi"
293,8,Chương 8: Cảm xúc & Tâm trạng con người (感情・気分と心理),損 (そん),"lỗ, tổn thất, thiệt hại"
294,8,Chương 8: Cảm xúc & Tâm trạng con người (感情・気分と心理),勝負 (しょうぶ),"cạnh tranh, trận đầu, hơn thua"
295,8,Chương 8: Cảm xúc & Tâm trạng con người (感情・気分と心理),勢い (いきおい),"mạnh mẽ, tràn trề, khí thế"
296,8,Chương 8: Cảm xúc & Tâm trạng con người (感情・気分と心理),爆発 (ばくはつ),"phát nổ, bùng nổ"
297,8,Chương 8: Cảm xúc & Tâm trạng con người (感情・気分と心理),災害 (さいがい),"tai họa, thảm họa"
298,8,Chương 8: Cảm xúc & Tâm trạng con người (感情・気分と心理),天候 (てんこう),"thời tiết, khí hậu"
299,8,Chương 8: Cảm xúc & Tâm trạng con người (感情・気分と心理),乾燥 (かんそう),"sự khô khan, khô hạn"
300,8,Chương 8: Cảm xúc & Tâm trạng con người (感情・気分と心理),観測 (かんそく),"quan sát, dự đoán, đo đạc"
301,8,Chương 8: Cảm xúc & Tâm trạng con người (感情・気分と心理),遭難 (そうなん),"gặp nạn, mất phương hướng"
302,8,Chương 8: Cảm xúc & Tâm trạng con người (感情・気分と心理),発生 (はっせい),phát sinh
303,8,Chương 8: Cảm xúc & Tâm trạng con người (感情・気分と心理),登場 (とうじょう),"phát hành, xuất hiện"
304,8,Chương 8: Cảm xúc & Tâm trạng con người (感情・気分と心理),回復 (かいふく),hồi phục
305,8,Chương 8: Cảm xúc & Tâm trạng con người (感情・気分と心理),援助 (えんじょ),"hỗ trợ, chỉ viện"
306,8,Chương 8: Cảm xúc & Tâm trạng con người (感情・気分と心理),保険 (ほけん),bảo hiểm
307,8,Chương 8: Cảm xúc & Tâm trạng con người (感情・気分と心理),追加 (ついか),"bổ sung, trả thêm"
308,8,Chương 8: Cảm xúc & Tâm trạng con người (感情・気分と心理),応用 (おうよう),"ứng dụng, áp dụng"
309,8,Chương 8: Cảm xúc & Tâm trạng con người (感情・気分と心理),解答(回答) (かいとう),"đáp án, hồi đáp, trả lời"
310,8,Chương 8: Cảm xúc & Tâm trạng con người (感情・気分と心理),結論 (けつろん),kết luận
311,8,Chương 8: Cảm xúc & Tâm trạng con người (感情・気分と心理),案 (あん),"phương án, ý tưởng, đề xuất"
312,8,Chương 8: Cảm xúc & Tâm trạng con người (感情・気分と心理),集中 (しゅうちゅう),tập trung
313,9,Chương 9: Tính cách & Thái độ ứng xử (性格・態度と人柄),区別 (くべつ),phân biệt
314,9,Chương 9: Tính cách & Thái độ ứng xử (性格・態度と人柄),差別 (さべつ),khác biệt
315,9,Chương 9: Tính cách & Thái độ ứng xử (性格・態度と人柄),中間 (ちゅうかん),"ở giữa, trung gian"
316,9,Chương 9: Tính cách & Thái độ ứng xử (性格・態度と人柄),逆 (ぎゃく),"ngược lại, tương phản"
317,9,Chương 9: Tính cách & Thái độ ứng xử (性格・態度と人柄),よそ,nơi khác
318,9,Chương 9: Tính cách & Thái độ ứng xử (性格・態度と人柄),外 (ほか),"khác, ngoài ra"
319,9,Chương 9: Tính cách & Thái độ ứng xử (性格・態度と人柄),境 (さかい),"biên giới, ngăn cách"
320,9,Chương 9: Tính cách & Thái độ ứng xử (性格・態度と人柄),半ば (なかば),"một nửa, 1 phần, lưng chừng"
321,9,Chương 9: Tính cách & Thái độ ứng xử (性格・態度と人柄),普段 (ふだん),"thường ngày, thường xuyên"
322,9,Chương 9: Tính cách & Thái độ ứng xử (性格・態度と人柄),日常 (にちじょう),"ngày thường, thường nhật"
323,9,Chương 9: Tính cách & Thái độ ứng xử (性格・態度と人柄),一般 (いっぱん),"phổ biến, thông thường"
324,9,Chương 9: Tính cách & Thái độ ứng xử (性格・態度と人柄),常識 (じょうしき),"dĩ nhiên, đương nhiên, thông thường"
325,9,Chương 9: Tính cách & Thái độ ứng xử (性格・態度と人柄),ことわざ,ca dao tục ngữ
326,9,Chương 9: Tính cách & Thái độ ứng xử (性格・態度と人柄),権利 (けんり),quyền lợi
327,9,Chương 9: Tính cách & Thái độ ứng xử (性格・態度と人柄),義務 (ぎむ),nghĩa vụ
328,9,Chương 9: Tính cách & Thái độ ứng xử (性格・態度と人柄),きっかけ,động cơ
329,9,Chương 9: Tính cách & Thái độ ứng xử (性格・態度と人柄),行動 (こうどう),"hành động, tác phong"
330,9,Chương 9: Tính cách & Thái độ ứng xử (性格・態度と人柄),使用 (しよう),sử dụng
331,9,Chương 9: Tính cách & Thái độ ứng xử (性格・態度と人柄),提出 (ていしゅつ),"nộp lại, giao nộp"
332,9,Chương 9: Tính cách & Thái độ ứng xử (性格・態度と人柄),期限 (きげん),"thời hạn, kỳ hạn"
333,9,Chương 9: Tính cách & Thái độ ứng xử (性格・態度と人柄),延期 (えんき),trì hoãn
334,9,Chương 9: Tính cách & Thái độ ứng xử (性格・態度と人柄),延長 (えんちょう),"kéo dài, gia hạn"
335,9,Chương 9: Tính cách & Thái độ ứng xử (性格・態度と人柄),短縮 (たんしゅく),"rút ngắn, co lại"
336,9,Chương 9: Tính cách & Thái độ ứng xử (性格・態度と人柄),映像 (えいぞう),hình ảnh
337,9,Chương 9: Tính cách & Thái độ ứng xử (性格・態度と人柄),撮影 (さつえい),"chụp ảnh, quay phim"
338,9,Chương 9: Tính cách & Thái độ ứng xử (性格・態度と人柄),背景 (はいけい),"bối cảnh, phông nền, hậu thuẫn"
339,9,Chương 9: Tính cách & Thái độ ứng xử (性格・態度と人柄),独立 (どくりつ),độc lập
340,9,Chương 9: Tính cách & Thái độ ứng xử (性格・態度と人柄),候補 (こうほ),"ứng cử, ứng viên"
341,9,Chương 9: Tính cách & Thái độ ứng xử (性格・態度と人柄),支持 (しじ),"chống đỡ, ủng hộ, viện trợ"
342,9,Chương 9: Tính cách & Thái độ ứng xử (性格・態度と人柄),投票 (とうひょう),"bầu cử, bầu chọn"
343,9,Chương 9: Tính cách & Thái độ ứng xử (性格・態度と人柄),当選 (とうせん),"trúng cử, giành được, đắc cử"
344,9,Chương 9: Tính cách & Thái độ ứng xử (性格・態度と人柄),抽選 (ちゅうせん),rút thăm
345,9,Chương 9: Tính cách & Thái độ ứng xử (性格・態度と人柄),配布 (はいふ),"phân phát, cung cấp"
346,9,Chương 9: Tính cách & Thái độ ứng xử (性格・態度と人柄),失格 (しっかく),"mất tư cách, mất quyền, bị loại, bị đuổi"
347,9,Chương 9: Tính cách & Thái độ ứng xử (性格・態度と人柄),余暇 (よか),"thời gian rỗi, giải trí"
348,9,Chương 9: Tính cách & Thái độ ứng xử (性格・態度と人柄),行事 (ぎょうじ),"sự kiện, lễ hội"
349,9,Chương 9: Tính cách & Thái độ ứng xử (性格・態度と人柄),理想 (りそう),lý tưởng
350,9,Chương 9: Tính cách & Thái độ ứng xử (性格・態度と人柄),現実 (げんじつ),"hiện thực, thực tế"
351,9,Chương 9: Tính cách & Thái độ ứng xử (性格・態度と人柄),体験 (たいけん),trải nghiệm
352,10,Chương 10: Giao tiếp & Mối quan hệ xã hội (コミュニケーションと社交),空想 (くうそう),"mơ mộng, ảo tưởng, viễn tưởng"
353,10,Chương 10: Giao tiếp & Mối quan hệ xã hội (コミュニケーションと社交),実物 (じつぶつ),"hiện vật, vật thật"
354,10,Chương 10: Giao tiếp & Mối quan hệ xã hội (コミュニケーションと社交),実現 (じつげん),thực hiện
355,10,Chương 10: Giao tiếp & Mối quan hệ xã hội (コミュニケーションと社交),実施 (じっし),thực thi
356,10,Chương 10: Giao tiếp & Mối quan hệ xã hội (コミュニケーションと社交),許可 (きょか),"cho phép, chấp nhận"
357,10,Chương 10: Giao tiếp & Mối quan hệ xã hội (コミュニケーションと社交),全体 (ぜんたい),"toàn thể, toàn bộ"
358,10,Chương 10: Giao tiếp & Mối quan hệ xã hội (コミュニケーションと社交),部分 (ぶぶん),"bộ phận, 1 phần"
359,10,Chương 10: Giao tiếp & Mối quan hệ xã hội (コミュニケーションと社交),統一 (とういつ),thống nhất
360,10,Chương 10: Giao tiếp & Mối quan hệ xã hội (コミュニケーションと社交),拡大 (かくだい),"mở rộng, phóng to"
361,10,Chương 10: Giao tiếp & Mối quan hệ xã hội (コミュニケーションと社交),縮小 (しゅくしょう),"thu nhỏ, làm ngắn"
362,10,Chương 10: Giao tiếp & Mối quan hệ xã hội (コミュニケーションと社交),集合 (しゅうごう),"tập hợp, tập kết"
363,10,Chương 10: Giao tiếp & Mối quan hệ xã hội (コミュニケーションと社交),方向 (ほうこう),phương hướng
364,10,Chương 10: Giao tiếp & Mối quan hệ xã hội (コミュニケーションと社交),間隔 (かんかく),"khoảng cách, giãn cách"
365,10,Chương 10: Giao tiếp & Mối quan hệ xã hội (コミュニケーションと社交),脇 (わき),"phía bên, nách"
366,10,Chương 10: Giao tiếp & Mối quan hệ xã hội (コミュニケーションと社交),通過 (つうか),thông qua
367,10,Chương 10: Giao tiếp & Mối quan hệ xã hội (コミュニケーションと社交),移動 (いどう),"di chuyển, đi lại"
368,10,Chương 10: Giao tiếp & Mối quan hệ xã hội (コミュニケーションと社交),停止 (ていし),"dừng lại, tạm dừng"
369,10,Chương 10: Giao tiếp & Mối quan hệ xã hội (コミュニケーションと社交),低下 (ていか),"giảm sút, giảm đi"
370,10,Chương 10: Giao tiếp & Mối quan hệ xã hội (コミュニケーションと社交),超過 (ちょうか),"vượt quá đếm được (tiền, thời gian, bệnh)"
371,10,Chương 10: Giao tiếp & Mối quan hệ xã hội (コミュニケーションと社交),立ち上がる (たちあがる),"đứng lên, nổi dậy"
372,10,Chương 10: Giao tiếp & Mối quan hệ xã hội (コミュニケーションと社交),飛び上がる (とびあがる),"nhảy cẫng lên, đứng phắt dậy"
373,10,Chương 10: Giao tiếp & Mối quan hệ xã hội (コミュニケーションと社交),浮かび上がる (うかびあがる),"nổi lên, in bóng, hiện ra"
374,10,Chương 10: Giao tiếp & Mối quan hệ xã hội (コミュニケーションと社交),舞い上がる (まいあがる),"bay vút lên, cuộn lên, bay bông, nhào lộn"
375,10,Chương 10: Giao tiếp & Mối quan hệ xã hội (コミュニケーションと社交),燃え上がる (もえあがる),bốc cháy lên
376,10,Chương 10: Giao tiếp & Mối quan hệ xã hội (コミュニケーションと社交),盛り上がる (もりあがる),"Hăng máu lên, tăng lên, phấn khích"
377,10,Chương 10: Giao tiếp & Mối quan hệ xã hội (コミュニケーションと社交),沸き上がる (わきあがる),"sôi lên, dâng trào cảm xúc"
378,10,Chương 10: Giao tiếp & Mối quan hệ xã hội (コミュニケーションと社交),晴れ上がる (はれあがる),"sáng sủa lên, trở nên sạch"
379,10,Chương 10: Giao tiếp & Mối quan hệ xã hội (コミュニケーションと社交),震え上がる (ふるえあがる),run bắn lên
380,10,Chương 10: Giao tiếp & Mối quan hệ xã hội (コミュニケーションと社交),縮み上がる (ちぢみあがる),Co rúm lại; sợ hãi; khúm núm
381,10,Chương 10: Giao tiếp & Mối quan hệ xã hội (コミュニケーションと社交),干上がる (ひあがる),"khô nẻ, khô cằn"
382,10,Chương 10: Giao tiếp & Mối quan hệ xã hội (コミュニケーションと社交),でき上がる (できあがる),"Hoàn tất, nấu xong"
383,10,Chương 10: Giao tiếp & Mối quan hệ xã hội (コミュニケーションと社交),持ち上げる (もちあげる),"nhấc lên, nâng, dựng đứng,"
384,10,Chương 10: Giao tiếp & Mối quan hệ xã hội (コミュニケーションと社交),見上げる (みあげる),"ngước lên, ngưỡng mộ"
385,10,Chương 10: Giao tiếp & Mối quan hệ xã hội (コミュニケーションと社交),積み上げる (つみあげる),"vun lên, chất lên, tích lũy"
386,10,Chương 10: Giao tiếp & Mối quan hệ xã hội (コミュニケーションと社交),打ち上げる (うちあげる),báo cáo; phóng; bắn lên
387,10,Chương 10: Giao tiếp & Mối quan hệ xã hội (コミュニケーションと社交),立ち上げる (たちあげる),"khởi động, thành lập, bắt đầu"
388,10,Chương 10: Giao tiếp & Mối quan hệ xã hội (コミュニケーションと社交),切り上げる (きりあげる),"làm tròn lên, kết thúc, cắt"
389,10,Chương 10: Giao tiếp & Mối quan hệ xã hội (コミュニケーションと社交),繰り上げる (くりあげる),"sớm hơn (lịch trình), thăng tiến"
390,10,Chương 10: Giao tiếp & Mối quan hệ xã hội (コミュニケーションと社交),磨き上げる (みがきあげる),"đánh bóng, mài giũa"
391,11,"Chương 11: Học tập, Thi cử & Trường học (学習・試験と学校教育)",鍛え上げる (きたえあげる),"dạy dỗ, rèn luyện"
392,11,"Chương 11: Học tập, Thi cử & Trường học (学習・試験と学校教育)",書き上げる (かきあげる),"Viết xong, hoàn thành"
393,11,"Chương 11: Học tập, Thi cử & Trường học (学習・試験と学校教育)",育て上げる (そだてあげる),Nuôi lớn
394,11,"Chương 11: Học tập, Thi cử & Trường học (学習・試験と学校教育)",読み上げる (よみあげる),"Đọc to, đọc ra"
395,11,"Chương 11: Học tập, Thi cử & Trường học (学習・試験と学校教育)",数え上げる (かぞえあげる),"Nêu lên, liệt kê, đếm"
396,11,"Chương 11: Học tập, Thi cử & Trường học (学習・試験と学校教育)",投げ出す (なげだす),"ngồi vắt chéo chân, từ bỏ"
397,11,"Chương 11: Học tập, Thi cử & Trường học (学習・試験と学校教育)",持ち出す (もちだす),"mang ra ngoài, cầm đi"
398,11,"Chương 11: Học tập, Thi cử & Trường học (学習・試験と学校教育)",追い出す (おいだす),"đuổi đi, tống cổ"
399,11,"Chương 11: Học tập, Thi cử & Trường học (学習・試験と学校教育)",放り出す (ほうりだす),"quảng đi, phóng ra, bỏ cuộc"
400,11,"Chương 11: Học tập, Thi cử & Trường học (学習・試験と学校教育)",貸し出す (かしだす),cho vay; cho mượn
401,11,"Chương 11: Học tập, Thi cử & Trường học (学習・試験と学校教育)",聞き出す (ききだす),"lắng nghe, chất vấn"
402,11,"Chương 11: Học tập, Thi cử & Trường học (学習・試験と学校教育)",連れ出す (つれだす),dẫn ra ngoài
403,11,"Chương 11: Học tập, Thi cử & Trường học (学習・試験と学校教育)",引っ張り出す (ひっぱりだす),"lôi ra, đem ra, kéo ra ngoài"
404,11,"Chương 11: Học tập, Thi cử & Trường học (学習・試験と学校教育)",逃げ出す (にげだす),"chạy trốn, thoát ra ngoài"
405,11,"Chương 11: Học tập, Thi cử & Trường học (学習・試験と学校教育)",飛び出す (とびだす),"phóng ra, bỏ nhà đi"
406,11,"Chương 11: Học tập, Thi cử & Trường học (学習・試験と学校教育)",見つけ出す (みつけだす),"tìm thấy, tìm ra"
407,11,"Chương 11: Học tập, Thi cử & Trường học (学習・試験と学校教育)",探し出す (さがしだす),tìm thấy được
408,11,"Chương 11: Học tập, Thi cử & Trường học (学習・試験と学校教育)",書き出す (かきだす),viết ra
409,11,"Chương 11: Học tập, Thi cử & Trường học (学習・試験と学校教育)",飛び込む (とびこむ),"nhảy vào, lao vào"
410,11,"Chương 11: Học tập, Thi cử & Trường học (学習・試験と学校教育)",駆け込む (かけこむ),"đâm sầm vào, vội vã chạy"
411,11,"Chương 11: Học tập, Thi cử & Trường học (学習・試験と学校教育)",割り込む (わりこむ),chen vào; xen ngang
412,11,"Chương 11: Học tập, Thi cử & Trường học (学習・試験と学校教育)",差し込む (さしこむ),"cắm vào ( điện, chìa khóa...), chiếu vào"
413,11,"Chương 11: Học tập, Thi cử & Trường học (学習・試験と学校教育)",染み込む (しみこむ),"ngấm gia vị, thấm vào"
414,11,"Chương 11: Học tập, Thi cử & Trường học (学習・試験と学校教育)",引っ込む (ひっこむ),"lui vào, co lại, quy ân giang hồ"
415,11,"Chương 11: Học tập, Thi cử & Trường học (学習・試験と学校教育)",詰め込む (つめこむ),"nhét vào, tống vào"
416,11,"Chương 11: Học tập, Thi cử & Trường học (学習・試験と学校教育)",飲み込む (のみこむ),"nuốt vào, hiểu rõ"
417,11,"Chương 11: Học tập, Thi cử & Trường học (学習・試験と学校教育)",運び込む (はこびこむ),"mang vào, bê vào"
418,11,"Chương 11: Học tập, Thi cử & Trường học (学習・試験と学校教育)",打ち込む (うちこむ),"đóng (đỉnh), cống hiến, nhập ( dữ liệu )"
419,11,"Chương 11: Học tập, Thi cử & Trường học (学習・試験と学校教育)",注ぎ込む (そそぎこむ),"dồn hết vào, đổ vào"
420,11,"Chương 11: Học tập, Thi cử & Trường học (学習・試験と学校教育)",引き込む (ひきこむ),"lôi kéo vào, dẫn vào"
421,11,"Chương 11: Học tập, Thi cử & Trường học (学習・試験と学校教育)",書き込む (かきこむ),"ghi vào, viết vào, đăng tải"
422,11,"Chương 11: Học tập, Thi cử & Trường học (学習・試験と学校教育)",巻き込む (まきこむ),"cuộn vào, lôi kéo"
423,11,"Chương 11: Học tập, Thi cử & Trường học (学習・試験と学校教育)",追い込む (おいこむ),"lùa, dồn vào"
424,11,"Chương 11: Học tập, Thi cử & Trường học (学習・試験と学校教育)",呼び込む (よびこむ),"mời gọi, lôi kéo, thu hút, đem lại"
425,11,"Chương 11: Học tập, Thi cử & Trường học (学習・試験と学校教育)",座り込む (すわりこむ),"ngồi lì, ngồi bệt xuống"
426,11,"Chương 11: Học tập, Thi cử & Trường học (学習・試験と学校教育)",寝込む (ねこむ),"hôn mê, nằm liệt giường"
427,11,"Chương 11: Học tập, Thi cử & Trường học (学習・試験と学校教育)",話し込む (はなしこむ),"Say sưa trò chuyện, nhập tâm"
428,11,"Chương 11: Học tập, Thi cử & Trường học (学習・試験と学校教育)",黙り込む (だまりこむ),"chìm vào yên lặng, giữ im lặng"
429,11,"Chương 11: Học tập, Thi cử & Trường học (学習・試験と学校教育)",泊まり込む (とまりこむ),"trọ lại, ở lại"
430,12,Chương 12: Tìm việc & Phỏng vấn tuyển dụng (就職活動・面接と採用),住み込む (すみこむ),"Ở nhờ, ăn nhờ ở đậu"
431,12,Chương 12: Tìm việc & Phỏng vấn tuyển dụng (就職活動・面接と採用),煮込む (にこむ),"nấu nhừ, ninh kỹ"
432,12,Chương 12: Tìm việc & Phỏng vấn tuyển dụng (就職活動・面接と採用),売り込む (うりこむ),"chào hàng, tiếp thị sản phẩm"
433,12,Chương 12: Tìm việc & Phỏng vấn tuyển dụng (就職活動・面接と採用),頼み込む (たのみこむ),"năn nỉ, nhờ vả"
434,12,Chương 12: Tìm việc & Phỏng vấn tuyển dụng (就職活動・面接と採用),教え込む (おしえこむ),"dạy dỗ, huấn luyện"
435,12,Chương 12: Tìm việc & Phỏng vấn tuyển dụng (就職活動・面接と採用),話し合う (はなしあう),"trò chuyện, nói chuyện"
436,12,Chương 12: Tìm việc & Phỏng vấn tuyển dụng (就職活動・面接と採用),言い合う (いいあう),"tranh luận, cãi cọ, thốt lên"
437,12,Chương 12: Tìm việc & Phỏng vấn tuyển dụng (就職活動・面接と採用),語り合う (かたりあう),"tâm sự, hàn huyên"
438,12,Chương 12: Tìm việc & Phỏng vấn tuyển dụng (就職活動・面接と採用),見つめ合う (みつめあう),nhìn chằm chằm
439,12,Chương 12: Tìm việc & Phỏng vấn tuyển dụng (就職活動・面接と採用),向かい合う (むかいあう),đối diện nhau
440,12,Chương 12: Tìm việc & Phỏng vấn tuyển dụng (就職活動・面接と採用),助け合う (たすけあう),giúp đỡ hỗ trợ nhau
441,12,Chương 12: Tìm việc & Phỏng vấn tuyển dụng (就職活動・面接と採用),分け合う (わけあう),"chia sẻ, chia đều ra.."
442,12,Chương 12: Tìm việc & Phỏng vấn tuyển dụng (就職活動・面接と採用),出し合う (だしあう),"đóng góp, phối hợp, cùng góp phần"
443,12,Chương 12: Tìm việc & Phỏng vấn tuyển dụng (就職活動・面接と採用),申し合わせる (もうしあわせる),"thống nhất, sắp xếp"
444,12,Chương 12: Tìm việc & Phỏng vấn tuyển dụng (就職活動・面接と採用),誘い合わせる (さそいあわせる),"hẹn nhau, rủ nhau"
445,12,Chương 12: Tìm việc & Phỏng vấn tuyển dụng (就職活動・面接と採用),隣り合わせる (となりあわせる),cạnh nhau
446,12,Chương 12: Tìm việc & Phỏng vấn tuyển dụng (就職活動・面接と採用),組み合わせる (くみあわせる),ghép lại; kết hợp; liên kết lại; liên kết; phối hợp
447,12,Chương 12: Tìm việc & Phỏng vấn tuyển dụng (就職活動・面接と採用),詰め合わせる (つめあわせる),"đóng gói, đóng hộp"
448,12,Chương 12: Tìm việc & Phỏng vấn tuyển dụng (就職活動・面接と採用),重ね合わせる (かさねあわせる),"xếp chồng lên, tựa như"
449,12,Chương 12: Tìm việc & Phỏng vấn tuyển dụng (就職活動・面接と採用),居合わせる (いあわせる),tình cờ gặp
450,12,Chương 12: Tìm việc & Phỏng vấn tuyển dụng (就職活動・面接と採用),乗り合わせる (のりあわせる),"đi cùng chuyến, đi chung xe"
451,12,Chương 12: Tìm việc & Phỏng vấn tuyển dụng (就職活動・面接と採用),持ち合わせる (もちあわせる),"có trong tay, có mang theo"
452,12,Chương 12: Tìm việc & Phỏng vấn tuyển dụng (就職活動・面接と採用),問い合わせる (といあわせる),hỏi; hỏi thăm
453,12,Chương 12: Tìm việc & Phỏng vấn tuyển dụng (就職活動・面接と採用),照らし合わせる (てらしあわせる),"so sánh, đối chiếu"
454,12,Chương 12: Tìm việc & Phỏng vấn tuyển dụng (就職活動・面接と採用),聞き直す (ききなおす),"nghe lại, hỏi lại"
455,12,Chương 12: Tìm việc & Phỏng vấn tuyển dụng (就職活動・面接と採用),やり直す (やりなおす),"làm lại, bắt đầu lại"
456,12,Chương 12: Tìm việc & Phỏng vấn tuyển dụng (就職活動・面接と採用),かけ直す (かけなおす),gọi lại
457,12,Chương 12: Tìm việc & Phỏng vấn tuyển dụng (就職活動・面接と採用),出直す (でなおす),"làm lại từ đầu, trở lại"
458,12,Chương 12: Tìm việc & Phỏng vấn tuyển dụng (就職活動・面接と採用),持ち直す (もちなおす),chuyển biến tốt
459,12,Chương 12: Tìm việc & Phỏng vấn tuyển dụng (就職活動・面接と採用),考え直す (かんがえなおす),"xem lại, suy nghĩ lại"
460,12,Chương 12: Tìm việc & Phỏng vấn tuyển dụng (就職活動・面接と採用),思い直す (おもいなおす),nghĩ lại; thay đổi ý định; đổi ý
461,12,Chương 12: Tìm việc & Phỏng vấn tuyển dụng (就職活動・面接と採用),アンテナ,"ăng ten, nghe ngóng"
462,12,Chương 12: Tìm việc & Phỏng vấn tuyển dụng (就職活動・面接と採用),イヤホン,tai nghe
463,12,Chương 12: Tìm việc & Phỏng vấn tuyển dụng (就職活動・面接と採用),サイレン,"tiếng chuông (chuông tan ca, chuông báo cháy)"
464,12,Chương 12: Tìm việc & Phỏng vấn tuyển dụng (就職活動・面接と採用),コード,"dây (điện), mã số"
465,12,Chương 12: Tìm việc & Phỏng vấn tuyển dụng (就職活動・面接と採用),モニター,"màn hình, khảo sát"
466,12,Chương 12: Tìm việc & Phỏng vấn tuyển dụng (就職活動・面接と採用),メーター,đồng hồ đo
467,12,Chương 12: Tìm việc & Phỏng vấn tuyển dụng (就職活動・面接と採用),ペア,"một cặp, ghép đôi"
468,12,Chương 12: Tìm việc & Phỏng vấn tuyển dụng (就職活動・面接と採用),リズム,"giai điệu, nhịp"
469,13,Chương 13: Môi trường công sở & Đồng nghiệp (職場環境・同僚と業務),アクセント,"trọng âm, điểm nhấn"
470,13,Chương 13: Môi trường công sở & Đồng nghiệp (職場環境・同僚と業務),アルファベット,bảng chữ cái
471,13,Chương 13: Môi trường công sở & Đồng nghiệp (職場環境・同僚と業務),アドレス,địa chỉ
472,13,Chương 13: Môi trường công sở & Đồng nghiệp (職場環境・同僚と業務),メモ,ghi chú
473,13,Chương 13: Môi trường công sở & Đồng nghiệp (職場環境・同僚と業務),マーク,"đánh dấu, kí hiệu"
474,13,Chương 13: Môi trường công sở & Đồng nghiệp (職場環境・同僚と業務),イラスト,"hình minh họa, bức họa"
475,13,Chương 13: Môi trường công sở & Đồng nghiệp (職場環境・同僚と業務),サイン,"chữ kí, dấu hiệu"
476,13,Chương 13: Môi trường công sở & Đồng nghiệp (職場環境・同僚と業務),スター,"ngôi sao nổi tiếng, thần tượng"
477,13,Chương 13: Môi trường công sở & Đồng nghiệp (職場環境・同僚と業務),アンコール,"yêu cầu của khán giả, diễn thêm tặng khán giả"
478,13,Chương 13: Môi trường công sở & Đồng nghiệp (職場環境・同僚と業務),モデル,"người mẫu, mô hình"
479,13,Chương 13: Môi trường công sở & Đồng nghiệp (職場環境・同僚と業務),サンプル,hàng mẫu
480,13,Chương 13: Môi trường công sở & Đồng nghiệp (職場環境・同僚と業務),スタイル,"kiểu cách, phong cách"
481,13,Chương 13: Môi trường công sở & Đồng nghiệp (職場環境・同僚と業務),ウエスト,"eo, vòng eo"
482,13,Chương 13: Môi trường công sở & Đồng nghiệp (職場環境・同僚と業務),カロリー,calo
483,13,Chương 13: Môi trường công sở & Đồng nghiệp (職場環境・同僚と業務),オーバー,"quá, vượt quá"
484,13,Chương 13: Môi trường công sở & Đồng nghiệp (職場環境・同僚と業務),コントロール,"kiểm soát, điều khiển"
485,13,Chương 13: Môi trường công sở & Đồng nghiệp (職場環境・同僚と業務),カーブ,"khúc cua, đường cong"
486,13,Chương 13: Môi trường công sở & Đồng nghiệp (職場環境・同僚と業務),コース,"khóa học, phần ăn, đường chạy (marathon)"
487,13,Chương 13: Môi trường công sở & Đồng nghiệp (職場環境・同僚と業務),レース,"cuộc đua, ren (viên áo – quần)"
488,13,Chương 13: Môi trường công sở & Đồng nghiệp (職場環境・同僚と業務),リード,dẫn đầu
489,13,Chương 13: Môi trường công sở & Đồng nghiệp (職場環境・同僚と業務),トップ,đầu bảng
490,13,Chương 13: Môi trường công sở & Đồng nghiệp (職場環境・同僚と業務),ゴール,"về đích, kết thúc, điểm đích"
491,13,Chương 13: Môi trường công sở & Đồng nghiệp (職場環境・同僚と業務),パス,"vượt qua, đường chuyền"
492,13,Chương 13: Môi trường công sở & Đồng nghiệp (職場環境・同僚と業務),ベスト,tốt nhất
493,13,Chương 13: Môi trường công sở & Đồng nghiệp (職場環境・同僚と業務),レギュラー,"thông thường, chính thức"
494,13,Chương 13: Môi trường công sở & Đồng nghiệp (職場環境・同僚と業務),コーチ,huấn luyện viên
495,13,Chương 13: Môi trường công sở & Đồng nghiệp (職場環境・同僚と業務),キャプテン,đội trưởng
496,13,Chương 13: Môi trường công sở & Đồng nghiệp (職場環境・同僚と業務),サークル,câu lạc bộ
497,13,Chương 13: Môi trường công sở & Đồng nghiệp (職場環境・同僚と業務),キャンパス,"khuôn viên, sân bãi trường học"
498,13,Chương 13: Môi trường công sở & Đồng nghiệp (職場環境・同僚と業務),オリエンテーション,"định hướng, buổi giới thiệu"
499,13,Chương 13: Môi trường công sở & Đồng nghiệp (職場環境・同僚と業務),カリキュラム,"giáo án, chương trình giảng dạy"
500,13,Chương 13: Môi trường công sở & Đồng nghiệp (職場環境・同僚と業務),プログラム,"chương trình, lập trình"
501,13,Chương 13: Môi trường công sở & Đồng nghiệp (職場環境・同僚と業務),レッスン,bài học
502,13,Chương 13: Môi trường công sở & Đồng nghiệp (職場環境・同僚と業務),レクリエーション,"giải trí, nghỉ giải lao"
503,13,Chương 13: Môi trường công sở & Đồng nghiệp (職場環境・同僚と業務),レジャー,"vui chơi, rảnh rỗi"
504,13,Chương 13: Môi trường công sở & Đồng nghiệp (職場環境・同僚と業務),ガイド,hướng dẫn
505,13,Chương 13: Môi trường công sở & Đồng nghiệp (職場環境・同僚と業務),シーズン,mùa
506,13,Chương 13: Môi trường công sở & Đồng nghiệp (職場環境・同僚と業務),$x^{*}1+(7^{\circ}>7),"bảng giờ tàu chạy, kim cương"
507,13,Chương 13: Môi trường công sở & Đồng nghiệp (職場環境・同僚と業務),ウイークデー,ngày trong tuần
508,14,"Chương 14: Kế hoạch, Họp hành & Đàm phán (計画・会議と交渉)",サービス,dịch vụ
509,14,"Chương 14: Kế hoạch, Họp hành & Đàm phán (計画・会議と交渉)",アルコール,"cồn, rượu"
510,14,"Chương 14: Kế hoạch, Họp hành & Đàm phán (計画・会議と交渉)",デコレーション,trang trí
511,14,"Chương 14: Kế hoạch, Họp hành & Đàm phán (計画・会議と交渉)",最も (もっとも),"...nhất, vô cùng; cực kỳ = 一番, tuy nhiên"
512,14,"Chương 14: Kế hoạch, Họp hành & Đàm phán (計画・会議と交渉)",ほぼ,"gần như, hầu như"
513,14,"Chương 14: Kế hoạch, Họp hành & Đàm phán (計画・会議と交渉)",相当 (そうとう),"Tương đối, khá = かなり"
514,14,"Chương 14: Kế hoạch, Họp hành & Đàm phán (計画・会議と交渉)",割合 (わりあい),"tương đối, khá là, tỷ lệ"
515,14,"Chương 14: Kế hoạch, Họp hành & Đàm phán (計画・会議と交渉)",多少 (たしょう),"một chút, ít nhiều = 少し"
516,14,"Chương 14: Kế hoạch, Họp hành & Đàm phán (計画・会議と交渉)",少々 (しょうしょう),"một chút, một lát"
517,14,"Chương 14: Kế hoạch, Họp hành & Đàm phán (計画・会議と交渉)",すべて,mọi thứ
518,14,"Chương 14: Kế hoạch, Họp hành & Đàm phán (計画・会議と交渉)",何もかも (なにもかも),"Bất cứ thứ gì, mọi thứ"
519,14,"Chương 14: Kế hoạch, Họp hành & Đàm phán (計画・会議と交渉)",たっぷり,"đủ, nhiều, đầy ắp, lỏng lẻo, rộng rãi"
520,14,"Chương 14: Kế hoạch, Họp hành & Đàm phán (計画・会議と交渉)",できるだけ,cố gắng hết sức
521,14,"Chương 14: Kế hoạch, Họp hành & Đàm phán (計画・会議と交渉)",次第に (しだいに),"dần dần, từng chút một (=だんだん)"
522,14,"Chương 14: Kế hoạch, Họp hành & Đàm phán (計画・会議と交渉)",徐々に (じょじょに),"Chầm chậm, dần dần"
523,14,"Chương 14: Kế hoạch, Họp hành & Đàm phán (計画・会議と交渉)",さらに,"hơn nữa, ngoài ra"
524,14,"Chương 14: Kế hoạch, Họp hành & Đàm phán (計画・会議と交渉)",一層 (いっそう),"hơn, hơn nữa"
525,14,"Chương 14: Kế hoạch, Họp hành & Đàm phán (計画・会議と交渉)",一段と (いちだんと),"hơn hẳn, hơn 1 bậc"
526,14,"Chương 14: Kế hoạch, Họp hành & Đàm phán (計画・会議と交渉)",より,hơn
527,14,"Chương 14: Kế hoạch, Họp hành & Đàm phán (計画・会議と交渉)",結局 (けっきょく),"kết cục, rốt cuộc"
528,14,"Chương 14: Kế hoạch, Họp hành & Đàm phán (計画・会議と交渉)",ようやく,cuối cùng
529,14,"Chương 14: Kế hoạch, Họp hành & Đàm phán (計画・会議と交渉)",再び (ふたたび),lần nữa
530,14,"Chương 14: Kế hoạch, Họp hành & Đàm phán (計画・会議と交渉)",たちまち,"ngay lập tức, đột nhiên"
531,14,"Chương 14: Kế hoạch, Họp hành & Đàm phán (計画・会議と交渉)",今度 (こんど),"lần này, sắp tới, lần tới"
532,14,"Chương 14: Kế hoạch, Họp hành & Đàm phán (計画・会議と交渉)",今後 (こんご),"từ bây giờ trở đi, sắp tới"
533,14,"Chương 14: Kế hoạch, Họp hành & Đàm phán (計画・会議と交渉)",後(に) (のち(に)),sau đó
534,14,"Chương 14: Kế hoạch, Họp hành & Đàm phán (計画・会議と交渉)",まもなく,"chẳng mấy chốc, sắp"
535,14,"Chương 14: Kế hoạch, Họp hành & Đàm phán (計画・会議と交渉)",そのうち(に),"sẽ sớm thôi, 1 lúc nữa"
536,14,"Chương 14: Kế hoạch, Họp hành & Đàm phán (計画・会議と交渉)",やがて,"chẳng mấy chốc, sắp sủa, hầu như, sau cùng"
537,14,"Chương 14: Kế hoạch, Họp hành & Đàm phán (計画・会議と交渉)",いずれ,"1 ngày nào đó, sớm muộn gì thì, đằng nào"
538,14,"Chương 14: Kế hoạch, Họp hành & Đàm phán (計画・会議と交渉)",先ほど (さきほど),"mới lúc trước, cách đây không lâu, lúc nãy"
539,14,"Chương 14: Kế hoạch, Họp hành & Đàm phán (計画・会議と交渉)",とっくに,"thời gian trức đây, lâu rồi"
540,14,"Chương 14: Kế hoạch, Họp hành & Đàm phán (計画・会議と交渉)",すでに,đã...
541,14,"Chương 14: Kế hoạch, Họp hành & Đàm phán (計画・会議と交渉)",事前に (じぜんに),trước
542,14,"Chương 14: Kế hoạch, Họp hành & Đàm phán (計画・会議と交渉)",当日 (とうじつ),hôm ấy
543,14,"Chương 14: Kế hoạch, Họp hành & Đàm phán (計画・会議と交渉)",当時 (とうじ),"lúc đó, khi ấy, hồi đó"
544,14,"Chương 14: Kế hoạch, Họp hành & Đàm phán (計画・会議と交渉)",一時 (いちじ),"tạm thời, nhất thời, có lúc"
545,14,"Chương 14: Kế hoạch, Họp hành & Đàm phán (計画・会議と交渉)",至急 (しきゅう),"khẩn cấp, ngay lập tức"
546,14,"Chương 14: Kế hoạch, Họp hành & Đàm phán (計画・会議と交渉)",直ちに (ただちに),ngay lập tức
547,15,"Chương 15: Kinh doanh, Thương mại & Thị trường (ビジネス・商業と市場)",早速 (さっそく),"nhanh chóng, luôn và ngay"
548,15,"Chương 15: Kinh doanh, Thương mại & Thị trường (ビジネス・商業と市場)",いきなり,"đột ngột, đột nhiên"
549,15,"Chương 15: Kinh doanh, Thương mại & Thị trường (ビジネス・商業と市場)",常に (つねに),"luôn luôn, lúc nào cũng"
550,15,"Chương 15: Kinh doanh, Thương mại & Thị trường (ビジネス・商業と市場)",絶えず (たえず),"liên tục, triền miên"
551,15,"Chương 15: Kinh doanh, Thương mại & Thị trường (ビジネス・商業と市場)",しばしば,"rất thường xuyên, không ngừng"
552,15,"Chương 15: Kinh doanh, Thương mại & Thị trường (ビジネス・商業と市場)",たびたび,"hay, nhiều lần, thường xuyên"
553,15,"Chương 15: Kinh doanh, Thương mại & Thị trường (ビジネス・商業と市場)",しょっちゅう,"suốt ngày, thường xuyên"
554,15,"Chương 15: Kinh doanh, Thương mại & Thị trường (ビジネス・商業と市場)",たまに,thỉnh thoảng
555,15,"Chương 15: Kinh doanh, Thương mại & Thị trường (ビジネス・商業と市場)",めったに,hiếm khi
556,15,"Chương 15: Kinh doanh, Thương mại & Thị trường (ビジネス・商業と市場)",にこにこ,tươi cười
557,15,"Chương 15: Kinh doanh, Thương mại & Thị trường (ビジネス・商業と市場)",にやにや,cười toe toét
558,15,"Chương 15: Kinh doanh, Thương mại & Thị trường (ビジネス・商業と市場)",どきどき,hồi hộp
559,15,"Chương 15: Kinh doanh, Thương mại & Thị trường (ビジネス・商業と市場)",はらはら,"áy náy, lo lắng"
560,15,"Chương 15: Kinh doanh, Thương mại & Thị trường (ビジネス・商業と市場)",かんかん,"bừng bừng, nổi giận"
561,15,"Chương 15: Kinh doanh, Thương mại & Thị trường (ビジネス・商業と市場)",びしょびしょ,"ướt sũng, chèm chẹp"
562,15,"Chương 15: Kinh doanh, Thương mại & Thị trường (ビジネス・商業と市場)",うろうろ,"lượn đi lượn lại, tha thẩn"
563,15,"Chương 15: Kinh doanh, Thương mại & Thị trường (ビジネス・商業と市場)",のろのろ,"chậm chạp, vụng về, lúng túng"
564,15,"Chương 15: Kinh doanh, Thương mại & Thị trường (ビジネス・商業と市場)",ふらふら,"chóng mặt, choáng váng, lông bông"
565,15,"Chương 15: Kinh doanh, Thương mại & Thị trường (ビジネス・商業と市場)",ぶらぶら,"loanh quanh, lang thang, lảng vảng"
566,15,"Chương 15: Kinh doanh, Thương mại & Thị trường (ビジネス・商業と市場)",したがって,"sở dĩ; vì vậy; do vậy ( đưa ra kết luận), theo đó"
567,15,"Chương 15: Kinh doanh, Thương mại & Thị trường (ビジネス・商業と市場)",だが,"tuy nhiên, tuy vậy, mặc dù"
568,15,"Chương 15: Kinh doanh, Thương mại & Thị trường (ビジネス・商業と市場)",ところが,"vậy mà, tuy nhiên, nhưng"
569,15,"Chương 15: Kinh doanh, Thương mại & Thị trường (ビジネス・商業と市場)",しかも,đã vậy lại còn
570,15,"Chương 15: Kinh doanh, Thương mại & Thị trường (ビジネス・商業と市場)",すると,"lập tức,, khi đó, rồi thì"
571,15,"Chương 15: Kinh doanh, Thương mại & Thị trường (ビジネス・商業と市場)",なぜなら,bởi vì là
572,15,"Chương 15: Kinh doanh, Thương mại & Thị trường (ビジネス・商業と市場)",だって,"vì là, do là, dẫu vậy, tuy vậy"
573,15,"Chương 15: Kinh doanh, Thương mại & Thị trường (ビジネス・商業と市場)",要するに (ようするに),"tóm lại, chủ yếu là"
574,15,"Chương 15: Kinh doanh, Thương mại & Thị trường (ビジネス・商業と市場)",すなわち,nói cách khác
575,15,"Chương 15: Kinh doanh, Thương mại & Thị trường (ビジネス・商業と市場)",あるいは,"hoặc, có lẽ"
576,15,"Chương 15: Kinh doanh, Thương mại & Thị trường (ビジネス・商業と市場)",さて,"và sau đây, tiếp theo"
577,15,"Chương 15: Kinh doanh, Thương mại & Thị trường (ビジネス・商業と市場)",では,"ngay sau đây, vậy thì"
578,15,"Chương 15: Kinh doanh, Thương mại & Thị trường (ビジネス・商業と市場)",ところで,"Nhân tiện, mà này..."
579,15,"Chương 15: Kinh doanh, Thương mại & Thị trường (ビジネス・商業と市場)",そう言えば (そういえば),"Nhắc mới nhớ, nói vậy thi...."
580,15,"Chương 15: Kinh doanh, Thương mại & Thị trường (ビジネス・商業と市場)",ただ,"Tuy... thế nhưng ..., ngoại trừ 1 điều, miễn phí"
581,15,"Chương 15: Kinh doanh, Thương mại & Thị trường (ビジネス・商業と市場)",食料 (しょくりょう),"đồ ăn, thực phẩm"
582,15,"Chương 15: Kinh doanh, Thương mại & Thị trường (ビジネス・商業と市場)",粒 (つぶ),"hạt, viên, giọt"
583,15,"Chương 15: Kinh doanh, Thương mại & Thị trường (ビジネス・商業と市場)",くず,"vụn rác, đồ cặn bã, đồ thừa"
584,15,"Chương 15: Kinh doanh, Thương mại & Thị trường (ビジネス・商業と市場)",栽培 (さいばい),"nuôi trồng, trồng trọt"
585,15,"Chương 15: Kinh doanh, Thương mại & Thị trường (ビジネス・商業と市場)",収穫 (しゅうかく),"thu hoạch, lĩnh hội, gặt hái"
586,16,"Chương 16: Kinh tế, Tài chính & Đầu tư (経済・金融と投資)",産地 (さんち),nơi sản xuất
587,16,"Chương 16: Kinh tế, Tài chính & Đầu tư (経済・金融と投資)",土地 (とち),đất đai
588,16,"Chương 16: Kinh tế, Tài chính & Đầu tư (経済・金融と投資)",倉庫 (そうこ),kho bãi
589,16,"Chương 16: Kinh tế, Tài chính & Đầu tư (経済・金融と投資)",所有 (しょゆう),sở hữu
590,16,"Chương 16: Kinh tế, Tài chính & Đầu tư (経済・金融と投資)",収集 (しゅうしゅう),"thu thập, thu gom"
591,16,"Chương 16: Kinh tế, Tài chính & Đầu tư (経済・金融と投資)",滞在 (たいざい),"ở, lưu trú"
592,16,"Chương 16: Kinh tế, Tài chính & Đầu tư (経済・金融と投資)",便 (べん),thuận tiện
593,16,"Chương 16: Kinh tế, Tài chính & Đầu tư (経済・金融と投資)",便 (びん),"chuyến, tuyến"
594,16,"Chương 16: Kinh tế, Tài chính & Đầu tư (経済・金融と投資)",設備 (せつび),thiết bị
595,16,"Chương 16: Kinh tế, Tài chính & Đầu tư (経済・金融と投資)",設計 (せっけい),thiết kế
596,16,"Chương 16: Kinh tế, Tài chính & Đầu tư (経済・金融と投資)",制作・製作 (せいさく),"chế tạo, sáng tác"
597,16,"Chương 16: Kinh tế, Tài chính & Đầu tư (経済・金融と投資)",製造 (せいぞう),"chế tạo, sản xuất"
598,16,"Chương 16: Kinh tế, Tài chính & Đầu tư (経済・金融と投資)",建築 (けんちく),"kiến thiết, xây dựng"
599,16,"Chương 16: Kinh tế, Tài chính & Đầu tư (経済・金融と投資)",人工 (じんこう),"nhân tạo, nhân công"
600,16,"Chương 16: Kinh tế, Tài chính & Đầu tư (経済・金融と投資)",圧力 (あつりょく),"áp lực, sức ép"
601,16,"Chương 16: Kinh tế, Tài chính & Đầu tư (経済・金融と投資)",刺激 (しげき),"kích thích, khiêu khích"
602,16,"Chương 16: Kinh tế, Tài chính & Đầu tư (経済・金融と投資)",摩擦 (まさつ),"ma sát, mâu thuẫn"
603,16,"Chương 16: Kinh tế, Tài chính & Đầu tư (経済・金融と投資)",立場 (たちば),"lập trường, quan điểm"
604,16,"Chương 16: Kinh tế, Tài chính & Đầu tư (経済・金融と投資)",役割 (やくわり),"vai trò, phận sự"
605,16,"Chương 16: Kinh tế, Tài chính & Đầu tư (経済・金融と投資)",分担 (ぶんたん),"chia sẻ, gánh vác"
606,16,"Chương 16: Kinh tế, Tài chính & Đầu tư (経済・金融と投資)",担当 (たんとう),"chịu trách nhiệm, đảm đương"
607,16,"Chương 16: Kinh tế, Tài chính & Đầu tư (経済・金融と投資)",交代・交替 (こうたい),"luân phiên, thay đổi"
608,16,"Chương 16: Kinh tế, Tài chính & Đầu tư (経済・金融と投資)",代理 (だいり),"đại diện, thay thế"
609,16,"Chương 16: Kinh tế, Tài chính & Đầu tư (経済・金融と投資)",審判 (しんぱん),"thẩm phám, trọng tài"
610,16,"Chương 16: Kinh tế, Tài chính & Đầu tư (経済・金融と投資)",監督 (かんとく),"đạo diễn, giám sát, HLV"
611,16,"Chương 16: Kinh tế, Tài chính & Đầu tư (経済・金融と投資)",予測 (よそく),dự đoán
612,16,"Chương 16: Kinh tế, Tài chính & Đầu tư (経済・金融と投資)",予期 (よき),mong đợi
613,16,"Chương 16: Kinh tế, Tài chính & Đầu tư (経済・金融と投資)",判断 (はんだん),"suy xét, xem xét"
614,16,"Chương 16: Kinh tế, Tài chính & Đầu tư (経済・金融と投資)",評価 (ひょうか),"đánh giá, bình phẩm"
615,16,"Chương 16: Kinh tế, Tài chính & Đầu tư (経済・金融と投資)",指示 (しじ),"chỉ dẫn, chỉ thị"
616,16,"Chương 16: Kinh tế, Tài chính & Đầu tư (経済・金融と投資)",無視 (むし),"bỏ qua, ngó ngơ"
617,16,"Chương 16: Kinh tế, Tài chính & Đầu tư (経済・金融と投資)",無断 (むだん),tự ý tự tiện
618,16,"Chương 16: Kinh tế, Tài chính & Đầu tư (経済・金融と投資)",承知 (しょうち),"hiểu rõ, thừa nhận, thấu hiểu"
619,16,"Chương 16: Kinh tế, Tài chính & Đầu tư (経済・金融と投資)",納得 (なっとく),"tiếp thụ, lĩnh hội, nắm bắt"
620,16,"Chương 16: Kinh tế, Tài chính & Đầu tư (経済・金融と投資)",疑問 (ぎもん),"nghi vấn, thắc mắc"
621,16,"Chương 16: Kinh tế, Tài chính & Đầu tư (経済・金融と投資)",推測 (すいそく),"phỏng đoán, dự đoán"
622,16,"Chương 16: Kinh tế, Tài chính & Đầu tư (経済・金融と投資)",肯定 (こうてい),khẳng định
623,16,"Chương 16: Kinh tế, Tài chính & Đầu tư (経済・金融と投資)",参考 (さんこう),tham khảo
624,16,"Chương 16: Kinh tế, Tài chính & Đầu tư (経済・金融と投資)",程度 (ていど),mức độ; trình độ
625,17,"Chương 17: Khoa học, Công nghệ & Kỹ thuật (科学・技術とIT)",評判 (ひょうばん),"đánh giá, có tiếng là"
626,17,"Chương 17: Khoa học, Công nghệ & Kỹ thuật (科学・技術とIT)",批評 (ひひょう),"bình luận, đánh giá"
627,17,"Chương 17: Khoa học, Công nghệ & Kỹ thuật (科学・技術とIT)",推薦 (すいせん),"tiến cử, giới thiệu"
628,17,"Chương 17: Khoa học, Công nghệ & Kỹ thuật (科学・技術とIT)",信用 (しんよう),"Tín nhiệm, sự tin tưởng"
629,17,"Chương 17: Khoa học, Công nghệ & Kỹ thuật (科学・技術とIT)",信頼 (しんらい),"Tin cậy, tín nhiệm"
630,17,"Chương 17: Khoa học, Công nghệ & Kỹ thuật (科学・技術とIT)",尊重 (そんちょう),"tôn trọng, coi trọng"
631,17,"Chương 17: Khoa học, Công nghệ & Kỹ thuật (科学・技術とIT)",作業 (さぎょう),"công việc, thao tác"
632,17,"Chương 17: Khoa học, Công nghệ & Kỹ thuật (科学・技術とIT)",工夫 (くふう),"Sáng kiến, phát minh, đào sâu nghiên cứu"
633,17,"Chương 17: Khoa học, Công nghệ & Kỹ thuật (科学・技術とIT)",消化 (しょうか),"tiêu hóa, tiêu thụ, thực hiện xong, đạt được"
634,17,"Chương 17: Khoa học, Công nghệ & Kỹ thuật (科学・技術とIT)",吸収 (きゅうしゅう),"hấp thụ, thấm"
635,17,"Chương 17: Khoa học, Công nghệ & Kỹ thuật (科学・技術とIT)",設置 (せっち),"Lắp đặt, bố trí"
636,17,"Chương 17: Khoa học, Công nghệ & Kỹ thuật (科学・技術とIT)",設定 (せってい),"thiết lập, cài đặt"
637,17,"Chương 17: Khoa học, Công nghệ & Kỹ thuật (科学・技術とIT)",調節 (ちょうせつ),"Điều chỉnh ( âm lượng, nhiệt độ )"
638,17,"Chương 17: Khoa học, Công nghệ & Kỹ thuật (科学・技術とIT)",調整 (ちょうせい),"điều chỉnh, sắp xếp, bố trí"
639,17,"Chương 17: Khoa học, Công nghệ & Kỹ thuật (科学・技術とIT)",解放 (かいほう),"giải phóng, giải thoát"
640,17,"Chương 17: Khoa học, Công nghệ & Kỹ thuật (科学・技術とIT)",総合 (そうごう),"tổng hợp, cùng nhau"
641,17,"Chương 17: Khoa học, Công nghệ & Kỹ thuật (科学・技術とIT)",連続 (れんぞく),"liên tục, dài tập"
642,17,"Chương 17: Khoa học, Công nghệ & Kỹ thuật (科学・技術とIT)",持続 (じぞく),"duy trì, tiếp tục"
643,17,"Chương 17: Khoa học, Công nghệ & Kỹ thuật (科学・技術とIT)",中断 (ちゅうだん),"gián đoạn, tạm dừng"
644,17,"Chương 17: Khoa học, Công nghệ & Kỹ thuật (科学・技術とIT)",安定 (あんてい),ổn định
645,17,"Chương 17: Khoa học, Công nghệ & Kỹ thuật (科学・技術とIT)",混乱 (こんらん),"lúng túng, hỗn loạn"
646,17,"Chương 17: Khoa học, Công nghệ & Kỹ thuật (科学・技術とIT)",上昇 (じょうしょう),"tiến lên, tăng lên, bốc lên"
647,17,"Chương 17: Khoa học, Công nghệ & Kỹ thuật (科学・技術とIT)",達成 (たっせい),"đạt được, hoàn thành"
648,17,"Chương 17: Khoa học, Công nghệ & Kỹ thuật (科学・技術とIT)",事情 (じじょう),"tình hình, điều kiện"
649,17,"Chương 17: Khoa học, Công nghệ & Kỹ thuật (科学・技術とIT)",事態 (じたい),"tình thế, tình trạng, sự tình"
650,17,"Chương 17: Khoa học, Công nghệ & Kỹ thuật (科学・技術とIT)",障害 (しょうがい),"khuyết tật, tàn tật"
651,17,"Chương 17: Khoa học, Công nghệ & Kỹ thuật (科学・技術とIT)",福祉 (ふくし),phúc lợi
652,17,"Chương 17: Khoa học, Công nghệ & Kỹ thuật (科学・技術とIT)",社会 (しゃかい),xã hội
653,17,"Chương 17: Khoa học, Công nghệ & Kỹ thuật (科学・技術とIT)",都会 (とかい),"thành phố, thành thị"
654,17,"Chương 17: Khoa học, Công nghệ & Kỹ thuật (科学・技術とIT)",世論 (よろん),dư luận
655,17,"Chương 17: Khoa học, Công nghệ & Kỹ thuật (科学・技術とIT)",民族 (みんぞく),dân tộc
656,17,"Chương 17: Khoa học, Công nghệ & Kỹ thuật (科学・技術とIT)",增大 (ぞうだい),"sự mở rộng, sự tăng thêm"
657,17,"Chương 17: Khoa học, Công nghệ & Kỹ thuật (科学・技術とIT)",增量 (ぞうりょう),tăng thêm lượng
658,17,"Chương 17: Khoa học, Công nghệ & Kỹ thuật (科学・技術とIT)",增税 (ぞうぜい),tăng thuế
659,17,"Chương 17: Khoa học, Công nghệ & Kỹ thuật (科学・技術とIT)",増員 (ぞういん),tăng số lượng nhân viên
660,17,"Chương 17: Khoa học, Công nghệ & Kỹ thuật (科学・技術とIT)",減点 (げんてん),giảm trừ
661,17,"Chương 17: Khoa học, Công nghệ & Kỹ thuật (科学・技術とIT)",減退 (げんたい),"giảm sút, suy thoái"
662,17,"Chương 17: Khoa học, Công nghệ & Kỹ thuật (科学・技術とIT)",減量 (げんりょう),"giảm cân, lượng hao hụt"
663,17,"Chương 17: Khoa học, Công nghệ & Kỹ thuật (科学・技術とIT)",開発 (かいはつ),"phát triển, khai thác"
664,18,"Chương 18: Tự nhiên, Môi trường & Khí hậu (自然・環境と気候)",開店 (かいてん),"mở cửa hàng, khai trương nhà hàng"
665,18,"Chương 18: Tự nhiên, Môi trường & Khí hậu (自然・環境と気候)",開業 (かいぎょう),"khởi nghiệp, triển khai, mở"
666,18,"Chương 18: Tự nhiên, Môi trường & Khí hậu (自然・環境と気候)",開催 (かいさい),"tổ chức, đăng cai"
667,18,"Chương 18: Tự nhiên, Môi trường & Khí hậu (自然・環境と気候)",開放 (かいほう),sự mở cửa; sự tự do hoá
668,18,"Chương 18: Tự nhiên, Môi trường & Khí hậu (自然・環境と気候)",閉鎖 (へいさ),"phong tỏa, đóng lối ra vào, tạm dừng công việc"
669,18,"Chương 18: Tự nhiên, Môi trường & Khí hậu (自然・環境と気候)",密閉 (みっぺい),"kín hơi, niêm phong"
670,18,"Chương 18: Tự nhiên, Môi trường & Khí hậu (自然・環境と気候)",改善 (かいぜん),cải thiện
671,18,"Chương 18: Tự nhiên, Môi trường & Khí hậu (自然・環境と気候)",改良 (かいりょう),cải tiến ( vật chất )
672,18,"Chương 18: Tự nhiên, Môi trường & Khí hậu (自然・環境と気候)",改革 (かいかく),Cải cách
673,18,"Chương 18: Tự nhiên, Môi trường & Khí hậu (自然・環境と気候)",改正 (かいせい),"cải chính, sửa đổi"
674,18,"Chương 18: Tự nhiên, Môi trường & Khí hậu (自然・環境と気候)",改定 (かいてい),"Sửa đổi, thay đổi"
675,18,"Chương 18: Tự nhiên, Môi trường & Khí hậu (自然・環境と気候)",改修 (かいしゅう),"Cảu tạo, tu bổ, nâng cấp"
676,18,"Chương 18: Tự nhiên, Môi trường & Khí hậu (自然・環境と気候)",一致 (いっち),"nhất trí, thống nhất, trùng hợp"
677,18,"Chương 18: Tự nhiên, Môi trường & Khí hậu (自然・環境と気候)",一方 (いっぽう),"mặt khác, ngày càng"
678,18,"Chương 18: Tự nhiên, Môi trường & Khí hậu (自然・環境と気候)",一定 (いってい),"nhất định, không thay đổi"
679,18,"Chương 18: Tự nhiên, Môi trường & Khí hậu (自然・環境と気候)",一人前 (いちにんまえ),"Suất ăn, trưởng thành"
680,18,"Chương 18: Tự nhiên, Môi trường & Khí hậu (自然・環境と気候)",一流 (いちりゅう),"bậc nhất, hàng đầu"
681,18,"Chương 18: Tự nhiên, Môi trường & Khí hậu (自然・環境と気候)",映る (うつる),"phản chiếu, được chiếu"
682,18,"Chương 18: Tự nhiên, Môi trường & Khí hậu (自然・環境と気候)",映す (うつす),"chiếu, phản chiếu, soi"
683,18,"Chương 18: Tự nhiên, Môi trường & Khí hậu (自然・環境と気候)",つかる,Ngâm nước nóng( chân
684,18,"Chương 18: Tự nhiên, Môi trường & Khí hậu (自然・環境と気候)",つける,"ngâm, chấm"
685,18,"Chương 18: Tự nhiên, Môi trường & Khí hậu (自然・環境と気候)",浮かぶ (うかぶ),"nổi, nghĩ ra, lơ lửng"
686,18,"Chương 18: Tự nhiên, Môi trường & Khí hậu (自然・環境と気候)",浮かべる (うかべる),Làm trôi nổi
687,18,"Chương 18: Tự nhiên, Môi trường & Khí hậu (自然・環境と気候)",浮く (うく),"Nối; lung lay, dư ra, tách biệt, lấp lửng"
688,18,"Chương 18: Tự nhiên, Môi trường & Khí hậu (自然・環境と気候)",潜る (もぐる),"Lặn, chui"
689,18,"Chương 18: Tự nhiên, Môi trường & Khí hậu (自然・環境と気候)",跳ねる (はねる),"bắn ra ( dầu, mỡ, bùn,...), nhảy"
690,18,"Chương 18: Tự nhiên, Môi trường & Khí hậu (自然・環境と気候)",背負う (せおう),"Gánh vác, cõng, đảm đương"
691,18,"Chương 18: Tự nhiên, Môi trường & Khí hậu (自然・環境と気候)",追う (おう),"đuổi, theo đuổi"
692,18,"Chương 18: Tự nhiên, Môi trường & Khí hậu (自然・環境と気候)",追いかける (おいかける),"chạy theo, đuổi theo"
693,18,"Chương 18: Tự nhiên, Môi trường & Khí hậu (自然・環境と気候)",追いつく (おいつく),đuổi kịp
694,18,"Chương 18: Tự nhiên, Môi trường & Khí hậu (自然・環境と気候)",追い越す (おいこす),vượt lên
695,18,"Chương 18: Tự nhiên, Môi trường & Khí hậu (自然・環境と気候)",振り向く (ふりむく),"ngoảnh lại, quay lại"
696,18,"Chương 18: Tự nhiên, Môi trường & Khí hậu (自然・環境と気候)",捕る/採る/執る (とる),"Bắt, tuyển dụng, đảm nhiệm"
697,18,"Chương 18: Tự nhiên, Môi trường & Khí hậu (自然・環境と気候)",取り上げる (とりあげる),"Bình luận, cầm lấy, tịch thu, giơ lên..."
698,18,"Chương 18: Tự nhiên, Môi trường & Khí hậu (自然・環境と気候)",取り入れる (とりいれる),"thu hoạch, áp dụng, đưa vào"
699,18,"Chương 18: Tự nhiên, Môi trường & Khí hậu (自然・環境と気候)",削る (けずる),"cắt giảm, gọt giũa"
700,18,"Chương 18: Tự nhiên, Môi trường & Khí hậu (自然・環境と気候)",縛る (しばる),"buộc, thắt"
701,18,"Chương 18: Tự nhiên, Môi trường & Khí hậu (自然・環境と気候)",絞る・搾る (しぼる),"vắt, bóp"
702,18,"Chương 18: Tự nhiên, Môi trường & Khí hậu (自然・環境と気候)",回る (まわる),"xoay quanh, dạo quanh, chuyển (bóng)"
703,19,"Chương 19: Thời tiết, Thiên tai & Phòng chống (天気・災害と防災)",回す (まわす),"xoay, chuyển, vặn núm, truyền tay"
704,19,"Chương 19: Thời tiết, Thiên tai & Phòng chống (天気・災害と防災)",区切る (くぎる),"Phân chia, chia"
705,19,"Chương 19: Thời tiết, Thiên tai & Phòng chống (天気・災害と防災)",組む (くむ),"Lên lịch, hợp tác, lắp ghép"
706,19,"Chương 19: Thời tiết, Thiên tai & Phòng chống (天気・災害と防災)",組み立てる (くみたてる),"lắp ráp, tổ chức"
707,19,"Chương 19: Thời tiết, Thiên tai & Phòng chống (天気・災害と防災)",加わる (くわわる),"Gia nhập, tăng cường"
708,19,"Chương 19: Thời tiết, Thiên tai & Phòng chống (天気・災害と防災)",加える (くわえる),"thêm vào, làm tăng lên"
709,19,"Chương 19: Thời tiết, Thiên tai & Phòng chống (天気・災害と防災)",仕上がる (しあがる),"hoàn thiện, hoàn thành"
710,19,"Chương 19: Thời tiết, Thiên tai & Phòng chống (天気・災害と防災)",仕上げる (しあげる),"hoàn thành, giai đoạn hoàn thiện, giai đoạn cuối"
711,19,"Chương 19: Thời tiết, Thiên tai & Phòng chống (天気・災害と防災)",通り掛かる (とおりかかる),đi ngang qua
712,19,"Chương 19: Thời tiết, Thiên tai & Phòng chống (天気・災害と防災)",飛び回る (とびまわる),"chạy tới chạy lui, bay loanh quanh"
713,19,"Chương 19: Thời tiết, Thiên tai & Phòng chống (天気・災害と防災)",巡る (めぐる),"lặp lại, xung quanh ( vấn đề gì đó ), vòng quanh"
714,19,"Chương 19: Thời tiết, Thiên tai & Phòng chống (天気・災害と防災)",補う (おぎなう),"thêm, bổ sung, đền bù"
715,19,"Chương 19: Thời tiết, Thiên tai & Phòng chống (天気・災害と防災)",防ぐ (ふせぐ),"phòng, chống"
716,19,"Chương 19: Thời tiết, Thiên tai & Phòng chống (天気・災害と防災)",救う (すくう),"cứu, giúp"
717,19,"Chương 19: Thời tiết, Thiên tai & Phòng chống (天気・災害と防災)",除く (のぞく),"loại trừ, bỏ qua, lấy đi"
718,19,"Chương 19: Thời tiết, Thiên tai & Phòng chống (天気・災害と防災)",省く (はぶく),"loại bỏ, tiết kiệm"
719,19,"Chương 19: Thời tiết, Thiên tai & Phòng chống (天気・災害と防災)",誤る (あやまる),"mắc lỗi, lầm lỡ"
720,19,"Chương 19: Thời tiết, Thiên tai & Phòng chống (天気・災害と防災)",奪う (うばう),"cướp đoạt, làm say đắm"
721,19,"Chương 19: Thời tiết, Thiên tai & Phòng chống (天気・災害と防災)",しまう,cất đi
722,19,"Chương 19: Thời tiết, Thiên tai & Phòng chống (天気・災害と防災)",怠ける (なまける),lười biếng
723,19,"Chương 19: Thời tiết, Thiên tai & Phòng chống (天気・災害と防災)",失う (うしなう),mất
724,19,"Chương 19: Thời tiết, Thiên tai & Phòng chống (天気・災害と防災)",攻める (せめる),"tấn công, táo bạo"
725,19,"Chương 19: Thời tiết, Thiên tai & Phòng chống (天気・災害と防災)",にらむ,"lườm, liếc, nhìn chằm chằm"
726,19,"Chương 19: Thời tiết, Thiên tai & Phòng chống (天気・災害と防災)",責める (せめる),"đổ lỗi, trách móc"
727,19,"Chương 19: Thời tiết, Thiên tai & Phòng chống (天気・災害と防災)",裏切る (うらぎる),"phản bội, bán đứng"
728,19,"Chương 19: Thời tiết, Thiên tai & Phòng chống (天気・災害と防災)",頼る (たよる),"dựa dẫm, dựa vào, nhờ cậy"
729,19,"Chương 19: Thời tiết, Thiên tai & Phòng chống (天気・災害と防災)",遭う (あう),"gặp gỡ, gặp phải"
730,19,"Chương 19: Thời tiết, Thiên tai & Phòng chống (天気・災害と防災)",招く (まねく),"mời, rủ"
731,19,"Chương 19: Thời tiết, Thiên tai & Phòng chống (天気・災害と防災)",引っ掛かる (ひっかかる),"bị mắc vào, bị vướng vào"
732,19,"Chương 19: Thời tiết, Thiên tai & Phòng chống (天気・災害と防災)",引っ掛ける (ひっかける),"mắc, vướng, hất, bắn..."
733,19,"Chương 19: Thời tiết, Thiên tai & Phòng chống (天気・災害と防災)",ひっくり返る (ひっくりかえる),"đảo lộn, lật ngược"
734,19,"Chương 19: Thời tiết, Thiên tai & Phòng chống (天気・災害と防災)",ひっくり返す (ひっくりかえす),"đảo ngược, lật ngửa"
735,19,"Chương 19: Thời tiết, Thiên tai & Phòng chống (天気・災害と防災)",ずれる,trượt
736,19,"Chương 19: Thời tiết, Thiên tai & Phòng chống (天気・災害と防災)",ずらす,"lùi lại (lịch trình, kế hoạch)"
737,19,"Chương 19: Thời tiết, Thiên tai & Phòng chống (天気・災害と防災)",崩れる (くずれる),"sạt lở, sụp đổ, lụi tàn"
738,19,"Chương 19: Thời tiết, Thiên tai & Phòng chống (天気・災害と防災)",崩す (くずす),"thay đổi, đổi (tiền), sụp, vỡ, mất đi"
739,19,"Chương 19: Thời tiết, Thiên tai & Phòng chống (天気・災害と防災)",荒れる (あれる),"hỗn loạn, động trời, nứt nẻ, tức giận"
740,19,"Chương 19: Thời tiết, Thiên tai & Phòng chống (天気・災害と防災)",荒らす (あらす),"làm lộn xộn, tung tóe, phá hoại"
741,19,"Chương 19: Thời tiết, Thiên tai & Phòng chống (天気・災害と防災)",認める (みとめる),"thừa nhận, thú nhận, khẳng định"
742,20,"Chương 20: Xã hội, Pháp luật & Trật tự (社会・法律と秩序)",見直す (みなおす),"nhìn lại, rà soát"
743,20,"Chương 20: Xã hội, Pháp luật & Trật tự (社会・法律と秩序)",見慣れる (みなれる),"quen, nhẵn mặt"
744,20,"Chương 20: Xã hội, Pháp luật & Trật tự (社会・法律と秩序)",求める (もとめる),"cầu mong, mong muốn, hỏi"
745,20,"Chương 20: Xã hội, Pháp luật & Trật tự (社会・法律と秩序)",漏れる (もれる),"rò rỉ, bỏ sót, thiếu, thốt ra..."
746,20,"Chương 20: Xã hội, Pháp luật & Trật tự (社会・法律と秩序)",漏らす (もらす),"biểu hiện, lộ, bỏ sót"
747,20,"Chương 20: Xã hội, Pháp luật & Trật tự (社会・法律と秩序)",なる,"trở nên, trở thành, kêu, gáy, ra quả"
748,20,"Chương 20: Xã hội, Pháp luật & Trật tự (社会・法律と秩序)",焦げる (こげる),bị cháy
749,20,"Chương 20: Xã hội, Pháp luật & Trật tự (社会・法律と秩序)",反する (はんする),trái lại
750,20,"Chương 20: Xã hội, Pháp luật & Trật tự (社会・法律と秩序)",膨れる (ふくれる),"phồng, sưng, hơn dỗi"
751,20,"Chương 20: Xã hội, Pháp luật & Trật tự (社会・法律と秩序)",膨らむ (ふくらむ),"phồng, phình, tăng lên..."
752,20,"Chương 20: Xã hội, Pháp luật & Trật tự (社会・法律と秩序)",膨らます (ふくらます),"thổi phồng, làm phong phú"
753,20,"Chương 20: Xã hội, Pháp luật & Trật tự (社会・法律と秩序)",とがる,nhọn
754,20,"Chương 20: Xã hội, Pháp luật & Trật tự (社会・法律と秩序)",当てはまる (あてはまる),"áp dụng, hợp với, đúng"
755,20,"Chương 20: Xã hội, Pháp luật & Trật tự (社会・法律と秩序)",就く (つく),"đi theo, đi cùng, đảm nhiệm, nắm giữ, tiếp nhận"
756,20,"Chương 20: Xã hội, Pháp luật & Trật tự (社会・法律と秩序)",受け持つ (うけもつ),đảm nhận
757,20,"Chương 20: Xã hội, Pháp luật & Trật tự (社会・法律と秩序)",従う (したがう),"theo, tuân theo, tuân thủ"
758,20,"Chương 20: Xã hội, Pháp luật & Trật tự (社会・法律と秩序)",つぶやく,thì thầm
759,20,"Chương 20: Xã hội, Pháp luật & Trật tự (社会・法律と秩序)",述べる (のべる),"phát biểu, bày tỏ, trình bày"
760,20,"Chương 20: Xã hội, Pháp luật & Trật tự (社会・法律と秩序)",目覚める (めざめる),"thức giấc, quan tâm, tự nhận thức"
761,20,"Chương 20: Xã hội, Pháp luật & Trật tự (社会・法律と秩序)",限る (かぎる),"giới hạn, hạn chế, không bắt buộc"
762,20,"Chương 20: Xã hội, Pháp luật & Trật tự (社会・法律と秩序)",片寄る (かたよる),"nghiêng, lệch, thiếu..."
763,20,"Chương 20: Xã hội, Pháp luật & Trật tự (社会・法律と秩序)",薄まる (うすまる),"suy nhược, nhạt đi, phai nhòa"
764,20,"Chương 20: Xã hội, Pháp luật & Trật tự (社会・法律と秩序)",薄める (うすめる),"làm nhạt đi; làm thưa bớt, làm loãng"
765,20,"Chương 20: Xã hội, Pháp luật & Trật tự (社会・法律と秩序)",薄れる (うすれる),"nhạt dần, phai dần"
766,20,"Chương 20: Xã hội, Pháp luật & Trật tự (社会・法律と秩序)",透き通る (すきとおる),"trong suốt, trong vắt"
767,20,"Chương 20: Xã hội, Pháp luật & Trật tự (社会・法律と秩序)",静まる・鎮まる (しずまる),"yên tĩnh, dịu đi, im lặng"
768,20,"Chương 20: Xã hội, Pháp luật & Trật tự (社会・法律と秩序)",静める・鎮める (しずめる),"trấn tĩnh, làm bớt đi"
769,20,"Chương 20: Xã hội, Pháp luật & Trật tự (社会・法律と秩序)",優れる (すぐれる),"giỏi, ưu tú, hoàn hảo"
770,20,"Chương 20: Xã hội, Pháp luật & Trật tự (社会・法律と秩序)",落ち着く (おちつく),"bình tĩnh, lắng xuống, quyết định, đơn giản"
771,20,"Chương 20: Xã hội, Pháp luật & Trật tự (社会・法律と秩序)",長引く (ながびく),kéo dài
772,20,"Chương 20: Xã hội, Pháp luật & Trật tự (社会・法律と秩序)",衰える (おとろえる),"yếu dần đi, sa sút"
773,20,"Chương 20: Xã hội, Pháp luật & Trật tự (社会・法律と秩序)",備わる (そなわる),"lắp đặt, sẵn có, sở hữu.."
774,20,"Chương 20: Xã hội, Pháp luật & Trật tự (社会・法律と秩序)",備える (そなえる),"chuẩn bị, trang bị, cung cấp"
775,20,"Chương 20: Xã hội, Pháp luật & Trật tự (社会・法律と秩序)",蓄える (たくわえる),"tích lũy, dự trữ"
776,20,"Chương 20: Xã hội, Pháp luật & Trật tự (社会・法律と秩序)",整う (ととのう),"Đã sẵn sàng, chuẩn bị, sắp đặt"
777,20,"Chương 20: Xã hội, Pháp luật & Trật tự (社会・法律と秩序)",整える・調える (ととのえる),"hoàn thiện, chỉnh chu, điều chinh"
778,20,"Chương 20: Xã hội, Pháp luật & Trật tự (社会・法律と秩序)",覆う (おおう),"phủ, bao bọc, bịt"
779,20,"Chương 20: Xã hội, Pháp luật & Trật tự (社会・法律と秩序)",照る (てる),chiếu sáng
780,20,"Chương 20: Xã hội, Pháp luật & Trật tự (社会・法律と秩序)",照らす (てらす),"chiếu theo, căn cứ vào"
781,21,"Chương 21: Tin tức, Truyền thông & Báo chí (ニュース・メディアと報道)",染まる (そまる),"nhuộm, nhiễm"
782,21,"Chương 21: Tin tức, Truyền thông & Báo chí (ニュース・メディアと報道)",染める (そめる),"nhuộm, nhúng tay"
783,21,"Chương 21: Tin tức, Truyền thông & Báo chí (ニュース・メディアと報道)",ダブル,"gấp đôi, trùng nhau, nhắc lai"
784,21,"Chương 21: Tin tức, Truyền thông & Báo chí (ニュース・メディアと報道)",あこがれる,"mong ước, mơ ước, ngưỡng mộ, khao khát"
785,21,"Chương 21: Tin tức, Truyền thông & Báo chí (ニュース・メディアと報道)",うらやむ,đố kỵ
786,21,"Chương 21: Tin tức, Truyền thông & Báo chí (ニュース・メディアと報道)",あきらめる,từ bỏ
787,21,"Chương 21: Tin tức, Truyền thông & Báo chí (ニュース・メディアと報道)",あきれる,"ngạc nhiên, cạn lời, bó tay"
788,21,"Chương 21: Tin tức, Truyền thông & Báo chí (ニュース・メディアと報道)",恐れる (おそれる),"sợ, nguy cơ, khủng khiếp"
789,21,"Chương 21: Tin tức, Truyền thông & Báo chí (ニュース・メディアと報道)",恨む (うらむ),"hận, căm thù, oán hận"
790,21,"Chương 21: Tin tức, Truyền thông & Báo chí (ニュース・メディアと報道)",慰める (なぐさめる),"an ủi, động viên"
791,21,"Chương 21: Tin tức, Truyền thông & Báo chí (ニュース・メディアと報道)",インテリア,nội thất
792,21,"Chương 21: Tin tức, Truyền thông & Báo chí (ニュース・メディアと報道)",コーナー,góc
793,21,"Chương 21: Tin tức, Truyền thông & Báo chí (ニュース・メディアと報道)",カウンター,quầy tính tiền
794,21,"Chương 21: Tin tức, Truyền thông & Báo chí (ニュース・メディアと報道)",スペース,khoảng trống
795,21,"Chương 21: Tin tức, Truyền thông & Báo chí (ニュース・メディアと報道)",オープン,cửa mở
796,21,"Chương 21: Tin tức, Truyền thông & Báo chí (ニュース・メディアと報道)",センター,trung tâm
797,21,"Chương 21: Tin tức, Truyền thông & Báo chí (ニュース・メディアと報道)",カルチャー,văn hóa
798,21,"Chương 21: Tin tức, Truyền thông & Báo chí (ニュース・メディアと報道)",ブーム,bùng nổ
799,21,"Chương 21: Tin tức, Truyền thông & Báo chí (ニュース・メディアと報道)",$1\times7*-x-$ ション,thông tin
800,21,"Chương 21: Tin tức, Truyền thông & Báo chí (ニュース・メディアと報道)",キャッチ,bắt lấy
801,21,"Chương 21: Tin tức, Truyền thông & Báo chí (ニュース・メディアと報道)",メディア,truyền thông
802,21,"Chương 21: Tin tức, Truyền thông & Báo chí (ニュース・メディアと報道)",コメント,bình luận
803,21,"Chương 21: Tin tức, Truyền thông & Báo chí (ニュース・メディアと報道)",コラム,cột
804,21,"Chương 21: Tin tức, Truyền thông & Báo chí (ニュース・メディアと報道)",エピソード,chương; phần
805,21,"Chương 21: Tin tức, Truyền thông & Báo chí (ニュース・メディアと報道)",アリバイ,chứng cứ ngoại phạm
806,21,"Chương 21: Tin tức, Truyền thông & Báo chí (ニュース・メディアと報道)",シリーズ,loạt
807,21,"Chương 21: Tin tức, Truyền thông & Báo chí (ニュース・メディアと報道)",ポイント,điểm mấu chốt
808,21,"Chương 21: Tin tức, Truyền thông & Báo chí (ニュース・メディアと報道)",キー,chìa khóa
809,21,"Chương 21: Tin tức, Truyền thông & Báo chí (ニュース・メディアと報道)",マスター,thuần thục
810,21,"Chương 21: Tin tức, Truyền thông & Báo chí (ニュース・メディアと報道)",ビジネス,business
811,21,"Chương 21: Tin tức, Truyền thông & Báo chí (ニュース・メディアと報道)",キャリア,kinh nghiệm
812,21,"Chương 21: Tin tức, Truyền thông & Báo chí (ニュース・メディアと報道)",ベテラン,chuyên gia
813,21,"Chương 21: Tin tức, Truyền thông & Báo chí (ニュース・メディアと報道)",フリー,tự do
814,21,"Chương 21: Tin tức, Truyền thông & Báo chí (ニュース・メディアと報道)",エコノミー,kinh tế
815,21,"Chương 21: Tin tức, Truyền thông & Báo chí (ニュース・メディアと報道)",キャッシュ,tiền mặt
816,21,"Chương 21: Tin tức, Truyền thông & Báo chí (ニュース・メディアと報道)",インフレ,lạm phát
817,21,"Chương 21: Tin tức, Truyền thông & Báo chí (ニュース・メディアと報道)",デモ,cuộc biểu tình
818,21,"Chương 21: Tin tức, Truyền thông & Báo chí (ニュース・メディアと報道)",$x-7]-,nhà chế tạo
819,22,"Chương 22: Văn hóa, Nghệ thuật & Truyền thống (文化・芸術と伝統)",システム,hệ thống
820,22,"Chương 22: Văn hóa, Nghệ thuật & Truyền thống (文化・芸術と伝統)",ケース,trường hợp
821,22,"Chương 22: Văn hóa, Nghệ thuật & Truyền thống (文化・芸術と伝統)",パターン,mẫu
822,22,"Chương 22: Văn hóa, Nghệ thuật & Truyền thống (文化・芸術と伝統)",プラン,kế hoạch
823,22,"Chương 22: Văn hóa, Nghệ thuật & Truyền thống (文化・芸術と伝統)",トラブル,rắc rối
824,22,"Chương 22: Văn hóa, Nghệ thuật & Truyền thống (文化・芸術と伝統)",エラー,lỗi
825,22,"Chương 22: Văn hóa, Nghệ thuật & Truyền thống (文化・芸術と伝統)",クレーム,phàn nàn
826,22,"Chương 22: Văn hóa, Nghệ thuật & Truyền thống (文化・芸術と伝統)",キャンセル,hủy bỏ
827,22,"Chương 22: Văn hóa, Nghệ thuật & Truyền thống (文化・芸術と伝統)",ストップ,dừng lại
828,22,"Chương 22: Văn hóa, Nghệ thuật & Truyền thống (文化・芸術と伝統)",カット,cắt bớt
829,22,"Chương 22: Văn hóa, Nghệ thuật & Truyền thống (文化・芸術と伝統)",カバー,bao bọc
830,22,"Chương 22: Văn hóa, Nghệ thuật & Truyền thống (文化・芸術と伝統)",リハビリ,hồi phục chức năng
831,22,"Chương 22: Văn hóa, Nghệ thuật & Truyền thống (文化・芸術と伝統)",プレッシャー,sức ép
832,22,"Chương 22: Văn hóa, Nghệ thuật & Truyền thống (文化・芸術と伝統)",カウンセリング,tư vấn tâm lý
833,22,"Chương 22: Văn hóa, Nghệ thuật & Truyền thống (文化・芸術と伝統)",キャラクター,nhân vật
834,22,"Chương 22: Văn hóa, Nghệ thuật & Truyền thống (文化・芸術と伝統)",ユニークな,độc nhất
835,22,"Chương 22: Văn hóa, Nghệ thuật & Truyền thống (文化・芸術と伝統)",ルーズな,lơ đễnh
836,22,"Chương 22: Văn hóa, Nghệ thuật & Truyền thống (文化・芸術と伝統)",ロマンチックな,lãng mạn
837,22,"Chương 22: Văn hóa, Nghệ thuật & Truyền thống (文化・芸術と伝統)",センス,giác quan
838,22,"Chương 22: Văn hóa, Nghệ thuật & Truyền thống (文化・芸術と伝統)",エコロジー,sinh thái học
839,22,"Chương 22: Văn hóa, Nghệ thuật & Truyền thống (文化・芸術と伝統)",ダム,Đê
840,22,"Chương 22: Văn hóa, Nghệ thuật & Truyền thống (文化・芸術と伝統)",コンクリート,bê tông
841,22,"Chương 22: Văn hóa, Nghệ thuật & Truyền thống (文化・芸術と伝統)",単純な (たんじゅんな),đơn giản
842,22,"Chương 22: Văn hóa, Nghệ thuật & Truyền thống (文化・芸術と伝統)",純粋な (じゅんすいな),"trong sáng, ngây thơ, tỉnh khôi, tinh khiết"
843,22,"Chương 22: Văn hóa, Nghệ thuật & Truyền thống (文化・芸術と伝統)",透明な (とうめいな),"trong suốt, trong veo"
844,22,"Chương 22: Văn hóa, Nghệ thuật & Truyền thống (文化・芸術と伝統)",爽やかな (さわやかな),"sảng khoái, tươi, thoáng"
845,22,"Chương 22: Văn hóa, Nghệ thuật & Truyền thống (文化・芸術と伝統)",素直な (すなおな),"chân thành, thật thà, ngoan ngoãn"
846,22,"Chương 22: Văn hóa, Nghệ thuật & Truyền thống (文化・芸術と伝統)",率直な (そっちょくな),"trực tỉnh, thẳng thắn"
847,22,"Chương 22: Văn hóa, Nghệ thuật & Truyền thống (文化・芸術と伝統)",誠実な (せいじつな),"thật thà, chân thành"
848,22,"Chương 22: Văn hóa, Nghệ thuật & Truyền thống (文化・芸術と伝統)",謙虚な (けんきょな),khiêm tốn
849,22,"Chương 22: Văn hóa, Nghệ thuật & Truyền thống (文化・芸術と伝統)",賢い (かしこい),"thông minh, khôn ngoan"
850,22,"Chương 22: Văn hóa, Nghệ thuật & Truyền thống (文化・芸術と伝統)",慎重な (しんちょうな),"thận trọng, cẩn thận"
851,22,"Chương 22: Văn hóa, Nghệ thuật & Truyền thống (文化・芸術と伝統)",穏やかな (おだやかな),"yên ả, ôn hòa, bình yên"
852,22,"Chương 22: Văn hóa, Nghệ thuật & Truyền thống (文化・芸術と伝統)",真剣な (しんけんな),"nghiêm túc, nghiêm trọng"
853,22,"Chương 22: Văn hóa, Nghệ thuật & Truyền thống (文化・芸術と伝統)",正式な (せいしきな),"chính thức, gốc"
854,22,"Chương 22: Văn hóa, Nghệ thuật & Truyền thống (文化・芸術と伝統)",主な (おもな),"chính, chủ yếu"
855,22,"Chương 22: Văn hóa, Nghệ thuật & Truyền thống (文化・芸術と伝統)",主要な (しゅような),Mấu chốt
856,22,"Chương 22: Văn hóa, Nghệ thuật & Truyền thống (文化・芸術と伝統)",貴重な (きちょうな),quý trọng
857,23,"Chương 23: Du lịch, Thể thao & Giải trí (旅行・スポーツと娯楽)",偉大な (いだいな),vĩ đại
858,23,"Chương 23: Du lịch, Thể thao & Giải trí (旅行・スポーツと娯楽)",偉い (えらい),"tuyệt vời, giỏi, vĩ đại"
859,23,"Chương 23: Du lịch, Thể thao & Giải trí (旅行・スポーツと娯楽)",独特な (どくとくな),"riêng biệt, đặc biệt, độc đáo"
860,23,"Chương 23: Du lịch, Thể thao & Giải trí (旅行・スポーツと娯楽)",特殊な (とくしゅな),"đặc biệt, đặc thù"
861,23,"Chương 23: Du lịch, Thể thao & Giải trí (旅行・スポーツと娯楽)",奇妙な (きみょうな),"kỳ lạ, lạ lùng"
862,23,"Chương 23: Du lịch, Thể thao & Giải trí (旅行・スポーツと娯楽)",妙な (みょうな),lạ thường
863,23,"Chương 23: Du lịch, Thể thao & Giải trí (旅行・スポーツと娯楽)",怪しい (あやしい),"đáng nghi, nghi ngờ"
864,23,"Chương 23: Du lịch, Thể thao & Giải trí (旅行・スポーツと娯楽)",異常な (いじょうな),"khác thường, bất thường"
865,23,"Chương 23: Du lịch, Thể thao & Giải trí (旅行・スポーツと娯楽)",高度な (こうどな),"độ cao, tiên tiến"
866,23,"Chương 23: Du lịch, Thể thao & Giải trí (旅行・スポーツと娯楽)",新たな (あらたな),"thay mới, làm mới"
867,23,"Chương 23: Du lịch, Thể thao & Giải trí (旅行・スポーツと娯楽)",合理的な (ごうりてきな),"hợp lý, tính logic"
868,23,"Chương 23: Du lịch, Thể thao & Giải trí (旅行・スポーツと娯楽)",器用な (きような),"tinh xảo, tài giỏi, khéo léo"
869,23,"Chương 23: Du lịch, Thể thao & Giải trí (旅行・スポーツと娯楽)",手軽な (てがるな),"nhẹ nhàng, đơn giản"
870,23,"Chương 23: Du lịch, Thể thao & Giải trí (旅行・スポーツと娯楽)",手ごろな (てごろな),"hợp lý, phù hợp, vừa phải"
871,23,"Chương 23: Du lịch, Thể thao & Giải trí (旅行・スポーツと娯楽)",高価な (こうかな),đắt
872,23,"Chương 23: Du lịch, Thể thao & Giải trí (旅行・スポーツと娯楽)",ぜいたくな,"sang chảnh, xa hoa, phung phí (phong cách sống)"
873,23,"Chương 23: Du lịch, Thể thao & Giải trí (旅行・スポーツと娯楽)",豪華な (ごうかな),"hào hoa, lộng lẫy, rực rỡ"
874,23,"Chương 23: Du lịch, Thể thao & Giải trí (旅行・スポーツと娯楽)",高級な (こうきゅうな),"chất lượng cao, hàng hiệu"
875,23,"Chương 23: Du lịch, Thể thao & Giải trí (旅行・スポーツと娯楽)",上等な (じょうとうな),"cao cấp, xịn sò"
876,23,"Chương 23: Du lịch, Thể thao & Giải trí (旅行・スポーツと娯楽)",上品な (じょうひんな),"quý phái, lịch thiệp"
877,23,"Chương 23: Du lịch, Thể thao & Giải trí (旅行・スポーツと娯楽)",適度な (てきどな),"mức độ thích hợp, điều độ"
878,23,"Chương 23: Du lịch, Thể thao & Giải trí (旅行・スポーツと娯楽)",快適な (かいてきな),"dễ chịu, sảng khoái"
879,23,"Chương 23: Du lịch, Thể thao & Giải trí (旅行・スポーツと娯楽)",快い (こころよい),"hài lòng, dễ chịu, sẵn lòng"
880,23,"Chương 23: Du lịch, Thể thao & Giải trí (旅行・スポーツと娯楽)",順調な (じゅんちょうな),thuận lợi; tốt; trôi chảy
881,23,"Chương 23: Du lịch, Thể thao & Giải trí (旅行・スポーツと娯楽)",活発な (かっぱつな),"hoạt bát, sôi nổi, nhanh nhẹn, linh hoạt"
882,23,"Chương 23: Du lịch, Thể thao & Giải trí (旅行・スポーツと娯楽)",的確な (てきかくな),"chính xác, rõ ràng"
883,23,"Chương 23: Du lịch, Thể thao & Giải trí (旅行・スポーツと娯楽)",確実な (かくじつな),"Xác thực, chắc chắn"
884,23,"Chương 23: Du lịch, Thể thao & Giải trí (旅行・スポーツと娯楽)",明らかな (あきらかな),"rõ ràng, sáng tỏ"
885,23,"Chương 23: Du lịch, Thể thao & Giải trí (旅行・スポーツと娯楽)",あいまいな,mơ hồ
886,23,"Chương 23: Du lịch, Thể thao & Giải trí (旅行・スポーツと娯楽)",具体的な (ぐたいてきな),"cụ thể, rõ ràng"
887,23,"Chương 23: Du lịch, Thể thao & Giải trí (旅行・スポーツと娯楽)",抽象的な (ちゅうしょうてきな),"trừu tượng, viển vông"
888,23,"Chương 23: Du lịch, Thể thao & Giải trí (旅行・スポーツと娯楽)",等しい (ひとしい),"giống nhau, đều đặn"
889,23,"Chương 23: Du lịch, Thể thao & Giải trí (旅行・スポーツと娯楽)",平等な (びょうどうな),"bình đẳng, công bằng"
890,23,"Chương 23: Du lịch, Thể thao & Giải trí (旅行・スポーツと娯楽)",公平な (こうへいな),công bằng
891,23,"Chương 23: Du lịch, Thể thao & Giải trí (旅行・スポーツと娯楽)",人物 (じんぶつ),nhân vật
892,23,"Chương 23: Du lịch, Thể thao & Giải trí (旅行・スポーツと娯楽)",者 (もの),"người, kẻ"
893,23,"Chương 23: Du lịch, Thể thao & Giải trí (旅行・スポーツと娯楽)",各自 (かくじ),mỗi người
894,23,"Chương 23: Du lịch, Thể thao & Giải trí (旅行・スポーツと娯楽)",気分 (きぶん),"tâm trạng, tinh thần, cảm xúc"
895,24,"Chương 24: Thời gian, Thay đổi & Quá trình (時間・変化とプロセス)",気配 (けはい),"cảm giác, linh cảm"
896,24,"Chương 24: Thời gian, Thay đổi & Quá trình (時間・変化とプロセス)",生きがい (いきがい),"mục đích sống, lẽ sống"
897,24,"Chương 24: Thời gian, Thay đổi & Quá trình (時間・変化とプロセス)",行儀 (ぎょうぎ),"tác phong, cách cư xử"
898,24,"Chương 24: Thời gian, Thay đổi & Quá trình (時間・変化とプロセス)",品 (ひん),"phẩm giá, mặt hàng, hàng hóa"
899,24,"Chương 24: Thời gian, Thay đổi & Quá trình (時間・変化とプロセス)",姿 (すがた),"bộ dạng, bóng dáng, tư thế"
900,24,"Chương 24: Thời gian, Thay đổi & Quá trình (時間・変化とプロセス)",姿勢 (しせい),"tư thế, thái độ, lập trường"
901,24,"Chương 24: Thời gian, Thay đổi & Quá trình (時間・変化とプロセス)",見かけ (みかけ),"nhìn bề ngoài, diện mạo"
902,24,"Chương 24: Thời gian, Thay đổi & Quá trình (時間・変化とプロセス)",ふり,giả vờ
903,24,"Chương 24: Thời gian, Thay đổi & Quá trình (時間・変化とプロセス)",苦情 (くじょう),"phàn nàn, than phiền, càu nhàu, khiếu nại"
904,24,"Chương 24: Thời gian, Thay đổi & Quá trình (時間・変化とプロセス)",口実 (こうじつ),"ngụy biện, viện cớ, bào chữa"
905,24,"Chương 24: Thời gian, Thay đổi & Quá trình (時間・変化とプロセス)",動機 (どうき),"động cơ, nguyên nhân, lý do"
906,24,"Chương 24: Thời gian, Thay đổi & Quá trình (時間・変化とプロセス)",皮肉 (ひにく),"giễu cợt, mỉa mai"
907,24,"Chương 24: Thời gian, Thay đổi & Quá trình (時間・変化とプロセス)",意義 (いぎ),ý nghĩa
908,24,"Chương 24: Thời gian, Thay đổi & Quá trình (時間・変化とプロセス)",主義 (しゅぎ),"nguyên tắc, niềm tin"
909,24,"Chương 24: Thời gian, Thay đổi & Quá trình (時間・変化とプロセス)",精神 (せいしん),tinh thần
910,24,"Chương 24: Thời gian, Thay đổi & Quá trình (時間・変化とプロセス)",年代 (ねんだい),"số năm, thời gian, thế hệ, cũ kĩ, lâu đời"
911,24,"Chương 24: Thời gian, Thay đổi & Quá trình (時間・変化とプロセス)",世代 (せだい),"thời đại, thế hệ"
912,24,"Chương 24: Thời gian, Thay đổi & Quá trình (時間・変化とプロセス)",基礎 (きそ),"cơ bản, gốc, nền móng"
913,24,"Chương 24: Thời gian, Thay đổi & Quá trình (時間・変化とプロセス)",基準 (きじゅん),"tiêu chí, quy chuẩn"
914,24,"Chương 24: Thời gian, Thay đổi & Quá trình (時間・変化とプロセス)",標準 (ひょうじゅん),"mặc định, chuẩn"
915,24,"Chương 24: Thời gian, Thay đổi & Quá trình (時間・変化とプロセス)",典型 (てんけい),"điển hình, kiểu cách"
916,24,"Chương 24: Thời gian, Thay đổi & Quá trình (時間・変化とプロセス)",方言 (ほうげん),tiếng địa phương
917,24,"Chương 24: Thời gian, Thay đổi & Quá trình (時間・変化とプロセス)",分布 (ぶんぷ),"phân bố, phân phối"
918,24,"Chương 24: Thời gian, Thay đổi & Quá trình (時間・変化とプロセス)",発展 (はってん),"phát triển, dẫn đến, thành ra"
919,24,"Chương 24: Thời gian, Thay đổi & Quá trình (時間・変化とプロセス)",文明 (ぶんめい),văn minh
920,24,"Chương 24: Thời gian, Thay đổi & Quá trình (時間・変化とプロセス)",普及 (ふきゅう),"phổ cập, phổ biến"
921,24,"Chương 24: Thời gian, Thay đổi & Quá trình (時間・変化とプロセス)",制限 (せいげん),hạn chế
922,24,"Chương 24: Thời gian, Thay đổi & Quá trình (時間・変化とプロセス)",限度 (げんど),"giới hạn, hạn mức"
923,24,"Chương 24: Thời gian, Thay đổi & Quá trình (時間・変化とプロセス)",限界 (げんかい),giới hạn
924,24,"Chương 24: Thời gian, Thay đổi & Quá trình (時間・変化とプロセス)",検討 (けんとう),"cân nhắc, xem xét"
925,24,"Chương 24: Thời gian, Thay đổi & Quá trình (時間・変化とプロセス)",選択 (せんたく),lựa chọn
926,24,"Chương 24: Thời gian, Thay đổi & Quá trình (時間・変化とプロセス)",考慮 (こうりょ),"xem xét, suy tính"
927,24,"Chương 24: Thời gian, Thay đổi & Quá trình (時間・変化とプロセス)",重視 (じゅうし),"xem trọng, coi trọng"
928,24,"Chương 24: Thời gian, Thay đổi & Quá trình (時間・変化とプロセス)",見当 (けんとう),"phỏng đoán, ước tính"
929,24,"Chương 24: Thời gian, Thay đổi & Quá trình (時間・変化とプロセス)",訂正 (ていせい),"đính chính, sửa lại"
930,24,"Chương 24: Thời gian, Thay đổi & Quá trình (時間・変化とプロセス)",修正 (しゅうせい),"chỉnh sửa, khắc phục"
931,24,"Chương 24: Thời gian, Thay đổi & Quá trình (時間・変化とプロセス)",反抗 (はんこう),"phản kháng, chống đối"
932,24,"Chương 24: Thời gian, Thay đổi & Quá trình (時間・変化とプロセス)",抵抗 (ていこう),"đề kháng, kháng cự"
933,25,"Chương 25: Đánh giá, Phán đoán & So sánh (評価・判断と比較)",災難 (さいなん),"rủi ro, đen đủi, thiên tai"
934,25,"Chương 25: Đánh giá, Phán đoán & So sánh (評価・判断と比較)",汚染 (おせん),ô nhiễm
935,25,"Chương 25: Đánh giá, Phán đoán & So sánh (評価・判断と比較)",害 (がい),có hại
936,25,"Chương 25: Đánh giá, Phán đoán & So sánh (評価・判断と比較)",伝染 (でんせん),"truyền nhiễm, lan truyền"
937,25,"Chương 25: Đánh giá, Phán đoán & So sánh (評価・判断と比較)",対策 (たいさく),"biện pháp, đối sách"
938,25,"Chương 25: Đánh giá, Phán đoán & So sánh (評価・判断と比較)",処置 (しょち),"xử lý, điều trị"
939,25,"Chương 25: Đánh giá, Phán đoán & So sánh (評価・判断と比較)",処分 (しょぶん),"xử lí, trừng phạt, vứt bỏ"
940,25,"Chương 25: Đánh giá, Phán đoán & So sánh (評価・判断と比較)",処理 (しょり),"sơ chế, xử lý"
941,25,"Chương 25: Đánh giá, Phán đoán & So sánh (評価・判断と比較)",輪 (わ),"vòng, lặp"
942,25,"Chương 25: Đánh giá, Phán đoán & So sánh (評価・判断と比較)",でこぼこ,lồi lõm
943,25,"Chương 25: Đánh giá, Phán đoán & So sánh (評価・判断と比較)",跡 (あと),"dấu vết, vết tích"
944,25,"Chương 25: Đánh giá, Phán đoán & So sánh (評価・判断と比較)",手間 (てま),"thời gian, công sức"
945,25,"Chương 25: Đánh giá, Phán đoán & So sánh (評価・判断と比較)",能率 (のうりつ),"hiệu quả, năng suất"
946,25,"Chương 25: Đánh giá, Phán đoán & So sánh (評価・判断と比較)",性能 (せいのう),"hiệu năng, hiệu suất"
947,25,"Chương 25: Đánh giá, Phán đoán & So sánh (評価・判断と比較)",操作 (そうさ),"thao tác, vận hành"
948,25,"Chương 25: Đánh giá, Phán đoán & So sánh (評価・判断と比較)",発揮 (はっき),"phát huy, gắng sức"
949,25,"Chương 25: Đánh giá, Phán đoán & So sánh (評価・判断と比較)",頂点 (ちょうてん),"đỉnh, đứng đầu, đứng top"
950,25,"Chương 25: Đánh giá, Phán đoán & So sánh (評価・判断と比較)",周辺 (しゅうへん),"xung quanh, ngoại vi"
951,25,"Chương 25: Đánh giá, Phán đoán & So sánh (評価・判断と比較)",現場 (げんば),"công trường, nơi làm việc"
952,25,"Chương 25: Đánh giá, Phán đoán & So sánh (評価・判断と比較)",状況 (じょうきょう),"tình hình, tình huống"
953,25,"Chương 25: Đánh giá, Phán đoán & So sánh (評価・判断と比較)",組織 (そしき),tổ chức
954,25,"Chương 25: Đánh giá, Phán đoán & So sánh (評価・判断と比較)",制度 (せいど),"chế độ, hệ thống"
955,25,"Chương 25: Đánh giá, Phán đoán & So sánh (評価・判断と比較)",構成 (こうせい),cấu trúc
956,25,"Chương 25: Đánh giá, Phán đoán & So sánh (評価・判断と比較)",形式 (けいしき),"hình thức, định dạng"
957,25,"Chương 25: Đánh giá, Phán đoán & So sánh (評価・判断と比較)",傾向 (けいこう),"xu hướng, hiện tượng, khuynh hướng"
958,25,"Chương 25: Đánh giá, Phán đoán & So sánh (評価・判断と比較)",方針 (ほうしん),phương châm; chính sách
959,25,"Chương 25: Đánh giá, Phán đoán & So sánh (評価・判断と比較)",徹底 (てってい),"triệt để, tỉ mỉ, kỹ lưỡng"
960,25,"Chương 25: Đánh giá, Phán đoán & So sánh (評価・判断と比較)",分析 (ぶんせき),phân tích
961,25,"Chương 25: Đánh giá, Phán đoán & So sánh (評価・判断と比較)",維持 (いじ),duy trì
962,25,"Chương 25: Đánh giá, Phán đoán & So sánh (評価・判断と比較)",管理 (かんり),"quản lý, bảo quản"
963,25,"Chương 25: Đánh giá, Phán đoán & So sánh (評価・判断と比較)",行方 (ゆくえ),"tung tích, hành tung"
964,25,"Chương 25: Đánh giá, Phán đoán & So sánh (評価・判断と比較)",端 (はし),"cạnh, ven, bở, mép"
965,25,"Chương 25: Đánh giá, Phán đoán & So sánh (評価・判断と比較)",場 (ば),"địa điểm, nơi, chỗ, nơi"
966,25,"Chương 25: Đánh giá, Phán đoán & So sánh (評価・判断と比較)",分野 (ぶんや),lĩnh vực
967,25,"Chương 25: Đánh giá, Phán đoán & So sánh (評価・判断と比較)",需要 (じゅよう),"nhu cầu, cung cầu"
968,25,"Chương 25: Đánh giá, Phán đoán & So sánh (評価・判断と比較)",供給 (きょうきゅう),cung cấp
969,25,"Chương 25: Đánh giá, Phán đoán & So sánh (評価・判断と比較)",物資 (ぶっし),"vật tư, cứu trợ"
970,25,"Chương 25: Đánh giá, Phán đoán & So sánh (評価・判断と比較)",用途 (ようと),"sử dụng, công dụng"
971,26,"Chương 26: Tranh luận, Lý lẽ & Quan điểm (議論・主張と見解)",関連 (かんれん),"liên quan, quan hệ"
972,26,"Chương 26: Tranh luận, Lý lẽ & Quan điểm (議論・主張と見解)",消耗 (しょうもう),"tiêu thụ, tiêu hao"
973,26,"Chương 26: Tranh luận, Lý lẽ & Quan điểm (議論・主張と見解)",欠陥 (けっかん),"sai sót, lỗi"
974,26,"Chương 26: Tranh luận, Lý lẽ & Quan điểm (議論・主張と見解)",予備 (よび),"dự phòng, dự trữ, dự bị"
975,26,"Chương 26: Tranh luận, Lý lẽ & Quan điểm (議論・主張と見解)",付属 (ふぞく),"trực thuộc, đính kèm"
976,26,"Chương 26: Tranh luận, Lý lẽ & Quan điểm (議論・主張と見解)",手当 (てあて),"trị liệu, chuẩn bị, trợ cấp, thù lao"
977,26,"Chương 26: Tranh luận, Lý lẽ & Quan điểm (議論・主張と見解)",元 (もと),"nguyên, ban đầu, lý do"
978,26,"Chương 26: Tranh luận, Lý lẽ & Quan điểm (議論・主張と見解)",面 (めん),"mặt, bề mặt, diện mạo"
979,26,"Chương 26: Tranh luận, Lý lẽ & Quan điểm (議論・主張と見解)",說 (せつ),"thuyết, ý kiến"
980,26,"Chương 26: Tranh luận, Lý lẽ & Quan điểm (議論・主張と見解)",差 (さ),"sai khác, khoảng cách, hiệu số"
981,26,"Chương 26: Tranh luận, Lý lẽ & Quan điểm (議論・主張と見解)",間 (ま),"giữa, trong khoảng"
982,26,"Chương 26: Tranh luận, Lý lẽ & Quan điểm (議論・主張と見解)",分 (ぶん),"thành phần, điều kiện"
983,26,"Chương 26: Tranh luận, Lý lẽ & Quan điểm (議論・主張と見解)",筋 (すじ),"logic, hợp lí, tố chất"
984,26,"Chương 26: Tranh luận, Lý lẽ & Quan điểm (議論・主張と見解)",余裕 (よゆう),phần dư
985,26,"Chương 26: Tranh luận, Lý lẽ & Quan điểm (議論・主張と見解)",負担 (ふたん),"gánh vác, trách nhiệm"
986,26,"Chương 26: Tranh luận, Lý lẽ & Quan điểm (議論・主張と見解)",保証 (ほしょう),"Cam kết, bảo hành, bảo lãnh"
987,26,"Chương 26: Tranh luận, Lý lẽ & Quan điểm (議論・主張と見解)",催促 (さいそく),"thúc giục, hối thúc"
988,26,"Chương 26: Tranh luận, Lý lẽ & Quan điểm (議論・主張と見解)",成立 (せいりつ),"thành lập, hình thành, thành lập"
989,26,"Chương 26: Tranh luận, Lý lẽ & Quan điểm (議論・主張と見解)",矛盾 (むじゅん),mâu thuẫn
990,26,"Chương 26: Tranh luận, Lý lẽ & Quan điểm (議論・主張と見解)",存在 (そんざい),"tồn tại, sẵn có"
991,26,"Chương 26: Tranh luận, Lý lẽ & Quan điểm (議論・主張と見解)",編む (あむ),đan
992,26,"Chương 26: Tranh luận, Lý lẽ & Quan điểm (議論・主張と見解)",縫う (ぬう),"may, khâu lại"
993,26,"Chương 26: Tranh luận, Lý lẽ & Quan điểm (議論・主張と見解)",指す (さす),"biểu thị, ám chỉ"
994,26,"Chương 26: Tranh luận, Lý lẽ & Quan điểm (議論・主張と見解)",示す (しめす),"chỉ, bày tỏ, biểu hiện"
995,26,"Chương 26: Tranh luận, Lý lẽ & Quan điểm (議論・主張と見解)",注ぐ (そそぐ),"rót, dồn, tưới"
996,26,"Chương 26: Tranh luận, Lý lẽ & Quan điểm (議論・主張と見解)",すすぐ,"rửa, súc"
997,26,"Chương 26: Tranh luận, Lý lẽ & Quan điểm (議論・主張と見解)",触る (さわる),"sở, chạm"
998,26,"Chương 26: Tranh luận, Lý lẽ & Quan điểm (議論・主張と見解)",触れる (ふれる),"chạm, đề cập, tiếp xúc"
999,26,"Chương 26: Tranh luận, Lý lẽ & Quan điểm (議論・主張と見解)",抱く (いだく),"ôm, mang, chứa đựng"
1000,26,"Chương 26: Tranh luận, Lý lẽ & Quan điểm (議論・主張と見解)",抱える (かかえる),"Ôm, mang, cầm trong tay"
1001,26,"Chương 26: Tranh luận, Lý lẽ & Quan điểm (議論・主張と見解)",担ぐ (かつぐ),"mang, vác, lừa bịp, mê tín"
1002,26,"Chương 26: Tranh luận, Lý lẽ & Quan điểm (議論・主張と見解)",剥がす (はがす),"bóc ra, lột vỏ"
1003,26,"Chương 26: Tranh luận, Lý lẽ & Quan điểm (議論・主張と見解)",描く (えがく),"vẽ, phác họa"
1004,26,"Chương 26: Tranh luận, Lý lẽ & Quan điểm (議論・主張と見解)",砕ける (くだける),"bị vỡ, trơn, hỏng"
1005,26,"Chương 26: Tranh luận, Lý lẽ & Quan điểm (議論・主張と見解)",砕く (くだく),"nghiên, đập nhỏ, giải quyết vấn đề"
1006,26,"Chương 26: Tranh luận, Lý lẽ & Quan điểm (議論・主張と見解)",ふさがる,"bị tắc, nghẽn, ngập tràn, bịt kin"
1007,26,"Chương 26: Tranh luận, Lý lẽ & Quan điểm (議論・主張と見解)",ふさぐ,"Bế tắc, trầm cảm, bịt"
1008,26,"Chương 26: Tranh luận, Lý lẽ & Quan điểm (議論・主張と見解)",避ける (さける),"Phòng, tránh, tránh né"
1009,27,"Chương 27: Rắc rối, Thất bại & Khắc phục (トラブル・失敗と克服)",よける,"tránh, để qua một bên, né"
1010,27,"Chương 27: Rắc rối, Thất bại & Khắc phục (トラブル・失敗と克服)",それる,"trượt, lệch, lạc đề"
1011,27,"Chương 27: Rắc rối, Thất bại & Khắc phục (トラブル・失敗と克服)",そらす,"trốn tránh, lảng tránh"
1012,27,"Chương 27: Rắc rối, Thất bại & Khắc phục (トラブル・失敗と克服)",見つめる (みつめる),"nhìn chằm chằm, chăm chú"
1013,27,"Chương 27: Rắc rối, Thất bại & Khắc phục (トラブル・失敗と克服)",眺める (ながめる),"nhìn, ngắm"
1014,27,"Chương 27: Rắc rối, Thất bại & Khắc phục (トラブル・失敗と克服)",見合わせる (みあわせる),"nhìn nhau, bị hoãn, hoãn lại"
1015,27,"Chương 27: Rắc rối, Thất bại & Khắc phục (トラブル・失敗と克服)",見送る (みおくる),"Đưa tiễn, hoàn, bỏ lỡ"
1016,27,"Chương 27: Rắc rối, Thất bại & Khắc phục (トラブル・失敗と克服)",訪れる (おとずれる),ghé thăm
1017,27,"Chương 27: Rắc rối, Thất bại & Khắc phục (トラブル・失敗と克服)",引き返す (ひきかえす),quay ngược lại
1018,27,"Chương 27: Rắc rối, Thất bại & Khắc phục (トラブル・失敗と克服)",去る (さる),"trước, đã qua"
1019,27,"Chương 27: Rắc rối, Thất bại & Khắc phục (トラブル・失敗と克服)",すする,"húp, hút, khịt mũi"
1020,27,"Chương 27: Rắc rối, Thất bại & Khắc phục (トラブル・失敗と克服)",味わう (あじわう),"thưởng thức, trải nghiệm, nhấm nháp, tận hưởng"
1021,27,"Chương 27: Rắc rối, Thất bại & Khắc phục (トラブル・失敗と克服)",匂う (におう),"có mùi, đáng nghi"
1022,27,"Chương 27: Rắc rối, Thất bại & Khắc phục (トラブル・失敗と克服)",飢える (うえる),"đói, thèm, khao khát"
1023,27,"Chương 27: Rắc rối, Thất bại & Khắc phục (トラブル・失敗と克服)",問う (とう),"đòi hỏi, yêu cầu"
1024,27,"Chương 27: Rắc rối, Thất bại & Khắc phục (トラブル・失敗と克服)",語る (かたる),"kể lại, thuật lại"
1025,27,"Chương 27: Rắc rối, Thất bại & Khắc phục (トラブル・失敗と克服)",誓う (ちかう),"thề, hứa"
1026,27,"Chương 27: Rắc rối, Thất bại & Khắc phục (トラブル・失敗と克服)",支える (ささえる),"hỗ trợ, giữ, duy trì, nâng đỡ"
1027,27,"Chương 27: Rắc rối, Thất bại & Khắc phục (トラブル・失敗と克服)",費やす (ついやす),"tiêu hao, hao phí"
1028,27,"Chương 27: Rắc rối, Thất bại & Khắc phục (トラブル・失敗と克服)",用いる (もちいる),"sử dụng, tiếp nhận, bổ nhiệm"
1029,27,"Chương 27: Rắc rối, Thất bại & Khắc phục (トラブル・失敗と克服)",改まる (あらたまる),"thay đổi, khách sáo, giữ ý"
1030,27,"Chương 27: Rắc rối, Thất bại & Khắc phục (トラブル・失敗と克服)",改める (あらためる),"cải tiến, thay đổi, kiểm tra xác nhận, cải thiện"
1031,27,"Chương 27: Rắc rối, Thất bại & Khắc phục (トラブル・失敗と克服)",収まる・納まる (おさまる),"thỏa lòng, vừa vặn, lắng xuống"
1032,27,"Chương 27: Rắc rối, Thất bại & Khắc phục (トラブル・失敗と克服)",収める (おさめる),"giải quyết, đạt được, cất giấu, thu được, nộp..."
1033,27,"Chương 27: Rắc rối, Thất bại & Khắc phục (トラブル・失敗と克服)",沿う・添う (そう),"dọc theo, men theo"
1034,27,"Chương 27: Rắc rối, Thất bại & Khắc phục (トラブル・失敗と克服)",添える (そえる),gắn với
1035,27,"Chương 27: Rắc rối, Thất bại & Khắc phục (トラブル・失敗と克服)",兼ねる (かねる),kết hợp
1036,27,"Chương 27: Rắc rối, Thất bại & Khắc phục (トラブル・失敗と克服)",適する (てきする),"hợp, xứng đáng"
1037,27,"Chương 27: Rắc rối, Thất bại & Khắc phục (トラブル・失敗と克服)",相当する (そうとうする),"tương ứng, tương đương"
1038,27,"Chương 27: Rắc rối, Thất bại & Khắc phục (トラブル・失敗と克服)",伴う (ともなう),"kéo theo, dìu dắt, phát sinh"
1039,27,"Chương 27: Rắc rối, Thất bại & Khắc phục (トラブル・失敗と克服)",響く (ひびく),"vang vọng, chấn động, dội lại, ảnh hưởng đến"
1040,27,"Chương 27: Rắc rối, Thất bại & Khắc phục (トラブル・失敗と克服)",次ぐ (つぐ),"tiếp theo, nối tiếp"
1041,27,"Chương 27: Rắc rối, Thất bại & Khắc phục (トラブル・失敗と克服)",略す (りゃくす),"lượt bớt, viết tắt, tóm gọn"
1042,27,"Chương 27: Rắc rối, Thất bại & Khắc phục (トラブル・失敗と克服)",迫る (せまる),"tiến sát, sức ép, đến với"
1043,27,"Chương 27: Rắc rối, Thất bại & Khắc phục (トラブル・失敗と克服)",狙う (ねらう),"nhắm đến, thả thính, rình rập, để ý đến"
1044,27,"Chương 27: Rắc rối, Thất bại & Khắc phục (トラブル・失敗と克服)",犯す (おかす),"phạm, phạm phải"
1045,27,"Chương 27: Rắc rối, Thất bại & Khắc phục (トラブル・失敗と克服)",侵す (おかす),"xâm phạm, bị bệnh nặng"
1046,27,"Chương 27: Rắc rối, Thất bại & Khắc phục (トラブル・失敗と克服)",冒す (おかす),"can đảm, đương đầu"
1047,28,"Chương 28: Khen ngợi, Động viên & Trách móc (称賛・励ましと批判)",脅す (おどす),"bắt nạt, đe dọa"
1048,28,"Chương 28: Khen ngợi, Động viên & Trách móc (称賛・励ましと批判)",脅かす (おびやかす),hù dọa
1049,28,"Chương 28: Khen ngợi, Động viên & Trách móc (称賛・励ましと批判)",逆らう (さからう),"ngược ý, ngược dòng"
1050,28,"Chương 28: Khen ngợi, Động viên & Trách móc (称賛・励ましと批判)",妨げる (さまたげる),"ngăn chặn, gây trở ngại, cản trở"
1051,28,"Chương 28: Khen ngợi, Động viên & Trách móc (称賛・励ましと批判)",打ち消す (うちけす),"phủ nhận, bác bỏ"
1052,28,"Chương 28: Khen ngợi, Động viên & Trách móc (称賛・励ましと批判)",応じる (おうじる),"chấp nhận, đáp ứng"
1053,28,"Chương 28: Khen ngợi, Động viên & Trách móc (称賛・励ましと批判)",承る (うけたまわる),"nhận, nghe (Khiêm nhường ngữ của 聞く)"
1054,28,"Chương 28: Khen ngợi, Động viên & Trách móc (称賛・励ましと批判)",頂戴する (ちょうだいする),Làm...cho tôi
1055,28,"Chương 28: Khen ngợi, Động viên & Trách móc (称賛・励ましと批判)",学ぶ (まなぶ),học hỏi
1056,28,"Chương 28: Khen ngợi, Động viên & Trách móc (称賛・励ましと批判)",練る (ねる),"nhào trộn, gọt giũa, trau chuốt"
1057,28,"Chương 28: Khen ngợi, Động viên & Trách móc (称賛・励ましと批判)",負う (おう),"mang, vác"
1058,28,"Chương 28: Khen ngợi, Động viên & Trách móc (称賛・励ましと批判)",果たす (はたす),hoàn thành
1059,28,"Chương 28: Khen ngợi, Động viên & Trách móc (称賛・励ましと批判)",引き受ける (ひきうける),"nhận, đảm nhiệm"
1060,28,"Chương 28: Khen ngợi, Động viên & Trách móc (称賛・励ましと批判)",増す (ます),tăng lên
1061,28,"Chương 28: Khen ngợi, Động viên & Trách móc (称賛・励ましと批判)",欠ける (かける),"bỏ lỡ, thiếu sót"
1062,28,"Chương 28: Khen ngợi, Động viên & Trách móc (称賛・励ましと批判)",欠かす (かかす),"thiếu, bỏ qua"
1063,28,"Chương 28: Khen ngợi, Động viên & Trách móc (称賛・励ましと批判)",澄む (すむ),"trong sạch, sáng, trong trẻo"
1064,28,"Chương 28: Khen ngợi, Động viên & Trách móc (称賛・励ましと批判)",濁る (にごる),"dính bùn, đục"
1065,28,"Chương 28: Khen ngợi, Động viên & Trách móc (称賛・励ましと批判)",濁す (にごす),"ngập ngừng, làm đục, mơ hổ"
1066,28,"Chương 28: Khen ngợi, Động viên & Trách móc (称賛・励ましと批判)",生じる (しょうじる),"phát sinh, nguyên nhân"
1067,28,"Chương 28: Khen ngợi, Động viên & Trách móc (称賛・励ましと批判)",及ぶ (およぶ),"đạt đến, lan ra, đuổi kịp"
1068,28,"Chương 28: Khen ngợi, Động viên & Trách móc (称賛・励ましと批判)",及ぼす (およぼす),"gây ra ( ảnh hưởng, hại )"
1069,28,"Chương 28: Khen ngợi, Động viên & Trách móc (称賛・励ましと批判)",至る (いたる),"dẫn đến, đi đến, đạt tới"
1070,28,"Chương 28: Khen ngợi, Động viên & Trách móc (称賛・励ましと批判)",達する (たっする),"đến, chạm tới"
1071,28,"Chương 28: Khen ngợi, Động viên & Trách móc (称賛・励ましと批判)",実る (みのる),"đạt kết quả, chín, ra quả"
1072,28,"Chương 28: Khen ngợi, Động viên & Trách móc (称賛・励ましと批判)",暮れる (くれる),"tối, hết, lặn ( mặt trời )"
1073,28,"Chương 28: Khen ngợi, Động viên & Trách móc (称賛・励ましと批判)",劣る (おとる),kém hơn
1074,28,"Chương 28: Khen ngợi, Động viên & Trách móc (称賛・励ましと批判)",異なる (ことなる),khác
1075,28,"Chương 28: Khen ngợi, Động viên & Trách móc (称賛・励ましと批判)",乱れる (みだれる),"hỗn hoạn, bị nhầm lẫn"
1076,28,"Chương 28: Khen ngợi, Động viên & Trách móc (称賛・励ましと批判)",乱す (みだす),"lộn xộn, làm đảo lộn, làm hỏng, chen ngang"
1077,28,"Chương 28: Khen ngợi, Động viên & Trách móc (称賛・励ましと批判)",緩む (ゆるす),"nới lỏng, được thư giãn, thả lỏng"
1078,28,"Chương 28: Khen ngợi, Động viên & Trách móc (称賛・励ましと批判)",緩める (ゆるめる),"lỏng, thư giãn, hạ xuống"
1079,28,"Chương 28: Khen ngợi, Động viên & Trách móc (称賛・励ましと批判)",さびる,"bị rỉ sét, héo mòn"
1080,28,"Chương 28: Khen ngợi, Động viên & Trách móc (称賛・励ましと批判)",接する (せっする),"gắn với, tiếp xúc, trực tiếp"
1081,28,"Chương 28: Khen ngợi, Động viên & Trách móc (称賛・励ましと批判)",属する (ぞくする),thuộc về
1082,28,"Chương 28: Khen ngợi, Động viên & Trách móc (称賛・励ましと批判)",占める (しめる),"chiếm, giữ (vị trí), đứng đầu"
1083,28,"Chương 28: Khen ngợi, Động viên & Trách móc (称賛・励ましと批判)",くたびれる,"bị mệt, sờn, hỏng( quần áo)"
1084,28,"Chương 28: Khen ngợi, Động viên & Trách móc (称賛・励ましと批判)",恵まれる (めぐまれる),"được ban cho, may mắn có được"
1085,29,"Chương 29: Mong ước, Hy vọng & Tương lai (希望・将来と夢)",湧く (わく),"trỗi dậy, trào ra, phát sinh"
1086,29,"Chương 29: Mong ước, Hy vọng & Tương lai (希望・将来と夢)",ほほえむ,cười
1087,29,"Chương 29: Mong ước, Hy vọng & Tương lai (希望・将来と夢)",ふざける,"quậy phá, đùa cợt"
1088,29,"Chương 29: Mong ước, Hy vọng & Tương lai (希望・将来と夢)",悔やむ (くやむ),"hối tiếc, ăn năn, buồn bã, ân hận"
1089,29,"Chương 29: Mong ước, Hy vọng & Tương lai (希望・将来と夢)",ためらう,"chần chừ, lưỡng lự"
1090,29,"Chương 29: Mong ước, Hy vọng & Tương lai (希望・将来と夢)",敬う (うやまう),"tôn trọng, kính trọng"
1091,29,"Chương 29: Mong ước, Hy vọng & Tương lai (希望・将来と夢)",さっぱり,"sảng khoái, thẳng tính"
1092,29,"Chương 29: Mong ước, Hy vọng & Tương lai (希望・将来と夢)",すっきり,"gọn gàng, trong sáng, dễ chịu"
1093,29,"Chương 29: Mong ước, Hy vọng & Tương lai (希望・将来と夢)",実に (じつに),"thực sự là, thực tế, thực ra"
1094,29,"Chương 29: Mong ước, Hy vọng & Tương lai (希望・将来と夢)",思い切り (おもいきり),"thỏa thích, hết cỡ"
1095,29,"Chương 29: Mong ước, Hy vọng & Tương lai (希望・将来と夢)",何となく (なんとなく),"Không hiểu sao, đôi chút, phần nào"
1096,29,"Chương 29: Mong ước, Hy vọng & Tương lai (希望・将来と夢)",何だか (なんだか),"sao mà, không hiểu sao, có cái gì đó"
1097,29,"Chương 29: Mong ước, Hy vọng & Tương lai (希望・将来と夢)",どうにか,"bằng mọi giá, dù thế nào"
1098,29,"Chương 29: Mong ước, Hy vọng & Tương lai (希望・将来と夢)",どうにも,chẳng thể làm gì
1099,29,"Chương 29: Mong ước, Hy vọng & Tương lai (希望・将来と夢)",何とか (なんとか),"điều gì đó, thứ gì đó"
1100,29,"Chương 29: Mong ước, Hy vọng & Tương lai (希望・将来と夢)",何とも (なんとも),"Không... 1 chút nào, có trường hợp"
1101,29,"Chương 29: Mong ước, Hy vọng & Tương lai (希望・将来と夢)",わざと,"cố ý, cố tình"
1102,29,"Chương 29: Mong ước, Hy vọng & Tương lai (希望・将来と夢)",わざわざ,Mất công... ( nhưng không được gì )
1103,29,"Chương 29: Mong ước, Hy vọng & Tương lai (希望・将来と夢)",せっかく,"Mất công... ( nhưng có kết quả ), hiếm lắm mới, nỗ lực phấn đấu"
1104,29,"Chương 29: Mong ước, Hy vọng & Tương lai (希望・将来と夢)",あいにく,"đáng tiếc, không may"
1105,29,"Chương 29: Mong ước, Hy vọng & Tương lai (希望・将来と夢)",案の定 (あんのじょう),như mong đợi
1106,29,"Chương 29: Mong ước, Hy vọng & Tương lai (希望・将来と夢)",いよいよ,"cuối cùng, đã đến lúc, càng ngày càng"
1107,29,"Chương 29: Mong ước, Hy vọng & Tương lai (希望・将来と夢)",さすが,"quả là, như dự đoán, thật đúng là"
1108,29,"Chương 29: Mong ước, Hy vọng & Tương lai (希望・将来と夢)",とにかく,"dù sao thì, nói chung là"
1109,29,"Chương 29: Mong ước, Hy vọng & Tương lai (希望・将来と夢)",ともかく,"dù sao, đặt (cái gì) sang một bên"
1110,29,"Chương 29: Mong ước, Hy vọng & Tương lai (希望・将来と夢)",せめて,ít nhất là
1111,29,"Chương 29: Mong ước, Hy vọng & Tương lai (希望・将来と夢)",せいぜい,"Tối đa, không hơn được nữa, căng lắm là"
1112,29,"Chương 29: Mong ước, Hy vọng & Tương lai (希望・将来と夢)",どうせ,"dù cho, đằng nào thì"
1113,29,"Chương 29: Mong ước, Hy vọng & Tương lai (希望・将来と夢)",ぎっしり,"lèn chặt, chặt kín, sin sit"
1114,29,"Chương 29: Mong ước, Hy vọng & Tương lai (希望・将来と夢)",ずらりと,hàng loạt
1115,29,"Chương 29: Mong ước, Hy vọng & Tương lai (希望・将来と夢)",あっさり,"Thanh đạm, dễ dàng, nhanh chóng"
1116,29,"Chương 29: Mong ước, Hy vọng & Tương lai (希望・将来と夢)",しんと・しいんと,"yên lặng, lặng lẽ"
1117,29,"Chương 29: Mong ước, Hy vọng & Tương lai (希望・将来と夢)",ちゃんと,"nghiêm túc, cẩn thận, chắc chắn, nhanh chóng"
1118,29,"Chương 29: Mong ước, Hy vọng & Tương lai (希望・将来と夢)",続々 (ぞくぞく),"liên tục, nối đuôi nhau"
1119,29,"Chương 29: Mong ước, Hy vọng & Tương lai (希望・将来と夢)",どっと,"bất thình lình, bất chợt"
1120,29,"Chương 29: Mong ước, Hy vọng & Tương lai (希望・将来と夢)",ばったり,"đột nhiên, bất ngờ, tình cờ"
1121,29,"Chương 29: Mong ước, Hy vọng & Tương lai (希望・将来と夢)",さっさと,"nhanh chóng, gấp rút"
1122,29,"Chương 29: Mong ước, Hy vọng & Tương lai (希望・将来と夢)",さっと,"thoắt 1 cái, trong tích tắc"
1123,30,"Chương 30: Trưởng thành, Thành công & Đúc kết (成長・成功と総括)",すっと,"Nhanh như chớp, thoải mái, nhẹ nhàng"
1124,30,"Chương 30: Trưởng thành, Thành công & Đúc kết (成長・成功と総括)",せっせと,"siêng năng, cần cù"
1125,30,"Chương 30: Trưởng thành, Thành công & Đúc kết (成長・成功と総括)",ざっと,"Qua loa, đại khái, lướt qua"
1126,30,"Chương 30: Trưởng thành, Thành công & Đúc kết (成長・成功と総括)",こっそり,"Vụng trộm, lén lút, nhẹ nhàng, rón rén"
1127,30,"Chương 30: Trưởng thành, Thành công & Đúc kết (成長・成功と総括)",生き生き (いきいき),"sinh động, phấn khích, hoạt bát, tràn trề"
1128,30,"Chương 30: Trưởng thành, Thành công & Đúc kết (成長・成功と総括)",ぼんやり,"mờ ảo, không rõ, mông lung"
1129,30,"Chương 30: Trưởng thành, Thành công & Đúc kết (成長・成功と総括)",ふと,"đột nhiên, bất chợt"
1130,30,"Chương 30: Trưởng thành, Thành công & Đúc kết (成長・成功と総括)",じかに,trực tiếp
1131,30,"Chương 30: Trưởng thành, Thành công & Đúc kết (成長・成功と総括)",一度に (いちどに),"1 lúc, 1 lần"
1132,30,"Chương 30: Trưởng thành, Thành công & Đúc kết (成長・成功と総括)",一斉に (いっせいに),"cùng lúc, đồng loạt, đồng thanh"
1133,30,"Chương 30: Trưởng thành, Thành công & Đúc kết (成長・成功と総括)",共に (ともに),cùng với
1134,30,"Chương 30: Trưởng thành, Thành công & Đúc kết (成長・成功と総括)",相互に (そうごに),"lẫn nhau, cùng nhau"
1135,30,"Chương 30: Trưởng thành, Thành công & Đúc kết (成長・成功と総括)",一人一人 (ひとりひとり),"từng người một, lần lượt, mỗi người"
1136,30,"Chương 30: Trưởng thành, Thành công & Đúc kết (成長・成功と総括)",いちいち,"chi li, xét nét, hở 1 chút là..."
1137,30,"Chương 30: Trưởng thành, Thành công & Đúc kết (成長・成功と総括)",所々 (ところどころ),"đây đó, đôi chỗ"
1138,30,"Chương 30: Trưởng thành, Thành công & Đúc kết (成長・成功と総括)",どうか,làm ơn
1139,30,"Chương 30: Trưởng thành, Thành công & Đúc kết (成長・成功と総括)",できれば・できたら,nếu có thể
1140,30,"Chương 30: Trưởng thành, Thành công & Đúc kết (成長・成功と総括)",たいして,"Không...nhiều; không... lắm, so với"
1141,30,"Chương 30: Trưởng thành, Thành công & Đúc kết (成長・成功と総括)",恐らく (おそらく),"có lẽ, e rằng, sợ là"
1142,30,"Chương 30: Trưởng thành, Thành công & Đúc kết (成長・成功と総括)",むしろ,"hơn, tốt"
1143,30,"Chương 30: Trưởng thành, Thành công & Đúc kết (成長・成功と総括)",果たして (はたして),"như dự đoán, thật sự là"
1144,30,"Chương 30: Trưởng thành, Thành công & Đúc kết (成長・成功と総括)",かえって,"ngược lại, ai ngờ là"
1145,30,"Chương 30: Trưởng thành, Thành công & Đúc kết (成長・成功と総括)",必ずしも (かならずしも),"không hẳn, chưa chắc"
1146,30,"Chương 30: Trưởng thành, Thành công & Đúc kết (成長・成功と総括)",単に (たんに),"chỉ, đơn giản"
1147,30,"Chương 30: Trưởng thành, Thành công & Đúc kết (成長・成功と総括)",いまだに,"vẫn chưa, vẫn còn"
1148,30,"Chương 30: Trưởng thành, Thành công & Đúc kết (成長・成功と総括)",ついでに,"nhân tiện, tiện thể"
1149,30,"Chương 30: Trưởng thành, Thành công & Đúc kết (成長・成功と総括)",とりあえず,"tạm thời, trước mắt"
1150,30,"Chương 30: Trưởng thành, Thành công & Đúc kết (成長・成功と総括)",万一(が) (まんいち(が)),"nếu lỡ, bất trắc"
1151,30,"Chương 30: Trưởng thành, Thành công & Đúc kết (成長・成功と総括)",偶然 (ぐうぜん),"ngẫu nhiên, bất ngờ"
1152,30,"Chương 30: Trưởng thành, Thành công & Đúc kết (成長・成功と総括)",たまたま,"tình cờ, ngẫu nhiên"
1153,30,"Chương 30: Trưởng thành, Thành công & Đúc kết (成長・成功と総括)",実際 (じっさい),"thực tế là, sự thực"
1154,30,"Chương 30: Trưởng thành, Thành công & Đúc kết (成長・成功と総括)",同様 (どうよう),"giống như, tương tự"
1155,30,"Chương 30: Trưởng thành, Thành công & Đúc kết (成長・成功と総括)",元々 (もともと),"ban đầu, vốn dĩ"
1156,30,"Chương 30: Trưởng thành, Thành công & Đúc kết (成長・成功と総括)",本来 (ほんらい),"từ trước tới giờ, nguyên bản, bản chất"
1157,30,"Chương 30: Trưởng thành, Thành công & Đúc kết (成長・成功と総括)",ある,"có, một số"
1158,30,"Chương 30: Trưởng thành, Thành công & Đúc kết (成長・成功と総括)",あらゆる,"tất cả, mọi"
1159,30,"Chương 30: Trưởng thành, Thành công & Đúc kết (成長・成功と総括)",たいした,"to tát, tuy không phải ~ nhưng"
1160,30,"Chương 30: Trưởng thành, Thành công & Đúc kết (成長・成功と総括)",いわゆる,"nói nôm na là, tức là, nghĩa là, nói cách khác..."
